datetime_local,uptime_ms,temperature_c,humidity_pct,illuminance_lx,mq135_adc
2026-08-06 8:48,1440000,22.9,78.3,869.17,187
2026-08-06 8:50,1560000,22.5,78.6,39.17,137
2026-08-06 8:52,1680000,22.3,79.5,40,135
2026-08-06 8:54,1800000,22.1,80.4,41.67,137
2026-08-06 8:56,1920000,21.9,80.8,47.5,123
2026-08-06 8:58,2040000,21.8,81,51.67,150
2026-08-06 9:00,2160000,21.7,81.6,51.67,145
2026-08-06 9:02,2280000,21.7,81.8,55.83,126
2026-08-06 9:04,2400000,21.6,82,59.17,113
2026-08-06 9:06,2520000,21.6,82.2,63.33,129
2026-08-06 9:08,2640000,21.5,82.3,68.33,151
2026-08-06 9:10,2760000,21.6,82.3,71.67,148
2026-08-06 9:12,2880000,21.6,82.6,80.83,121
2026-08-06 9:14,3000000,21.6,82.3,101.67,128
2026-08-06 9:16,3120000,21.7,82.9,222.5,153
2026-08-06 9:18,3240000,21.7,83.2,191.67,78
2026-08-06 9:21,3360000,21.8,83.6,214.17,135
2026-08-06 9:23,3480000,22,83.1,187.5,120
2026-08-06 9:25,3600000,22.2,82.8,148.33,120
2026-08-06 9:27,3720000,22.2,82.1,143.33,152
2026-08-06 9:29,3840000,22.3,81.5,155.83,132
2026-08-06 9:31,3960000,22.3,81.4,250.83,144
2026-08-06 9:33,4080000,22.4,81.5,270.83,143
2026-08-06 9:35,4200000,22.5,81.9,260.83,137
2026-08-06 9:37,4320000,22.8,81.2,179.17,149
2026-08-06 9:39,4440000,22.8,80.8,116.67,116
2026-08-06 9:41,4560000,22.9,80.6,116.67,152
2026-08-06 9:43,4680000,22.9,80.7,137.5,131
2026-08-06 9:45,4800000,22.9,80.8,137.5,140
2026-08-06 9:47,4920000,22.9,80.8,196.67,124
2026-08-06 9:49,5040000,23,80.7,225,103
2026-08-06 9:51,5160000,23.1,80.8,275,133
2026-08-06 9:53,5280000,23.2,80.8,278.33,124
2026-08-06 9:55,5400000,23.3,80.8,295.83,113
2026-08-06 9:57,5520000,23.4,80.3,317.5,217
2026-08-06 9:59,5640000,23.5,79.9,161.67,98
2026-08-06 10:01,5760000,23.7,80,283.33,126
2026-08-06 10:03,5880000,23.8,79.3,196.67,135
2026-08-06 10:05,6000000,23.9,78.5,217.5,121
2026-08-06 10:07,6120000,23.9,78.2,245.83,129
2026-08-06 10:09,6240000,24,78.2,272.5,143
2026-08-06 10:11,6360000,24,78.3,147.5,147
2026-08-06 10:13,6480000,24.1,77.5,270,206
2026-08-06 10:15,6600000,24.1,77.8,183.33,134
2026-08-06 10:17,6720000,24.1,77.4,305,133
2026-08-06 10:19,6840000,24.3,77.7,289.17,140
2026-08-06 10:21,6960000,24.4,77.7,295,136
2026-08-06 10:23,7080000,24.5,77.3,301.67,178
2026-08-06 10:25,7200000,24.6,76.5,288.33,136
2026-08-06 10:27,7320000,24.6,76.1,133.33,142
2026-08-06 10:29,7440000,24.7,76.2,292.5,192
2026-08-06 10:31,7560000,24.8,75.7,280,130
2026-08-06 10:33,7680000,24.9,74.4,286.67,134
2026-08-06 10:35,7800000,24.9,74.7,257.5,139
2026-08-06 10:37,7920000,25,74.8,296.67,134
2026-08-06 10:39,8040000,25,75,301.67,139
2026-08-06 10:41,8160000,25.1,75.2,308.33,143
2026-08-06 10:43,8280000,25.2,73.9,309.17,135
2026-08-06 10:45,8400000,25.2,73.8,310,140
2026-08-06 10:47,8520000,25.4,73.9,316.67,125
2026-08-06 10:49,8640000,25.5,74.1,316.67,158
2026-08-06 10:51,8760000,25.6,74.3,340,181
2026-08-06 10:53,8880000,25.6,73.4,298.33,132
2026-08-06 10:55,9000000,25.7,73.4,145.83,126
2026-08-06 10:57,9120000,25.7,71.7,134.17,132
2026-08-06 10:59,9240000,25.7,70.5,132.5,121
2026-08-06 11:01,9360000,25.6,71.9,130,129
2026-08-06 11:03,9480000,25.5,72.1,143.33,128
2026-08-06 11:05,9600000,25.5,72.5,154.17,171
2026-08-06 11:07,9720000,25.5,73.2,135,132
2026-08-06 11:09,9840000,25.5,73.2,223.33,151
2026-08-06 11:11,9960000,25.6,72.6,149.17,159
2026-08-06 11:13,10080000,25.6,72.3,172.5,149
2026-08-06 11:15,10200000,25.6,71.3,330,131
2026-08-06 11:17,10320000,25.6,71.5,161.67,125
2026-08-06 11:19,10440000,25.6,72,195.83,116
2026-08-06 11:21,10560000,25.7,71.4,203.33,148
2026-08-06 11:23,10680000,25.8,71.4,170.83,179
2026-08-06 11:25,10800000,25.8,69.7,161.67,134
2026-08-06 11:27,10920000,25.9,70.2,379.17,137
2026-08-06 11:29,11040000,25.9,70.3,241.67,143
2026-08-06 11:31,11160000,26,70.2,376.67,167
2026-08-06 11:33,11280000,26.1,69.9,262.5,137
2026-08-06 11:35,11400000,26.3,70.6,390.83,141
2026-08-06 11:37,11520000,26.5,70,383.33,144
2026-08-06 11:39,11640000,26.6,69.2,373.33,115
2026-08-06 11:41,11760000,26.7,69.4,195,152
2026-08-06 11:43,11880000,27,68.9,399.17,132
2026-08-06 11:45,12000000,26.9,67.6,180,111
2026-08-06 11:47,12120000,26.9,68.1,180,122
2026-08-06 11:49,12240000,26.9,68.1,157.5,106
2026-08-06 11:51,12360000,26.9,67.3,359.17,141
2026-08-06 11:53,12480000,26.8,68.6,231.67,136
2026-08-06 11:55,12600000,26.8,68.1,160,158
2026-08-06 11:57,12720000,26.9,67.8,211.67,126
2026-08-06 11:59,12840000,26.9,68.1,230,135
2026-08-06 12:01,12960000,27,67.8,377.5,143
2026-08-06 12:03,13080000,27.1,67.4,376.67,142
2026-08-06 12:05,13200000,27.1,67.4,117.5,177
2026-08-06 12:07,13320000,27.2,66.1,129.17,140
2026-08-06 12:09,13440000,27.2,66.1,119.17,150
2026-08-06 12:11,13560000,27,66,125.83,125
2026-08-06 12:13,13680000,26.9,67.4,116.67,115
2026-08-06 12:15,13800000,26.9,68,115,131
2026-08-06 12:17,13920000,26.7,68,117.5,120
2026-08-06 12:19,14040000,26.7,67.7,134.17,116
2026-08-06 12:21,14160000,26.6,68.8,149.17,133
2026-08-06 12:23,14280000,26.6,67.5,400.83,154
2026-08-06 12:25,14400000,26.6,68.3,415.83,128
2026-08-06 12:27,14520000,26.7,68.1,412.5,128
2026-08-06 12:29,14640000,26.9,66.6,402.5,135
2026-08-06 12:31,14760000,27.2,66.5,412.5,136
2026-08-06 12:33,14880000,27.2,64.3,306.67,136
2026-08-06 12:35,15000000,27.3,65.1,147.5,139
2026-08-06 12:37,15120000,27.3,65,200,123
2026-08-06 12:39,15240000,27.3,65.1,169.17,149
2026-08-06 12:41,15360000,27.4,65.4,395.83,134
2026-08-06 12:43,15480000,27.4,65.2,395,186
2026-08-06 12:45,15600000,27.3,65.4,149.17,146
2026-08-06 12:47,15720000,27.3,64.9,150,136
2026-08-06 12:49,15840000,27.3,65.9,137.5,149
2026-08-06 12:51,15960000,27.3,66.1,280.83,148
2026-08-06 12:53,16080000,27.3,66.1,404.17,142
2026-08-06 12:55,16200000,27.3,66.6,383.33,120
2026-08-06 12:57,16320000,27.4,67.3,382.5,140
2026-08-06 12:59,16440000,27.5,65.6,381.67,139
2026-08-06 13:01,16560000,27.7,65.6,175.83,162
2026-08-06 13:03,16680000,27.8,63.9,158.33,132
2026-08-06 13:05,16800000,27.7,63.1,145.83,127
2026-08-06 13:07,16920000,27.6,63,367.5,162
2026-08-06 13:09,17040000,27.6,63.5,365.83,128
2026-08-06 13:11,17160000,27.7,64,109.17,132
2026-08-06 13:13,17280000,27.8,63.3,81.67,142
2026-08-06 13:15,17400000,27.6,61.3,76.67,181
2026-08-06 13:17,17520000,27.5,61.1,84.17,140
2026-08-06 13:19,17640000,27.4,61.5,74.17,181
2026-08-06 13:21,17760000,27.2,61.6,70,125
2026-08-06 13:23,17880000,27,61.8,103.33,148
2026-08-06 13:25,18000000,26.7,63.2,108.33,138
2026-08-06 13:27,18120000,26.6,63.7,142.5,153
2026-08-06 13:29,18240000,26.5,64.4,110,136
2026-08-06 13:31,18360000,26.4,64.6,106.67,117
2026-08-06 13:33,18480000,26.4,64.5,90.83,129
2026-08-06 13:35,18600000,26.4,65,67.5,158
2026-08-06 13:37,18720000,26.3,65,60.83,159
2026-08-06 13:39,18840000,26.3,64.6,91.67,143
2026-08-06 13:41,18960000,26.2,65.6,120.83,154
2026-08-06 13:43,19080000,26.2,65.9,82.5,166
2026-08-06 13:45,19200000,26.2,66,85,141
2026-08-06 13:47,19320000,26.1,65.8,95.83,152
2026-08-06 13:49,19440000,26,66.7,86.67,128
2026-08-06 13:51,19560000,26,65.6,70.83,199
2026-08-06 13:53,19680000,25.9,65.8,77.5,134
2026-08-06 13:55,19800000,25.8,66.6,95,136
2026-08-06 13:57,19920000,25.8,67,85,148
2026-08-06 13:59,20040000,25.6,67.2,90,153
2026-08-06 14:01,20160000,25.6,67.6,68.33,133
2026-08-06 14:03,20280000,25.4,67.8,60.83,123
2026-08-06 14:05,20400000,25.4,67.8,58.33,186
2026-08-06 14:07,20520000,25.3,68.2,54.17,130
2026-08-06 14:09,20640000,25.2,69.1,49.17,137
2026-08-06 14:11,20760000,25.2,68.6,45,151
2026-08-06 14:13,20880000,25,69.4,36.67,126
2026-08-06 14:15,21000000,25,69.6,31.67,129
2026-08-06 14:17,21120000,24.9,69.5,28.33,124
2026-08-06 14:19,21240000,24.8,69.5,28.33,129
2026-08-06 14:21,21360000,24.7,70.6,28.33,127
2026-08-06 14:23,21480000,24.5,71.6,29.17,128
2026-08-06 14:25,21600000,24.3,72.7,30,139
2026-08-06 14:27,21720000,24.1,73.5,30,114
2026-08-06 14:29,21840000,24,74.6,30.83,146
2026-08-06 14:31,21960000,23.8,75,30,122
2026-08-06 14:33,22080000,23.6,75.3,31.67,129
2026-08-06 14:35,22200000,23.5,75.7,30,158
2026-08-06 14:37,22320000,23.4,76.1,29.17,135
2026-08-06 14:39,22440000,23.2,76.3,28.33,141
2026-08-06 14:41,22560000,23.3,77,28.33,112
2026-08-06 14:43,22680000,23.2,77.1,29.17,131
2026-08-06 14:45,22800000,23.1,77.4,30,156
2026-08-06 14:47,22920000,23,77.7,29.17,142
2026-08-06 14:49,23040000,22.8,78.1,27.5,121
2026-08-06 14:51,23160000,22.6,78.4,28.33,126
2026-08-06 14:53,23280000,22.5,78.9,27.5,155
2026-08-06 14:55,23400000,22.4,79.2,27.5,124
2026-08-06 14:57,23520000,22.3,79.6,27.5,118
2026-08-06 14:59,23640000,22.4,79.5,29.17,135
2026-08-06 15:01,23760000,22.2,79.7,30.83,154
2026-08-06 15:03,23880000,22.3,79.5,34.17,114
2026-08-06 15:05,24000000,22.2,79.6,32.5,109
2026-08-06 15:07,24120000,22.2,79.8,34.17,131
2026-08-06 15:09,24240000,22.1,79.5,35,125
2026-08-06 15:11,24360000,22,79.7,37.5,163
2026-08-06 15:13,24480000,21.9,79.9,38.33,147
2026-08-06 15:15,24600000,21.8,79.7,41.67,126
2026-08-06 15:17,24720000,21.7,79.7,42.5,132
2026-08-06 15:19,24840000,21.8,80.1,41.67,112
2026-08-06 15:21,24960000,21.6,80,43.33,139
2026-08-06 15:23,25080000,21.6,80.2,44.17,141
2026-08-06 15:25,25200000,21.5,80.5,40.83,180
2026-08-06 15:27,25320000,21.5,80.5,43.33,130
2026-08-06 15:29,25440000,21.5,80.6,45.83,133
2026-08-06 15:31,25560000,21.5,80.8,45,129
2026-08-06 15:33,25680000,21.5,80.7,47.5,127
2026-08-06 15:35,25800000,21.5,80.8,45,164
2026-08-06 15:37,25920000,21.4,80.9,50,103
2026-08-06 15:39,26040000,21.4,80.7,50.83,126
2026-08-06 15:41,26160000,21.5,80.4,44.17,158
2026-08-06 15:43,26280000,21.4,80.5,42.5,116
2026-08-06 15:45,26400000,21.4,80.3,43.33,143
2026-08-06 15:47,26520000,21.3,80.5,49.17,146
2026-08-06 15:49,26640000,21.3,80.8,48.33,112
2026-08-06 15:51,26760000,21.2,80.9,20.83,137
2026-08-06 15:53,26880000,21.2,80.6,13.33,123
2026-08-06 15:55,27000000,21.1,80.7,11.67,180
2026-08-06 15:57,27120000,21,80.2,14.17,199
2026-08-06 15:59,27240000,21,80.4,16.67,121
2026-08-06 16:01,27360000,20.9,80.6,20.83,141
2026-08-06 16:03,27480000,20.8,80.7,20,156
2026-08-06 16:05,27600000,20.8,80.9,30,142
2026-08-06 16:07,27720000,20.7,81,31.67,142
2026-08-06 16:09,27840000,20.7,81,30,115
2026-08-06 16:11,27960000,20.8,81.5,36.67,108
2026-08-06 16:13,28080000,20.8,81.6,34.17,142
2026-08-06 16:15,28200000,20.8,81.3,24.17,149
2026-08-06 16:17,28320000,20.8,81.5,22.5,123
2026-08-06 16:19,28440000,20.8,81.4,20.83,123
2026-08-06 16:21,28560000,21,81.4,26.67,111
2026-08-06 16:23,28680000,20.9,81.6,29.17,146
2026-08-06 16:25,28800000,21,81.7,20.83,157
2026-08-06 16:27,28920000,21,81.6,14.17,127
2026-08-06 16:29,29040000,20.9,81.6,14.17,131
2026-08-06 16:31,29160000,21,81.6,14.17,154
2026-08-06 16:33,29280000,21,81.7,14.17,120
2026-08-06 16:35,29400000,21,81.4,18.33,165
2026-08-06 16:37,29520000,21,81.4,25,136
2026-08-06 16:39,29640000,21,81.2,30,156
2026-08-06 16:41,29760000,21,81.1,25.83,123
2026-08-06 16:43,29880000,21,81.2,19.17,111
2026-08-06 16:45,30000000,21,81.1,15.83,146
2026-08-06 16:47,30120000,21,81.4,14.17,172
2026-08-06 16:49,30240000,20.8,81.6,12.5,132
2026-08-06 16:51,30360000,20.8,81.5,10,119
2026-08-06 16:53,30480000,20.9,81.3,16.67,99
2026-08-06 16:55,30600000,20.7,81.5,19.17,126
2026-08-06 16:57,30720000,20.8,81.6,17.5,112
2026-08-06 16:59,30840000,20.7,81.5,19.17,121
2026-08-06 17:01,30960000,20.8,81.6,45.83,145
2026-08-06 17:03,31080000,20.7,81.3,45.83,127
2026-08-06 17:05,31200000,20.7,81.2,40.83,126
2026-08-06 17:07,31320000,20.7,81.1,40,120
2026-08-06 17:09,31440000,20.7,81.4,43.33,123
2026-08-06 17:11,31560000,20.7,81.3,40.83,148
2026-08-06 17:13,31680000,20.7,81.4,18.33,139
2026-08-06 17:15,31800000,20.7,81.3,16.67,83
2026-08-06 17:17,31920000,20.7,81.1,14.17,111
2026-08-06 17:19,32040000,20.7,81.3,15,179
2026-08-06 17:21,32160000,20.6,81.2,14.17,125
2026-08-06 17:23,32280000,20.6,81.3,13.33,212
2026-08-06 17:25,32400000,20.6,81.4,10.83,124
2026-08-06 17:27,32520000,20.6,81.3,10,113
2026-08-06 17:29,32640000,20.6,81.1,10,126
2026-08-06 17:31,32760000,20.6,81.1,8.33,139
2026-08-06 17:33,32880000,20.6,81.3,7.5,155
2026-08-06 17:35,33000000,20.6,81.1,5.83,122
2026-08-06 17:37,33120000,20.6,81.3,5.83,129
2026-08-06 17:39,33240000,20.6,81.5,5.83,115
2026-08-06 17:41,33360000,20.6,81.4,5,117
2026-08-06 17:43,33480000,20.6,81.3,4.17,92
2026-08-06 17:45,33600000,20.5,81.3,4.17,120
2026-08-06 17:47,33720000,20.4,81.1,4.17,117
2026-08-06 17:49,33840000,20.5,81.1,3.33,127
2026-08-06 17:51,33960000,20.4,81,3.33,144
2026-08-06 17:53,34080000,20.4,81.1,2.5,105
2026-08-06 17:55,34200000,20.4,81.2,1.67,147
2026-08-06 17:57,34320000,20.4,81.4,1.67,121
2026-08-06 17:59,34440000,20.5,81.3,1.67,124
2026-08-06 18:01,34560000,20.3,81.5,0.83,126
2026-08-06 18:03,34680000,20.4,81.4,0.83,128
2026-08-06 18:05,34800000,20.4,81.6,0.83,117
2026-08-06 18:07,34920000,20.3,81.4,0,175
2026-08-06 18:09,35040000,20.4,81.6,0,112
2026-08-06 18:11,35160000,20.3,81.5,0,151
2026-08-06 18:13,35280000,20.3,81.7,0,120
2026-08-06 18:15,35400000,20.2,81.9,0,124
2026-08-06 18:17,35520000,20.3,81.9,0,131
2026-08-06 18:19,35640000,20.1,81.8,0,176
2026-08-06 18:21,35760000,20.2,81.9,0,102
2026-08-06 18:23,35880000,20.2,81.9,0,123
2026-08-06 18:25,36000000,20.2,81.9,0,121
2026-08-06 18:27,36120000,20.2,81.9,0,130
2026-08-06 18:29,36240000,20.2,81.8,0,152
2026-08-06 18:31,36360000,20.1,81.8,51.67,132
2026-08-06 18:33,36480000,20.2,81.9,50.83,135
2026-08-06 18:35,36600000,20.3,81.8,50,114
2026-08-06 18:37,36720000,20.3,81.8,50,130
2026-08-06 18:39,36840000,20.3,81.7,49.17,93
2026-08-06 18:41,36960000,20.3,81.8,49.17,135
2026-08-06 18:43,37080000,20.3,81.7,49.17,193
2026-08-06 18:45,37200000,20.4,81.4,48.33,136
2026-08-06 18:47,37320000,20.3,81.6,49.17,124
2026-08-06 18:49,37440000,20.3,81.7,48.33,114
2026-08-06 18:51,37560000,20.2,81.5,48.33,120
2026-08-06 18:53,37680000,20.2,81.7,48.33,122
2026-08-06 18:55,37800000,20.1,81.8,48.33,210
2026-08-06 18:57,37920000,20.1,81.7,48.33,112
2026-08-06 18:59,38040000,20.3,81.7,48.33,124
2026-08-06 19:01,38160000,20.2,81.7,48.33,113
2026-08-06 19:03,38280000,20.2,81.7,48.33,145
2026-08-06 19:05,38400000,20.2,81.7,48.33,176
2026-08-06 19:07,38520000,20.2,81.7,48.33,135
2026-08-06 19:09,38640000,20.2,81.7,48.33,139
2026-08-06 19:11,38760000,20.2,81.6,47.5,131
2026-08-06 19:13,38880000,20.2,81.7,47.5,134
2026-08-06 19:15,39000000,20.3,81.5,47.5,138
2026-08-06 19:17,39120000,20.3,81.5,48.33,119
2026-08-06 19:19,39240000,20.2,81.5,47.5,116
2026-08-06 19:21,39360000,20.1,81.6,48.33,131
2026-08-06 19:23,39480000,20.3,81.6,47.5,125
2026-08-06 19:25,39600000,20.2,81.6,47.5,139
2026-08-06 19:27,39720000,20.1,81.6,48.33,126
2026-08-06 19:29,39840000,20.2,81.8,47.5,145
2026-08-06 19:31,39960000,20.1,81.9,48.33,108
2026-08-06 19:33,40080000,20.3,81.9,47.5,144
2026-08-06 19:35,40200000,20.1,81.8,47.5,109
2026-08-06 19:37,40320000,20.1,82,48.33,150
2026-08-06 19:39,40440000,20.1,82,47.5,109
2026-08-06 19:41,40560000,20.1,82.1,48.33,177
2026-08-06 19:43,40680000,20.1,82,47.5,120
2026-08-06 19:45,40800000,20.1,82.2,47.5,101
2026-08-06 19:47,40920000,20.1,82.4,48.33,126
2026-08-06 19:49,41040000,20.1,82.6,47.5,140
2026-08-06 19:51,41160000,20.1,82.7,48.33,143
2026-08-06 19:53,41280000,20.1,82.8,47.5,117
2026-08-06 19:55,41400000,20,83.3,48.33,145
2026-08-06 19:57,41520000,20,83.1,47.5,115
2026-08-06 19:59,41640000,20,83.1,47.5,108
2026-08-06 20:01,41760000,20,83.4,48.33,138
2026-08-06 20:03,41880000,20,83.2,47.5,141
2026-08-06 20:05,42000000,20,82.7,47.5,135
2026-08-06 20:07,42120000,19.9,82.9,47.5,132
2026-08-06 20:09,42240000,19.9,83,47.5,120
2026-08-06 20:11,42360000,19.9,83.1,47.5,128
2026-08-06 20:13,42480000,19.8,83.1,47.5,135
2026-08-06 20:15,42600000,19.8,83.4,47.5,136
2026-08-06 20:17,42720000,19.7,83.2,47.5,132
2026-08-06 20:19,42840000,19.7,83.2,48.33,127
2026-08-06 20:21,42960000,19.7,82.8,47.5,116
2026-08-06 20:23,43080000,19.7,83.1,47.5,114
2026-08-06 20:25,43200000,19.7,83.1,47.5,120
2026-08-06 20:27,43320000,19.6,83.1,47.5,129
2026-08-06 20:29,43440000,19.6,83.2,47.5,114
2026-08-06 20:31,43560000,19.7,83.5,47.5,107
2026-08-06 20:33,43680000,19.7,83.1,47.5,121
2026-08-06 20:35,43800000,19.7,83.4,47.5,142
2026-08-06 20:37,43920000,19.7,83.7,47.5,146
2026-08-06 20:39,44040000,19.7,83.4,47.5,139
2026-08-06 20:41,44160000,19.7,83.2,47.5,132
2026-08-06 20:43,44280000,19.8,82.6,47.5,122
2026-08-06 20:45,44400000,19.8,82.7,47.5,111
2026-08-06 20:47,44520000,19.7,82.8,47.5,116
2026-08-06 20:49,44640000,19.7,83.1,47.5,146
2026-08-06 20:51,44760000,19.7,83.1,47.5,154
2026-08-06 20:53,44880000,19.6,83.2,47.5,169
2026-08-06 20:55,45000000,19.6,83.4,47.5,125
2026-08-06 20:57,45120000,19.5,83.4,47.5,145
2026-08-06 20:59,45240000,19.6,83.7,47.5,121
2026-08-06 21:01,45360000,19.6,83.4,47.5,143
2026-08-06 21:03,45480000,19.6,83.2,47.5,144
2026-08-06 21:05,45600000,19.6,83.3,47.5,90
2026-08-06 21:07,45720000,19.7,83.2,47.5,117
2026-08-06 21:09,45840000,19.6,83.2,47.5,159
2026-08-06 21:11,45960000,19.5,83.1,47.5,121
2026-08-06 21:13,46080000,19.6,83.5,47.5,134
2026-08-06 21:15,46200000,19.6,83.3,47.5,148
2026-08-06 21:17,46320000,19.6,83.4,47.5,136
2026-08-06 21:19,46440000,19.6,83,47.5,130
2026-08-06 21:21,46560000,19.7,82.8,47.5,125
2026-08-06 21:23,46680000,19.7,82.7,47.5,109
2026-08-06 21:25,46800000,19.7,82.7,47.5,126
2026-08-06 21:27,46920000,19.7,82.7,47.5,123
2026-08-06 21:29,47040000,19.6,83.2,47.5,158
2026-08-06 21:31,47160000,19.7,82.9,47.5,143
2026-08-06 21:33,47280000,19.7,83.2,47.5,139
2026-08-06 21:35,47400000,19.7,82.9,47.5,130
2026-08-06 21:37,47520000,19.7,82.8,47.5,185
2026-08-06 21:39,47640000,19.7,83,47.5,140
2026-08-06 21:41,47760000,19.6,82.9,47.5,138
2026-08-06 21:43,47880000,19.5,82.9,47.5,138
2026-08-06 21:45,48000000,19.5,82.9,47.5,122
2026-08-06 21:47,48120000,19.6,83,47.5,133
2026-08-06 21:49,48240000,19.5,83,47.5,124
2026-08-06 21:51,48360000,19.5,83.3,47.5,144
2026-08-06 21:53,48480000,19.5,83.5,47.5,110
2026-08-06 21:55,48600000,19.4,83.4,47.5,142
2026-08-06 21:57,48720000,19.5,83.5,47.5,116
2026-08-06 21:59,48840000,19.5,83.5,47.5,124
2026-08-06 22:01,48960000,19.5,83.3,47.5,143
2026-08-06 22:03,49080000,19.4,83.2,47.5,112
2026-08-06 22:05,49200000,19.5,83.5,47.5,107
2026-08-06 22:07,49320000,19.5,83.6,47.5,105
2026-08-06 22:09,49440000,19.5,83.1,47.5,136
2026-08-06 22:11,49560000,19.4,83.7,47.5,122
2026-08-06 22:13,49680000,19.5,83.3,47.5,117
2026-08-06 22:15,49800000,19.5,83.6,47.5,150
2026-08-06 22:17,49920000,19.4,83.5,47.5,140
2026-08-06 22:19,50040000,19.4,83.6,47.5,109
2026-08-06 22:21,50160000,19.4,83.6,47.5,139
2026-08-06 22:23,50280000,19.4,83.6,47.5,145
2026-08-06 22:25,50400000,19.3,83.6,47.5,144
2026-08-06 22:27,50520000,19.3,83.8,47.5,112
2026-08-06 22:29,50640000,19.3,83.8,47.5,131
2026-08-06 22:31,50760000,19.3,83.7,47.5,142
2026-08-06 22:33,50880000,19.3,83.5,47.5,185
2026-08-06 22:35,51000000,19.3,83.3,46.67,132
2026-08-06 22:37,51120000,19.2,83.5,47.5,150
2026-08-06 22:39,51240000,19.2,83.4,47.5,113
2026-08-06 22:41,51360000,19.1,83.4,47.5,113
2026-08-06 22:43,51480000,19.1,83.8,47.5,121
2026-08-06 22:45,51600000,19,83.8,47.5,120
2026-08-06 22:47,51720000,19.1,84.1,47.5,125
2026-08-06 22:49,51840000,19,84.3,47.5,128
2026-08-06 22:51,51960000,19.1,84.4,47.5,112
2026-08-06 22:53,52080000,19.1,84.5,47.5,113
2026-08-06 22:55,52200000,19,84.5,47.5,144
2026-08-06 22:57,52320000,19,84.4,47.5,126
2026-08-06 22:59,52440000,18.9,84.5,47.5,112
2026-08-06 23:01,52560000,19,84.2,47.5,124
2026-08-06 23:03,52680000,19,84.1,47.5,119
2026-08-06 23:05,52800000,19,84.1,47.5,124
2026-08-06 23:07,52920000,19.1,84.2,47.5,122
2026-08-06 23:09,53040000,19,84.1,47.5,127
2026-08-06 23:11,53160000,19.1,84.3,47.5,150
2026-08-06 23:13,53280000,19,84.2,47.5,132
2026-08-06 23:15,53400000,19,84.2,47.5,159
2026-08-06 23:17,53520000,19,84.3,47.5,108
2026-08-06 23:19,53640000,19,84.1,47.5,120
2026-08-06 23:21,53760000,19,83.9,47.5,123
2026-08-06 23:23,53880000,19,83.5,47.5,134
2026-08-06 23:25,54000000,19,83.4,47.5,122
2026-08-06 23:27,54120000,18.9,83.5,47.5,130
2026-08-06 23:29,54240000,18.9,83.2,47.5,126
2026-08-06 23:31,54360000,18.9,83.2,47.5,108
2026-08-06 23:33,54480000,18.8,83.3,47.5,123
2026-08-06 23:35,54600000,18.8,83.2,47.5,139
2026-08-06 23:37,54720000,18.8,83.3,47.5,100
2026-08-06 23:39,54840000,18.8,83.5,48.33,108
2026-08-06 23:41,54960000,18.8,83.3,47.5,147
2026-08-06 23:43,55080000,18.8,83.2,47.5,139
2026-08-06 23:45,55200000,18.7,83.2,47.5,168
2026-08-06 23:47,55320000,18.7,82.7,47.5,115
2026-08-06 23:49,55440000,18.6,82.8,47.5,109
2026-08-06 23:51,55560000,18.6,82.7,47.5,99
2026-08-06 23:53,55680000,18.5,82.5,48.33,122
2026-08-06 23:55,55800000,18.4,82.4,48.33,128
2026-08-06 23:57,55920000,18.4,82.6,48.33,119
2026-08-06 23:59,56040000,18.4,82.5,48.33,136
2026-08-07 0:01,56160000,18.3,82.5,48.33,134
2026-08-07 0:03,56280000,18.3,82.4,47.5,131
2026-08-07 0:05,56400000,18.2,82.5,47.5,130
2026-08-07 0:07,56520000,18.1,82.4,47.5,129
2026-08-07 0:09,56640000,18,82.4,48.33,139
2026-08-07 0:11,56760000,18,82.5,47.5,143
2026-08-07 0:13,56880000,18,82.1,48.33,116
2026-08-07 0:15,57000000,17.9,82.2,48.33,105
2026-08-07 0:17,57120000,17.9,82.3,0,95
2026-08-07 0:19,57240000,17.9,82.2,0,129
2026-08-07 0:21,57360000,17.8,82.3,0,124
2026-08-07 0:23,57480000,17.7,82.1,0,169
2026-08-07 0:25,57600000,17.6,81.8,0,115
2026-08-07 0:27,57720000,17.5,81.7,0,113
2026-08-07 0:29,57840000,17.5,81.6,0,126
2026-08-07 0:31,57960000,17.4,81.7,0,123
2026-08-07 0:33,58080000,17.3,81.7,0,113
2026-08-07 0:35,58200000,17.3,81.9,0,114
2026-08-07 0:37,58320000,17.3,82,0,109
2026-08-07 0:39,58440000,17,81.8,0,117
2026-08-07 0:41,58560000,16.9,81.8,0,100
2026-08-07 0:43,58680000,17,81.8,0,113
2026-08-07 0:45,58800000,16.9,81.5,0,109
2026-08-07 0:47,58920000,16.8,81.1,0,173
2026-08-07 0:49,59040000,16.8,81.2,0,94
2026-08-07 0:51,59160000,16.8,80.9,0,136
2026-08-07 0:53,59280000,16.8,80.6,0,119
2026-08-07 0:55,59400000,16.8,80.4,0,134
2026-08-07 0:57,59520000,16.7,80.4,0,99
2026-08-07 0:59,59640000,16.7,80.4,0,125
2026-08-07 1:01,59760000,16.7,80.2,0,112
2026-08-07 1:03,59880000,16.7,80.2,0,123
2026-08-07 1:05,60000000,16.8,80,0,113
2026-08-07 1:07,60120000,16.7,79.9,0,112
2026-08-07 1:09,60240000,16.5,80.1,0,99
2026-08-07 1:11,60360000,16.5,80.1,0,126
2026-08-07 1:13,60480000,16.5,80.1,0,109
2026-08-07 1:15,60600000,16.5,80.1,0,118
2026-08-07 1:17,60720000,16.3,80.3,0,104
2026-08-07 1:19,60840000,16.4,80.3,0,137
2026-08-07 1:21,60960000,16.3,80.3,0,105
2026-08-07 1:23,61080000,16.2,80.5,0,106
2026-08-07 1:25,61200000,16.2,80.3,0,131
2026-08-07 1:27,61320000,16.2,80.3,0,98
2026-08-07 1:29,61440000,16.1,80.2,0,115
2026-08-07 1:31,61560000,16.1,80.2,0,117
2026-08-07 1:33,61680000,16,80.3,0,94
2026-08-07 1:35,61800000,16,80.5,0,150
2026-08-07 1:37,61920000,16,80.5,0,106
2026-08-07 1:39,62040000,15.8,80.8,0,146
2026-08-07 1:41,62160000,15.8,80.7,0,110
2026-08-07 1:43,62280000,15.8,81,0,136
2026-08-07 1:45,62400000,15.7,81.1,0,112
2026-08-07 1:47,62520000,15.7,81,0,120
2026-08-07 1:49,62640000,15.6,81.3,0,155
2026-08-07 1:51,62760000,15.6,81.3,0,98
2026-08-07 1:53,62880000,15.5,81.5,0,140
2026-08-07 1:55,63000000,15.5,81.4,0,130
2026-08-07 1:57,63120000,15.4,81.6,0,77
2026-08-07 1:59,63240000,15.4,81.6,0,165
2026-08-07 2:01,63360000,15.4,81.9,0,116
2026-08-07 2:03,63480000,15.3,81.8,0,113
2026-08-07 2:05,63600000,15.3,81.8,0,133
2026-08-07 2:07,63720000,15.2,81.8,0,102
2026-08-07 2:09,63840000,15.2,82,0,129
2026-08-07 2:11,63960000,15.2,82,0,118
2026-08-07 2:13,64080000,15.1,81.9,0,163
2026-08-07 2:15,64200000,15.2,81.8,0,94
2026-08-07 2:17,64320000,15.2,81.7,0,115
2026-08-07 2:19,64440000,15.1,81.6,0,151
2026-08-07 2:21,64560000,15.1,81.9,0,140
2026-08-07 2:23,64680000,15.1,82.1,0,116
2026-08-07 2:25,64800000,15,81.7,0,118
2026-08-07 2:27,64920000,15,81.8,0,137
2026-08-07 2:29,65040000,15,81.7,0,113
2026-08-07 2:31,65160000,14.9,81.9,0,120
2026-08-07 2:33,65280000,14.9,81.9,0,107
2026-08-07 2:35,65400000,14.8,82.1,0,99
2026-08-07 2:37,65520000,14.8,82.1,0,116
2026-08-07 2:39,65640000,14.8,82.6,0,112
2026-08-07 2:41,65760000,14.8,82.6,0,112
2026-08-07 2:43,65880000,14.8,82.8,0,143
2026-08-07 2:45,66000000,14.9,82.6,0,156
2026-08-07 2:47,66120000,14.8,82.6,0,113
2026-08-07 2:49,66240000,14.8,82.6,0,136
2026-08-07 2:51,66360000,14.9,82.7,0,100
2026-08-07 2:53,66480000,14.9,82.6,0,101
2026-08-07 2:55,66600000,14.8,82.7,0,136
2026-08-07 2:57,66720000,14.9,82.3,0,108
2026-08-07 2:59,66840000,15,82.5,0,127
2026-08-07 3:01,66960000,14.8,82.3,0,141
2026-08-07 3:03,67080000,14.8,81.9,0,99
2026-08-07 3:05,67200000,14.8,81.6,0,110
2026-08-07 3:07,67320000,14.8,81.4,0,111
2026-08-07 3:09,67440000,14.8,80.5,0,123
2026-08-07 3:11,67560000,14.7,80.2,0,121
2026-08-07 3:13,67680000,14.7,79.9,0,150
2026-08-07 3:15,67800000,14.6,80,0,158
2026-08-07 3:17,67920000,14.6,79.3,0,109
2026-08-07 3:19,68040000,14.5,79.2,0,105
2026-08-07 3:21,68160000,14.4,79.1,0,141
2026-08-07 3:23,68280000,14.3,78.5,0,109
2026-08-07 3:25,68400000,14.2,78.5,0,112
2026-08-07 3:27,68520000,14.1,79,0,117
2026-08-07 3:29,68640000,13.9,79.2,0,109
2026-08-07 3:31,68760000,13.9,79.2,0,128
2026-08-07 3:33,68880000,13.8,79.4,0,111
2026-08-07 3:35,69000000,13.7,79.6,51.67,174
2026-08-07 3:37,69120000,13.8,79.9,50.83,89
2026-08-07 3:39,69240000,13.7,79.6,50.83,145
2026-08-07 3:41,69360000,13.8,79.4,50,92
2026-08-07 3:43,69480000,13.7,79.4,50,117
2026-08-07 3:45,69600000,13.7,79,49.17,85
2026-08-07 3:47,69720000,13.7,79.6,49.17,136
2026-08-07 3:49,69840000,13.7,79.6,49.17,85
2026-08-07 3:51,69960000,13.6,78.7,48.33,132
2026-08-07 3:53,70080000,13.6,79.4,48.33,86
2026-08-07 3:55,70200000,13.6,79.2,48.33,76
2026-08-07 3:57,70320000,13.5,78.7,48.33,115
2026-08-07 3:59,70440000,13.4,79,48.33,108
2026-08-07 4:01,70560000,13.4,79.1,48.33,96
2026-08-07 4:03,70680000,13.3,79.3,48.33,84
2026-08-07 4:05,70800000,13.2,79.7,48.33,139
2026-08-07 4:07,70920000,13.2,79.8,48.33,128
2026-08-07 4:09,71040000,13.1,79.9,48.33,95
2026-08-07 4:11,71160000,13,80.3,48.33,169
2026-08-07 4:13,71280000,13.1,80.2,48.33,137
2026-08-07 4:15,71400000,12.9,80.6,48.33,92
2026-08-07 4:17,71520000,13,80.6,48.33,106
2026-08-07 4:19,71640000,12.9,80.8,48.33,102
2026-08-07 4:21,71760000,12.9,81,48.33,117
2026-08-07 4:23,71880000,13,81,48.33,105
2026-08-07 4:25,72000000,12.9,81,48.33,120
2026-08-07 4:27,72120000,12.9,81,48.33,115
2026-08-07 4:29,72240000,12.9,80.8,48.33,118
2026-08-07 4:31,72360000,12.8,80.9,48.33,82
2026-08-07 4:33,72480000,12.8,80.6,48.33,84
2026-08-07 4:35,72600000,12.7,80.8,48.33,135
2026-08-07 4:37,72720000,12.9,81.1,48.33,106
2026-08-07 4:39,72840000,12.9,80.8,48.33,119
2026-08-07 4:41,72960000,13,80.7,47.5,122
2026-08-07 4:43,73080000,13.1,80.6,48.33,105
2026-08-07 4:45,73200000,13.1,80.4,48.33,83
2026-08-07 4:47,73320000,13,80.2,47.5,95
2026-08-07 4:49,73440000,13.1,80.5,48.33,158
2026-08-07 4:51,73560000,13.1,80.1,47.5,101
2026-08-07 4:53,73680000,13,80,48.33,125
2026-08-07 4:55,73800000,13.1,80.2,47.5,115
2026-08-07 4:57,73920000,13.1,79.9,47.5,133
2026-08-07 4:59,74040000,13.1,80,48.33,101
2026-08-07 5:01,74160000,13.1,80.2,47.5,103
2026-08-07 5:03,74280000,13,79.9,48.33,107
2026-08-07 5:05,74400000,13,80.1,48.33,101
2026-08-07 5:07,74520000,13.1,80,48.33,91
2026-08-07 5:09,74640000,13.1,80.2,47.5,95
2026-08-07 5:11,74760000,13,80.1,48.33,84
2026-08-07 5:13,74880000,13.1,80,48.33,92
2026-08-07 5:15,75000000,13,80,47.5,110
2026-08-07 5:17,75120000,12.9,80.4,48.33,109
2026-08-07 5:19,75240000,12.9,80.4,48.33,105
2026-08-07 5:21,75360000,12.8,80.3,47.5,84
2026-08-07 5:23,75480000,12.8,80.3,48.33,117
2026-08-07 5:25,75600000,12.7,80.6,48.33,146
2026-08-07 5:27,75720000,12.7,80.7,48.33,119
2026-08-07 5:29,75840000,12.7,80.2,48.33,92
2026-08-07 5:31,75960000,12.7,80.3,48.33,101
2026-08-07 5:33,76080000,12.6,80.3,48.33,88
2026-08-07 5:35,76200000,12.6,80.5,47.5,73
2026-08-07 5:37,76320000,12.6,80.2,47.5,91
2026-08-07 5:39,76440000,12.5,80.3,48.33,80
2026-08-07 5:41,76560000,12.5,80.6,48.33,93
2026-08-07 5:43,76680000,12.5,80.6,47.5,105
2026-08-07 5:45,76800000,12.5,80.7,47.5,76
2026-08-07 5:47,76920000,12.5,80.4,48.33,101
2026-08-07 5:49,77040000,12.4,80.9,47.5,83
2026-08-07 5:51,77160000,12.5,80.9,48.33,160
2026-08-07 5:53,77280000,12.5,80.6,48.33,117
2026-08-07 5:55,77400000,12.5,80.8,48.33,93
2026-08-07 5:57,77520000,12.5,80.9,48.33,163
2026-08-07 5:59,77640000,12.4,80.5,48.33,116
2026-08-07 6:01,77760000,12.3,80.5,48.33,166
2026-08-07 6:03,77880000,12.3,80.8,48.33,74
2026-08-07 6:05,78000000,12.3,80.6,48.33,112
2026-08-07 6:07,78120000,12.4,80.9,48.33,157
2026-08-07 6:09,78240000,12.3,80.8,48.33,120
2026-08-07 6:11,78360000,12.4,80.2,48.33,83
2026-08-07 6:13,78480000,12.4,80.5,48.33,82
2026-08-07 6:15,78600000,12.4,80.3,48.33,134
2026-08-07 6:17,78720000,12.4,80.1,48.33,81
2026-08-07 6:19,78840000,12.4,80.2,48.33,100
2026-08-07 6:21,78960000,12.4,80.6,48.33,155
2026-08-07 6:23,79080000,12.4,80.2,47.5,87
2026-08-07 6:25,79200000,12.4,79.9,48.33,131
2026-08-07 6:27,79320000,12.4,79.9,47.5,73
2026-08-07 6:29,79440000,12.4,79.6,48.33,112
2026-08-07 6:31,79560000,12.3,80,48.33,105
2026-08-07 6:33,79680000,12.3,79.9,47.5,91
2026-08-07 6:35,79800000,12.3,80.1,48.33,81
2026-08-07 6:37,79920000,12.3,79.9,48.33,125
2026-08-07 6:39,80040000,12.2,80,48.33,110
2026-08-07 6:41,80160000,12.2,80.1,48.33,106
2026-08-07 6:43,80280000,12.2,80.2,47.5,95
2026-08-07 6:45,80400000,12.1,80.4,48.33,84
2026-08-07 6:47,80520000,12.1,80.4,48.33,97
2026-08-07 6:49,80640000,12.1,80.5,48.33,113
2026-08-07 6:51,80760000,12.1,80.7,48.33,138
2026-08-07 6:53,80880000,12,80.6,47.5,110
2026-08-07 6:55,81000000,12.2,80.4,47.5,109
2026-08-07 6:57,81120000,12.1,80.4,48.33,130
2026-08-07 6:59,81240000,12.3,80.6,48.33,146
2026-08-07 7:01,81360000,12.4,80.2,48.33,108
2026-08-07 7:03,81480000,12.4,80.4,48.33,135
2026-08-07 7:05,81600000,12.4,80,48.33,100
2026-08-07 7:07,81720000,12.5,80.1,48.33,87
2026-08-07 7:09,81840000,12.4,80.1,48.33,117
2026-08-07 7:11,81960000,12.4,79.8,48.33,108
2026-08-07 7:13,82080000,12.4,79.6,48.33,75
2026-08-07 7:15,82200000,12.3,79.6,48.33,97
2026-08-07 7:17,82320000,12.2,79.3,48.33,100
2026-08-07 7:19,82440000,12.3,79.6,48.33,89
2026-08-07 7:21,82560000,12.3,79.8,49.17,127
2026-08-07 7:23,82680000,12.3,79.7,48.33,94
2026-08-07 7:25,82800000,12.4,79.9,49.17,99
2026-08-07 7:27,82920000,12.4,80,49.17,113
2026-08-07 7:29,83040000,12.4,79.9,50,103
2026-08-07 7:31,83160000,12.5,79.7,49.17,85
2026-08-07 7:33,83280000,12.5,79.9,50,95
2026-08-07 7:35,83400000,12.4,80.1,50.83,133
2026-08-07 7:37,83520000,12.5,79.9,50.83,100
2026-08-07 7:39,83640000,12.4,80,51.67,70
2026-08-07 7:41,83760000,12.4,80.1,51.67,92
2026-08-07 7:43,83880000,12.6,80.4,52.5,92
2026-08-07 7:45,84000000,12.6,80.2,53.33,85
2026-08-07 7:47,84120000,12.6,80.6,55,97
2026-08-07 7:49,84240000,12.6,80.3,56.67,95
2026-08-07 7:51,84360000,12.6,80.1,60,123
2026-08-07 7:53,84480000,12.6,80.3,70,89
2026-08-07 7:55,84600000,12.6,80.1,72.5,112
2026-08-07 7:57,84720000,12.6,80.2,64.17,89
2026-08-07 7:59,84840000,12.7,80.6,60.83,96
2026-08-07 8:01,84960000,12.8,80.4,62.5,86
2026-08-07 8:03,85080000,12.8,80.4,18.33,98
2026-08-07 8:05,85200000,12.8,80.1,19.17,92
2026-08-07 8:07,85320000,12.8,79.8,16.67,120
2026-08-07 8:09,85440000,12.9,79.6,12.5,103
2026-08-07 8:11,85560000,12.8,79.3,10,124
2026-08-07 8:13,85680000,12.8,79.7,10,107
2026-08-07 8:15,85800000,12.8,79.8,10,144
2026-08-07 8:17,85920000,12.8,79.3,12.5,83
2026-08-07 8:19,86040000,12.8,79.8,11.67,108
2026-08-07 8:21,86160000,12.6,79.5,10.83,89
2026-08-07 8:23,86280000,12.6,79.4,10,109
2026-08-07 8:25,86400000,12.7,79.3,9.17,95
2026-08-07 8:27,86520000,12.7,79.3,10,105
2026-08-07 8:29,86640000,12.6,79.4,10.83,95
2026-08-07 8:31,86760000,12.7,79.7,10.83,104
2026-08-07 8:33,86880000,12.7,79.2,13.33,103
2026-08-07 8:35,87000000,12.5,79.2,15,105
2026-08-07 8:37,87120000,12.6,79.4,19.17,70
2026-08-07 8:39,87240000,12.6,79.4,17.5,98
2026-08-07 8:41,87360000,12.6,79.8,20.83,113
2026-08-07 8:43,87480000,12.6,79.7,27.5,127
2026-08-07 8:45,87600000,12.6,79.8,30.83,91
2026-08-07 8:47,87720000,12.7,79.7,38.33,100
2026-08-07 8:49,87840000,12.7,80.1,38.33,93
2026-08-07 8:51,87960000,12.7,80.2,51.67,110
2026-08-07 8:53,88080000,12.7,80.3,50,113
2026-08-07 8:55,88200000,12.8,80,47.5,106
2026-08-07 8:57,88320000,12.9,80.2,26.67,107
2026-08-07 8:59,88440000,12.9,79.8,18.33,78
2026-08-07 9:01,88560000,12.9,80.1,16.67,94
2026-08-07 9:03,88680000,12.9,79.6,15.83,88
2026-08-07 9:05,88800000,12.8,79.3,13.33,91
2026-08-07 9:07,88920000,12.9,79.4,13.33,97
2026-08-07 9:09,89040000,12.9,79,16.67,103
2026-08-07 9:11,89160000,12.9,78.6,24.17,111
2026-08-07 9:13,89280000,12.9,79,23.33,121
2026-08-07 9:15,89400000,12.9,78.9,19.17,95
2026-08-07 9:17,89520000,12.8,79.1,16.67,117
2026-08-07 9:19,89640000,12.9,79.3,18.33,99
2026-08-07 9:21,89760000,12.9,79.6,21.67,93
2026-08-07 9:23,89880000,12.8,79.4,16.67,97
2026-08-07 9:25,90000000,12.8,79.6,13.33,115
2026-08-07 9:27,90120000,13,79.3,12.5,109
2026-08-07 9:29,90240000,12.8,79.4,14.17,147
2026-08-07 9:31,90360000,12.9,79.1,15,102
2026-08-07 9:33,90480000,12.8,79.3,13.33,88
2026-08-07 9:35,90600000,12.7,79.2,13.33,104
2026-08-07 9:37,90720000,12.7,79.5,14.17,105
2026-08-07 9:39,90840000,12.8,79.5,15.83,139
2026-08-07 9:41,90960000,12.8,79.7,19.17,102
2026-08-07 9:43,91080000,12.7,80,20.83,101
2026-08-07 9:45,91200000,12.7,79.9,22.5,94
2026-08-07 9:47,91320000,12.7,79.9,25.83,117
2026-08-07 9:49,91440000,12.8,79.9,30,100
2026-08-07 9:51,91560000,12.7,80,30.83,91
2026-08-07 9:53,91680000,12.8,80.1,31.67,100
2026-08-07 9:55,91800000,12.8,80,30.83,108
2026-08-07 9:57,91920000,12.8,80.1,29.17,95
2026-08-07 9:59,92040000,12.9,80.3,35,86
2026-08-07 10:01,92160000,12.8,80.2,33.33,88
2026-08-07 10:03,92280000,12.9,80.2,29.17,115
2026-08-07 10:05,92400000,12.9,80.7,25.83,111
2026-08-07 10:07,92520000,12.9,79.5,31.67,156
2026-08-07 10:09,92640000,12.9,79.9,34.17,117
2026-08-07 10:11,92760000,12.9,80,36.67,107
2026-08-07 10:13,92880000,12.9,79.9,45,123
2026-08-07 10:15,93000000,12.9,80.1,48.33,94
2026-08-07 10:17,93120000,13,79.6,52.5,107
2026-08-07 10:19,93240000,13,79.5,62.5,95
2026-08-07 10:21,93360000,13.1,79.7,50,114
2026-08-07 10:23,93480000,13.1,79.9,54.17,92
2026-08-07 10:25,93600000,13.1,79.4,52.5,108
2026-08-07 10:27,93720000,13.1,78.8,90.83,111
2026-08-07 10:29,93840000,13.2,79.7,162.5,91
2026-08-07 10:31,93960000,13.2,79.2,197.5,127
2026-08-07 10:33,94080000,13.3,78.9,157.5,113
2026-08-07 10:35,94200000,13.4,79.2,125,92
2026-08-07 10:37,94320000,13.6,79,248.33,109
2026-08-07 10:39,94440000,13.7,79.1,131.67,95
2026-08-07 10:41,94560000,13.8,78.9,75.83,93
2026-08-07 10:43,94680000,13.8,78.2,53.33,112
2026-08-07 10:45,94800000,13.9,78,43.33,137
2026-08-07 10:47,94920000,13.9,77.5,36.67,104
2026-08-07 10:49,95040000,13.9,77.1,40,102
2026-08-07 10:51,95160000,13.8,77.8,54.17,130
2026-08-07 10:53,95280000,13.8,78,59.17,95
2026-08-07 10:55,95400000,14,77.4,71.67,105
2026-08-07 10:57,95520000,13.9,76.3,81.67,117
2026-08-07 10:59,95640000,13.9,77.4,81.67,106
2026-08-07 11:01,95760000,13.9,77.7,79.17,98
2026-08-07 11:03,95880000,14,77.7,76.67,110
2026-08-07 11:05,96000000,14,77.6,75,100
2026-08-07 11:07,96120000,14,77.2,75,68
2026-08-07 11:09,96240000,14,76.2,73.33,141
2026-08-07 11:11,96360000,14.1,76.1,74.17,115
2026-08-07 11:13,96480000,14.1,76.5,75.83,106
2026-08-07 11:15,96600000,14.1,76.5,79.17,81
2026-08-07 11:17,96720000,14,76.5,81.67,106
2026-08-07 11:19,96840000,14.2,76.8,99.17,107
2026-08-07 11:21,96960000,14.2,77.1,125.83,120
2026-08-07 11:23,97080000,14.3,76.8,201.67,105
2026-08-07 11:25,97200000,14.4,77,255,78
2026-08-07 11:27,97320000,14.5,76.6,351.67,111
2026-08-07 11:29,97440000,14.7,76.8,360,113
2026-08-07 11:31,97560000,14.9,77.1,293.33,112
2026-08-07 11:33,97680000,15.1,76.1,404.17,124
2026-08-07 11:35,97800000,15.4,74.4,169.17,81
2026-08-07 11:37,97920000,15.7,73.3,130,99
2026-08-07 11:39,98040000,15.8,74.2,95,113
2026-08-07 11:41,98160000,15.7,72.1,95,102
2026-08-07 11:43,98280000,15.8,72.9,88.33,107
2026-08-07 11:45,98400000,15.7,72.7,85.83,143
2026-08-07 11:47,98520000,15.6,72.5,69.17,120
2026-08-07 11:49,98640000,15.6,72.9,90.83,107
2026-08-07 11:51,98760000,15.6,72.9,97.5,125
2026-08-07 11:53,98880000,15.6,71.9,99.17,91
2026-08-07 11:55,99000000,15.5,72.4,100,118
2026-08-07 11:57,99120000,15.5,72.8,96.67,107
2026-08-07 11:59,99240000,15.5,72.3,90,85
2026-08-07 12:01,99360000,15.6,71.6,82.5,118
2026-08-07 12:03,99480000,15.5,72.2,66.67,114
2026-08-07 12:05,99600000,15.5,72.2,85.83,115
2026-08-07 12:07,99720000,15.5,71.4,80.83,155
2026-08-07 12:09,99840000,15.5,72,86.67,117
2026-08-07 12:11,99960000,15.5,72.5,90.83,190
2026-08-07 12:13,100080000,15.5,72.4,93.33,107
2026-08-07 12:15,100200000,15.5,72.5,95.83,146
2026-08-07 12:17,100320000,15.6,72.1,94.17,139
2026-08-07 12:19,100440000,15.5,73,95.83,117
2026-08-07 12:21,100560000,15.6,70.3,95,132
2026-08-07 12:23,100680000,15.6,72.3,89.17,100
2026-08-07 12:25,100800000,15.6,72.1,87.5,129
2026-08-07 12:27,100920000,15.6,71.8,86.67,108
2026-08-07 12:29,101040000,15.7,72.4,85,107
2026-08-07 12:31,101160000,15.6,72.1,85,106
2026-08-07 12:33,101280000,15.5,71.4,80,88
2026-08-07 12:35,101400000,15.6,71.5,80.83,104
2026-08-07 12:37,101520000,15.5,70.9,82.5,98
2026-08-07 12:39,101640000,15.5,70.8,80,97
2026-08-07 12:41,101760000,15.5,71.3,79.17,102
2026-08-07 12:43,101880000,15.6,72.3,78.33,117
2026-08-07 12:45,102000000,15.4,70.1,84.17,113
2026-08-07 12:47,102120000,15.4,71.1,90.83,97
2026-08-07 12:49,102240000,15.4,71,94.17,109
2026-08-07 12:51,102360000,15.4,70.8,89.17,159
2026-08-07 12:53,102480000,15.3,71.1,86.67,125
2026-08-07 12:55,102600000,15.3,70.9,90.83,109
2026-08-07 12:57,102720000,15.3,71,98.33,111
2026-08-07 12:59,102840000,15.3,70.2,98.33,121
2026-08-07 13:01,102960000,15.4,68.6,92.5,137
2026-08-07 13:03,103080000,15.4,70.1,91.67,84
2026-08-07 13:05,103200000,15.4,69.1,96.67,114
2026-08-07 13:07,103320000,15.3,70,96.67,144
2026-08-07 13:09,103440000,15.4,70.4,90.83,126
2026-08-07 13:11,103560000,15.5,71,92.5,149
2026-08-07 13:13,103680000,15.4,71,91.67,123
2026-08-07 13:15,103800000,15.5,67.6,98.33,103
2026-08-07 13:17,103920000,15.5,68,100,120
2026-08-07 13:19,104040000,15.5,68.9,100,79
2026-08-07 13:21,104160000,15.5,68.3,96.67,108
2026-08-07 13:23,104280000,15.5,69.3,95.83,166
2026-08-07 13:25,104400000,15.5,69.8,101.67,121
2026-08-07 13:27,104520000,15.5,69.4,100,180
2026-08-07 13:29,104640000,15.4,70,91.67,111
2026-08-07 13:31,104760000,15.6,70.6,87.5,176
2026-08-07 13:33,104880000,15.6,71.5,90.83,112
2026-08-07 13:35,105000000,15.7,66.7,100.83,113
2026-08-07 13:37,105120000,15.6,66.8,101.67,106
2026-08-07 13:39,105240000,15.6,67.8,100,87
2026-08-07 13:41,105360000,15.6,69.3,103.33,119
2026-08-07 13:43,105480000,15.6,68.7,107.5,98
2026-08-07 13:45,105600000,15.7,69.8,118.33,117
2026-08-07 13:47,105720000,15.9,69.9,233.33,115
2026-08-07 13:49,105840000,16,70.2,121.67,101
2026-08-07 13:51,105960000,16.1,68.4,106.67,94
2026-08-07 13:53,106080000,16.1,67.2,109.17,122
2026-08-07 13:55,106200000,16.2,68.1,115,102
2026-08-07 13:57,106320000,16.3,67.3,125.83,91
2026-08-07 13:59,106440000,16.3,68.7,140.83,91
2026-08-07 14:01,106560000,16.4,68.9,119.17,109
2026-08-07 14:03,106680000,16.5,69.3,127.5,92
2026-08-07 14:05,106800000,16.6,68.7,132.5,105
2026-08-07 14:07,106920000,16.5,66.3,166.67,114
2026-08-07 14:09,107040000,16.6,66.3,135.83,104
2026-08-07 14:11,107160000,16.4,67.4,137.5,92
2026-08-07 14:13,107280000,16.5,67.9,137.5,66
2026-08-07 14:15,107400000,16.5,65.8,119.17,108
2026-08-07 14:17,107520000,16.5,65,113.33,142
2026-08-07 14:19,107640000,16.5,66.5,121.67,123
2026-08-07 14:21,107760000,16.4,66.2,111.67,163
2026-08-07 14:23,107880000,16.5,67.7,108.33,106
2026-08-07 14:25,108000000,16.6,68,115,122
2026-08-07 14:27,108120000,16.5,67.6,115.83,137
2026-08-07 14:29,108240000,16.6,68.5,104.17,94
2026-08-07 14:31,108360000,16.7,67.3,93.33,170
2026-08-07 14:33,108480000,16.7,68.6,95.83,131
2026-08-07 14:35,108600000,16.8,68.8,119.17,111
2026-08-07 14:37,108720000,16.8,66.8,118.33,110
2026-08-07 14:39,108840000,16.8,67.3,116.67,102
2026-08-07 14:41,108960000,16.8,67.5,128.33,99
2026-08-07 14:43,109080000,16.8,67.8,350,123
2026-08-07 14:45,109200000,16.9,67.9,163.33,112
2026-08-07 14:47,109320000,17,65.7,133.33,139
2026-08-07 14:49,109440000,17,65.6,130,100
2026-08-07 14:51,109560000,17,65.6,146.67,86
2026-08-07 14:53,109680000,17.1,66.9,122.5,127
2026-08-07 14:55,109800000,17.2,65.7,128.33,106
2026-08-07 14:57,109920000,17.2,65.5,137.5,145
2026-08-07 14:59,110040000,17.2,67.1,110.83,137
2026-08-07 15:01,110160000,17.2,66.1,103.33,89
2026-08-07 15:03,110280000,17.3,65.9,146.67,143
2026-08-07 15:05,110400000,17.2,67,230,132
2026-08-07 15:07,110520000,17.3,67.3,203.33,118
2026-08-07 15:09,110640000,17.5,68.2,373.33,105
2026-08-07 15:11,110760000,17.6,68,253.33,119
2026-08-07 15:13,110880000,17.8,66.2,125,103
2026-08-07 15:15,111000000,17.9,65.6,111.67,108
2026-08-07 15:17,111120000,17.9,65.2,143.33,113
2026-08-07 15:19,111240000,17.9,64.1,128.33,115
2026-08-07 15:21,111360000,17.9,64.7,119.17,110
2026-08-07 15:23,111480000,17.8,66.3,137.5,102
2026-08-07 15:25,111600000,17.9,66.4,122.5,99
2026-08-07 15:27,111720000,17.8,65.2,231.67,117
2026-08-07 15:29,111840000,17.9,64.7,267.5,99
2026-08-07 15:31,111960000,17.9,65.2,304.17,101
2026-08-07 15:33,112080000,17.9,64.9,302.5,125
2026-08-07 15:35,112200000,18,64.6,255,110
2026-08-07 15:37,112320000,18.1,64.6,187.5,108
2026-08-07 15:39,112440000,18.1,65.6,281.67,105
2026-08-07 15:41,112560000,18.2,64.2,290.83,97
2026-08-07 15:43,112680000,18.3,63.1,307.5,128
2026-08-07 15:45,112800000,18.3,61.2,110.83,118
2026-08-07 15:47,112920000,18.3,63.8,283.33,94
2026-08-07 15:49,113040000,18.4,63.6,291.67,112
2026-08-07 15:51,113160000,18.5,64.4,230,108
2026-08-07 15:53,113280000,18.6,64.7,150,94
2026-08-07 15:55,113400000,18.6,64.7,109.17,118
2026-08-07 15:57,113520000,18.6,62.2,293.33,110
2026-08-07 15:59,113640000,18.7,63.2,299.17,135
2026-08-07 16:01,113760000,18.8,63.6,295.83,103
2026-08-07 16:03,113880000,18.8,61.4,290,109
2026-08-07 16:05,114000000,18.8,63.6,286.67,90
2026-08-07 16:07,114120000,19,63.4,293.33,83
2026-08-07 16:09,114240000,19.1,63.4,291.67,133
2026-08-07 16:11,114360000,19.2,61.9,267.5,101
2026-08-07 16:13,114480000,19.3,61.8,289.17,126
2026-08-07 16:15,114600000,19.3,62.2,276.67,135
2026-08-07 16:17,114720000,19.4,61,272.5,115
2026-08-07 16:19,114840000,19.5,60.4,261.67,166
2026-08-07 16:21,114960000,19.5,61.8,266.67,191
2026-08-07 16:23,115080000,19.6,61.6,214.17,114
2026-08-07 16:25,115200000,19.7,62,137.5,118
2026-08-07 16:27,115320000,19.6,62.1,70,106
2026-08-07 16:29,115440000,19.6,61.7,67.5,115
2026-08-07 16:31,115560000,19.6,62.4,60.83,87
2026-08-07 16:33,115680000,19.5,61.6,56.67,105
2026-08-07 16:35,115800000,19.4,61,53.33,133
2026-08-07 16:37,115920000,19.3,60.5,53.33,103
2026-08-07 16:39,116040000,19.1,61.2,54.17,94
2026-08-07 16:41,116160000,19,61.6,58.33,99
2026-08-07 16:43,116280000,18.9,62.2,67.5,120
2026-08-07 16:45,116400000,18.8,63.3,56.67,62
2026-08-07 16:47,116520000,18.6,63.6,54.17,109
2026-08-07 16:49,116640000,18.6,64.2,78.33,103
2026-08-07 16:51,116760000,18.4,64.6,165.83,154
2026-08-07 16:53,116880000,18.4,64.6,201.67,118
2026-08-07 16:55,117000000,18.4,65.3,53.33,123
2026-08-07 16:57,117120000,18.3,64.9,48.33,93
2026-08-07 16:59,117240000,18.3,65.6,61.67,109
2026-08-07 17:01,117360000,18.2,66.2,180.83,103
2026-08-07 17:03,117480000,18.2,65.6,110,98
2026-08-07 17:05,117600000,18.1,64.5,139.17,73
2026-08-07 17:07,117720000,18.1,65.9,146.67,129
2026-08-07 17:09,117840000,18,65.1,76.67,127
2026-08-07 17:11,117960000,18.1,64.3,75.83,64
2026-08-07 17:13,118080000,18,62.9,108.33,113
2026-08-07 17:15,118200000,17.9,63.7,92.5,105
2026-08-07 17:17,118320000,17.8,63.9,81.67,107
2026-08-07 17:19,118440000,17.8,63.6,61.67,115
2026-08-07 17:21,118560000,17.8,63.7,47.5,140
2026-08-07 17:23,118680000,17.8,63.7,40.83,133
2026-08-07 17:25,118800000,17.7,63.1,32.5,105
2026-08-07 17:27,118920000,17.6,64.4,32.5,135
2026-08-07 17:29,119040000,17.5,63.9,28.33,98
2026-08-07 17:31,119160000,17.5,64,31.67,101
2026-08-07 17:33,119280000,17.3,65.1,31.67,116
2026-08-07 17:35,119400000,17.2,65.4,29.17,165
2026-08-07 17:37,119520000,17.2,66.6,26.67,115
2026-08-07 17:39,119640000,17.2,67.1,27.5,83
2026-08-07 17:41,119760000,17,66.7,26.67,110
2026-08-07 17:43,119880000,17,67.1,22.5,141
2026-08-07 17:45,120000000,16.9,68.3,20,99
2026-08-07 17:47,120120000,16.9,67.7,19.17,93
2026-08-07 17:49,120240000,16.8,67.8,18.33,91
2026-08-07 17:51,120360000,16.7,68.1,17.5,114
2026-08-07 17:53,120480000,16.6,68.4,15,85
2026-08-07 17:55,120600000,16.5,69.5,14.17,121
2026-08-07 17:57,120720000,16.4,70.1,11.67,103
2026-08-07 17:59,120840000,16.4,69.9,10.83,96
2026-08-07 18:01,120960000,16.4,70.1,9.17,153
2026-08-07 18:03,121080000,16.2,69.9,7.5,100
2026-08-07 18:05,121200000,16.1,70,5.83,125
2026-08-07 18:07,121320000,16,70.1,4.17,98
2026-08-07 18:09,121440000,15.9,70.4,3.33,111
2026-08-07 18:11,121560000,15.9,71.4,2.5,104
2026-08-07 18:13,121680000,15.8,71.3,2.5,112
2026-08-07 18:15,121800000,15.8,71.2,1.67,94
2026-08-07 18:17,121920000,15.7,71.1,0.83,86
2026-08-07 18:19,122040000,15.6,72,0.83,111
2026-08-07 18:21,122160000,15.6,71.3,0.83,104
2026-08-07 18:23,122280000,15.5,72,0,112
2026-08-07 18:25,122400000,15.4,72,0,102
2026-08-07 18:27,122520000,15.3,72.5,0,118
2026-08-07 18:29,122640000,15.3,71.3,0,116
2026-08-07 18:31,122760000,15.1,72.2,51.67,98
2026-08-07 18:33,122880000,15.1,72,50.83,133
2026-08-07 18:35,123000000,15,71.8,50.83,120
2026-08-07 18:37,123120000,15,72,50,115
2026-08-07 18:39,123240000,15,72.8,50,143
2026-08-07 18:41,123360000,14.9,72.3,49.17,74
2026-08-07 18:43,123480000,14.8,73.1,49.17,113
2026-08-07 18:45,123600000,14.7,72.8,49.17,161
2026-08-07 18:47,123720000,14.7,73.4,49.17,88
2026-08-07 18:49,123840000,14.6,73.2,49.17,92
2026-08-07 18:51,123960000,14.6,73.5,48.33,119
2026-08-07 18:53,124080000,14.5,73.4,48.33,123
2026-08-07 18:55,124200000,14.4,74,48.33,115
2026-08-07 18:57,124320000,14.5,73.8,48.33,92
2026-08-07 18:59,124440000,14.4,74.2,48.33,155
2026-08-07 19:01,124560000,14.3,74.3,48.33,125
2026-08-07 19:03,124680000,14.3,73.8,48.33,96
2026-08-07 19:05,124800000,14.2,73.2,48.33,106
2026-08-07 19:07,124920000,14.3,73.8,48.33,117
2026-08-07 19:09,125040000,14.1,73.9,47.5,71
2026-08-07 19:11,125160000,14.1,74.4,48.33,73
2026-08-07 19:13,125280000,14,74.4,48.33,78
2026-08-07 19:15,125400000,14.1,74.3,48.33,112
2026-08-07 19:17,125520000,14,74.4,47.5,75
2026-08-07 19:19,125640000,13.9,75.2,48.33,77
2026-08-07 19:21,125760000,13.9,74.9,47.5,103
2026-08-07 19:23,125880000,13.9,75.1,48.33,115
2026-08-07 19:25,126000000,13.8,75.1,48.33,138
2026-08-07 19:27,126120000,13.8,74.8,48.33,79
2026-08-07 19:29,126240000,13.8,75.5,48.33,103
2026-08-07 19:31,126360000,13.7,74.2,47.5,96
2026-08-07 19:33,126480000,13.6,75.5,47.5,84
2026-08-07 19:35,126600000,13.6,74.8,47.5,93
2026-08-07 19:37,126720000,13.7,75.1,47.5,103
2026-08-07 19:39,126840000,13.5,75.3,48.33,112
2026-08-07 19:41,126960000,13.5,75.2,48.33,102
2026-08-07 19:43,127080000,13.5,75.4,48.33,103
2026-08-07 19:45,127200000,13.4,75.3,48.33,84
2026-08-07 19:47,127320000,13.4,75.5,47.5,97
2026-08-07 19:49,127440000,13.5,75.1,48.33,74
2026-08-07 19:51,127560000,13.3,75.1,48.33,107
2026-08-07 19:53,127680000,13.3,75.2,48.33,81
2026-08-07 19:55,127800000,13.3,75.3,47.5,98
2026-08-07 19:57,127920000,13.3,74.9,48.33,116
2026-08-07 19:59,128040000,13.2,74.9,48.33,119
2026-08-07 20:01,128160000,13.2,74.9,47.5,110
2026-08-07 20:03,128280000,13.1,74.8,48.33,126
2026-08-07 20:05,128400000,13.1,75.7,47.5,123
2026-08-07 20:07,128520000,13.1,75.4,47.5,93
2026-08-07 20:09,128640000,13.1,74.8,48.33,96
2026-08-07 20:11,128760000,13,75.2,48.33,107
2026-08-07 20:13,128880000,13,75.5,48.33,92
2026-08-07 20:15,129000000,12.9,75.1,48.33,140
2026-08-07 20:17,129120000,12.9,75.2,48.33,83
2026-08-07 20:19,129240000,12.8,75.2,48.33,92
2026-08-07 20:21,129360000,12.8,75.1,48.33,100
2026-08-07 20:23,129480000,12.8,75.5,48.33,96
2026-08-07 20:25,129600000,12.7,74.8,47.5,101
2026-08-07 20:27,129720000,12.6,75.2,48.33,95
2026-08-07 20:29,129840000,12.7,75.3,48.33,92
2026-08-07 20:31,129960000,12.6,76.1,48.33,148
2026-08-07 20:33,130080000,12.6,75.9,47.5,97
2026-08-07 20:35,130200000,12.6,75.8,48.33,89
2026-08-07 20:37,130320000,12.5,76.2,47.5,85
2026-08-07 20:39,130440000,12.5,76.3,48.33,94
2026-08-07 20:41,130560000,12.5,75.7,48.33,80
2026-08-07 20:43,130680000,12.4,75.5,48.33,68
2026-08-07 20:45,130800000,12.4,75.4,48.33,87
2026-08-07 20:47,130920000,12.3,75.7,48.33,137
2026-08-07 20:49,131040000,12.3,76.9,48.33,77
2026-08-07 20:51,131160000,12.3,76.2,48.33,103
2026-08-07 20:53,131280000,12.3,76.4,48.33,104
2026-08-07 20:55,131400000,12.2,76.2,48.33,98
2026-08-07 20:57,131520000,12.2,76.2,47.5,101
2026-08-07 20:59,131640000,12.1,76.6,48.33,135
2026-08-07 21:01,131760000,12.1,76.6,48.33,100
2026-08-07 21:03,131880000,12.1,76.5,47.5,92
2026-08-07 21:05,132000000,12.1,76.7,48.33,91
2026-08-07 21:07,132120000,12.1,76.3,48.33,95
2026-08-07 21:09,132240000,12.1,77,48.33,107
2026-08-07 21:11,132360000,12,77.4,47.5,79
2026-08-07 21:13,132480000,12,76.6,48.33,101
2026-08-07 21:15,132600000,12,76.7,48.33,86
2026-08-07 21:17,132720000,12,76.7,48.33,123
2026-08-07 21:19,132840000,12.1,76.8,48.33,103
2026-08-07 21:21,132960000,12,76.7,48.33,142
2026-08-07 21:23,133080000,11.9,77.1,47.5,83
2026-08-07 21:25,133200000,12,76.6,48.33,69
2026-08-07 21:27,133320000,12,77,48.33,105
2026-08-07 21:29,133440000,11.9,77.3,48.33,142
2026-08-07 21:31,133560000,11.9,77.5,47.5,85
2026-08-07 21:33,133680000,11.9,77.3,47.5,59
2026-08-07 21:35,133800000,11.9,77.1,47.5,92
2026-08-07 21:37,133920000,11.9,77,48.33,93
2026-08-07 21:39,134040000,11.7,76.9,47.5,77
2026-08-07 21:41,134160000,11.8,77.1,48.33,141
2026-08-07 21:43,134280000,11.8,77.4,48.33,127
2026-08-07 21:45,134400000,11.8,77.5,48.33,79
2026-08-07 21:47,134520000,11.7,76.8,48.33,100
2026-08-07 21:49,134640000,11.7,77.4,48.33,95
2026-08-07 21:51,134760000,11.7,76.9,47.5,60
2026-08-07 21:53,134880000,11.7,77.4,47.5,101
2026-08-07 21:55,135000000,11.7,77.3,48.33,102
2026-08-07 21:57,135120000,11.5,76.9,48.33,100
2026-08-07 21:59,135240000,11.6,77,48.33,100
2026-08-07 22:01,135360000,11.5,76.9,48.33,66
2026-08-07 22:03,135480000,11.4,77,47.5,77
2026-08-07 22:05,135600000,11.4,77.4,48.33,80
2026-08-07 22:07,135720000,11.4,77.9,48.33,80
2026-08-07 22:09,135840000,11.3,77.5,47.5,101
2026-08-07 22:11,135960000,11.3,77.6,48.33,104
2026-08-07 22:13,136080000,11.3,77.3,48.33,96
2026-08-07 22:15,136200000,11.2,77.3,47.5,102
2026-08-07 22:17,136320000,11.2,77.4,48.33,104
2026-08-07 22:19,136440000,11.2,77.4,48.33,93
2026-08-07 22:21,136560000,11.4,77.3,48.33,110
2026-08-07 22:23,136680000,11.2,78.4,47.5,93
2026-08-07 22:25,136800000,11.3,77.4,47.5,109
2026-08-07 22:27,136920000,11.2,77.3,47.5,73
2026-08-07 22:29,137040000,11.1,77.2,48.33,84
2026-08-07 22:31,137160000,11,77.7,47.5,72
2026-08-07 22:33,137280000,11.1,78,48.33,92
2026-08-07 22:35,137400000,11,78.1,47.5,110
2026-08-07 22:37,137520000,11.1,77.6,47.5,97
2026-08-07 22:39,137640000,11,77.7,48.33,106
2026-08-07 22:41,137760000,10.9,77.7,47.5,79
2026-08-07 22:43,137880000,11,77.7,47.5,87
2026-08-07 22:45,138000000,10.9,77.7,48.33,85
2026-08-07 22:47,138120000,10.8,77.6,47.5,65
2026-08-07 22:49,138240000,10.8,77.7,47.5,120
2026-08-07 22:51,138360000,10.9,78,48.33,99
2026-08-07 22:53,138480000,10.9,77.8,47.5,80
2026-08-07 22:55,138600000,10.8,77.7,48.33,86
2026-08-07 22:57,138720000,10.9,78.1,48.33,91
2026-08-07 22:59,138840000,10.8,78.1,48.33,109
2026-08-07 23:01,138960000,10.7,78,48.33,103
2026-08-07 23:03,139080000,10.8,77.8,48.33,122
2026-08-07 23:05,139200000,10.7,78.1,48.33,105
2026-08-07 23:07,139320000,10.6,78,47.5,93
2026-08-07 23:09,139440000,10.7,78.2,48.33,84
2026-08-07 23:11,139560000,10.6,78.4,48.33,67
2026-08-07 23:13,139680000,10.6,78.2,48.33,95
2026-08-07 23:15,139800000,10.6,78.1,48.33,104
2026-08-07 23:17,139920000,10.5,78.7,48.33,67
2026-08-07 23:19,140040000,10.4,78.3,48.33,50
2026-08-07 23:21,140160000,10.4,78.3,48.33,109
2026-08-07 23:23,140280000,10.5,78.6,48.33,110
2026-08-07 23:25,140400000,10.4,78.4,47.5,95
2026-08-07 23:27,140520000,10.4,78.3,48.33,50
2026-08-07 23:29,140640000,10.4,78.6,48.33,75
2026-08-07 23:31,140760000,10.4,78.5,48.33,101
2026-08-07 23:33,140880000,10.3,78.4,48.33,83
2026-08-07 23:35,141000000,10.4,78.2,48.33,83
2026-08-07 23:37,141120000,10.4,78.4,48.33,115
2026-08-07 23:39,141240000,10.3,78.6,48.33,120
2026-08-07 23:41,141360000,10.2,78.7,48.33,158
2026-08-07 23:43,141480000,10.2,78.7,48.33,119
2026-08-07 23:45,141600000,10.3,78.9,47.5,88
2026-08-07 23:47,141720000,10.3,79.2,48.33,87
2026-08-07 23:49,141840000,10.3,78.8,48.33,98
2026-08-07 23:51,141960000,10.2,78.8,48.33,97
2026-08-07 23:53,142080000,10.2,78.8,47.5,104
2026-08-07 23:55,142200000,10.2,78.7,47.5,92
2026-08-07 23:57,142320000,10.2,78.7,48.33,68
2026-08-07 23:59,142440000,10.1,78.8,47.5,91
2026-08-08 0:01,142560000,10.1,79.1,48.33,86
2026-08-08 0:03,142680000,10.1,78.8,48.33,83
2026-08-08 0:05,142800000,10.1,78.8,48.33,85
2026-08-08 0:07,142920000,10.1,78.9,47.5,101
2026-08-08 0:09,143040000,10.1,79,48.33,82
2026-08-08 0:11,143160000,10,78.6,48.33,104
2026-08-08 0:13,143280000,10.1,78.9,48.33,83
2026-08-08 0:15,143400000,10,78.6,48.33,112
2026-08-08 0:17,143520000,10,78.5,0,95
2026-08-08 0:19,143640000,10,79.1,0,116
2026-08-08 0:21,143760000,10,78.8,0,91
2026-08-08 0:23,143880000,10,78.6,0,92
2026-08-08 0:25,144000000,10,79.2,0,92
2026-08-08 0:27,144120000,9.9,78.9,0,73
2026-08-08 0:29,144240000,9.9,79,0,180
2026-08-08 0:31,144360000,9.9,78.7,0,103
2026-08-08 0:33,144480000,9.8,78.7,0,87
2026-08-08 0:35,144600000,9.8,79,0,76
2026-08-08 0:37,144720000,9.8,79.1,0,112
2026-08-08 0:39,144840000,9.8,79.2,0,100
2026-08-08 0:41,144960000,9.8,79.1,0,72
2026-08-08 0:43,145080000,9.8,78.9,0,75
2026-08-08 0:45,145200000,9.8,79.1,0,134
2026-08-08 0:47,145320000,9.8,79.2,0,93
2026-08-08 0:49,145440000,9.7,79.3,0,76
2026-08-08 0:51,145560000,9.8,79.5,0,91
2026-08-08 0:53,145680000,9.7,79.2,0,91
2026-08-08 0:55,145800000,9.7,79.2,0,95
2026-08-08 0:57,145920000,9.7,79.6,0,65
2026-08-08 0:59,146040000,9.6,79.5,0,95
2026-08-08 1:01,146160000,9.6,79.5,0,84
2026-08-08 1:03,146280000,9.6,80,0,119
2026-08-08 1:05,146400000,9.7,80,0,82
2026-08-08 1:07,146520000,9.7,79.6,0,104
2026-08-08 1:09,146640000,9.7,79.5,0,93
2026-08-08 1:11,146760000,9.6,79.5,0,82
2026-08-08 1:13,146880000,9.6,79.5,0,77
2026-08-08 1:15,147000000,9.6,79.6,0,97
2026-08-08 1:17,147120000,9.6,79.6,0,113
2026-08-08 1:19,147240000,9.7,79.6,0,129
2026-08-08 1:21,147360000,9.6,79.5,0,90
2026-08-08 1:23,147480000,9.7,79.8,0,141
2026-08-08 1:25,147600000,9.7,79.6,0,90
2026-08-08 1:27,147720000,9.6,79.7,0,103
2026-08-08 1:29,147840000,9.6,79.7,0,111
2026-08-08 1:31,147960000,9.7,79.9,0,101
2026-08-08 1:33,148080000,9.6,79.6,0,95
2026-08-08 1:35,148200000,9.6,79.8,0,102
2026-08-08 1:37,148320000,9.7,80,0,91
2026-08-08 1:39,148440000,9.6,80.1,0,94
2026-08-08 1:41,148560000,9.7,80.1,0,105
2026-08-08 1:43,148680000,9.6,79.7,0,98
2026-08-08 1:45,148800000,9.6,79.8,0,100
2026-08-08 1:47,148920000,9.7,79.9,0,89
2026-08-08 1:49,149040000,9.6,80,0,95
2026-08-08 1:51,149160000,9.6,79.9,0,84
2026-08-08 1:53,149280000,9.6,80.4,0,94
2026-08-08 1:55,149400000,9.6,80.6,0,86
2026-08-08 1:57,149520000,9.6,80.1,0,87
2026-08-08 1:59,149640000,9.5,80.3,0,112
2026-08-08 2:01,149760000,9.6,80,0,88
2026-08-08 2:03,149880000,9.6,79.9,0,99
2026-08-08 2:05,150000000,9.7,80.3,0,110
2026-08-08 2:07,150120000,9.6,80.1,0,65
2026-08-08 2:09,150240000,9.6,80.2,0,75
2026-08-08 2:11,150360000,9.6,80.5,0,80
2026-08-08 2:13,150480000,9.6,81,0,90
2026-08-08 2:15,150600000,9.5,80.6,0,109
2026-08-08 2:17,150720000,9.5,80.7,0,81
2026-08-08 2:19,150840000,9.6,80.6,0,73
2026-08-08 2:21,150960000,9.5,80.4,0,64
2026-08-08 2:23,151080000,9.5,80.6,0,122
2026-08-08 2:25,151200000,9.6,80.4,0,95
2026-08-08 2:27,151320000,9.5,80.3,0,157
2026-08-08 2:29,151440000,9.5,80.6,0,90
2026-08-08 2:31,151560000,9.5,80.2,0,96
2026-08-08 2:33,151680000,9.5,80.5,0,72
2026-08-08 2:35,151800000,9.5,80.6,0,100
2026-08-08 2:37,151920000,9.5,80.6,0,50
2026-08-08 2:39,152040000,9.5,80.3,0,73
2026-08-08 2:41,152160000,9.5,80.5,0,94
2026-08-08 2:43,152280000,9.5,80.8,0,80
2026-08-08 2:45,152400000,9.5,80.6,0,89
2026-08-08 2:47,152520000,9.5,80.7,0,81
2026-08-08 2:49,152640000,9.6,80.6,0,84
2026-08-08 2:51,152760000,9.5,80.7,0,77
2026-08-08 2:53,152880000,9.5,81,0,90
2026-08-08 2:55,153000000,9.5,80.7,0,124
2026-08-08 2:57,153120000,9.5,80.9,0,69
2026-08-08 2:59,153240000,9.5,80.7,0,83
2026-08-08 3:01,153360000,9.4,80.5,0,89
2026-08-08 3:03,153480000,9.5,81,0,80
2026-08-08 3:05,153600000,9.5,80.9,0,77
2026-08-08 3:07,153720000,9.5,80.6,0,88
2026-08-08 3:09,153840000,9.4,80.5,0,94
2026-08-08 3:11,153960000,9.5,81.5,0,109
2026-08-08 3:13,154080000,9.4,81.2,0,92
2026-08-08 3:15,154200000,9.5,80.8,0,115
2026-08-08 3:17,154320000,9.4,81.7,0,110
2026-08-08 3:19,154440000,9.5,81.6,0,100
2026-08-08 3:21,154560000,9.4,81.3,0,123
2026-08-08 3:23,154680000,9.5,81.5,0,83
2026-08-08 3:25,154800000,9.5,81.6,0,71
2026-08-08 3:27,154920000,9.6,81.8,0,70
2026-08-08 3:29,155040000,9.5,82.1,0,105
2026-08-08 3:31,155160000,9.6,82.5,0,152
2026-08-08 3:33,155280000,9.6,82.4,0,81
2026-08-08 3:35,155400000,9.8,82.5,52.5,91
2026-08-08 3:37,155520000,9.8,82.5,51.67,89
2026-08-08 3:39,155640000,9.9,82.7,50.83,131
2026-08-08 3:41,155760000,10,82.7,50,75
2026-08-08 3:43,155880000,10.1,82.3,50,88
2026-08-08 3:45,156000000,10.1,82.8,50,68
2026-08-08 3:47,156120000,10.3,83,49.17,94
2026-08-08 3:49,156240000,10.3,83.3,49.17,93
2026-08-08 3:51,156360000,10.5,83,49.17,103
2026-08-08 3:53,156480000,10.5,82.6,48.33,112
2026-08-08 3:55,156600000,10.6,83,48.33,72
2026-08-08 3:57,156720000,10.7,83,48.33,107
2026-08-08 3:59,156840000,10.6,82.8,49.17,85
2026-08-08 4:01,156960000,10.7,82.7,48.33,97
2026-08-08 4:03,157080000,10.7,82.9,48.33,112
2026-08-08 4:05,157200000,10.8,83.2,48.33,94
2026-08-08 4:07,157320000,10.9,83.5,48.33,107
2026-08-08 4:09,157440000,10.8,83.3,48.33,132
2026-08-08 4:11,157560000,11,83.4,48.33,88
2026-08-08 4:13,157680000,11,83.3,48.33,96
2026-08-08 4:15,157800000,11.1,83.6,48.33,115
2026-08-08 4:17,157920000,11.1,83,48.33,102
2026-08-08 4:19,158040000,11.1,83.2,48.33,131
2026-08-08 4:21,158160000,11.2,83.5,48.33,99
2026-08-08 4:23,158280000,11.3,83.2,48.33,92
2026-08-08 4:25,158400000,11.4,83,48.33,80
2026-08-08 4:27,158520000,11.5,83.3,48.33,105
2026-08-08 4:29,158640000,11.4,83.3,48.33,122
2026-08-08 4:31,158760000,11.6,83.6,48.33,111
2026-08-08 4:33,158880000,11.6,83.3,47.5,85
2026-08-08 4:35,159000000,11.7,83.8,47.5,113
2026-08-08 4:37,159120000,11.6,83.8,47.5,91
2026-08-08 4:39,159240000,11.7,83.5,48.33,90
2026-08-08 4:41,159360000,11.7,83.6,48.33,116
2026-08-08 4:43,159480000,11.8,83.1,47.5,102
2026-08-08 4:45,159600000,11.7,83.2,48.33,96
2026-08-08 4:47,159720000,11.8,83.1,47.5,97
2026-08-08 4:49,159840000,11.8,83.2,48.33,93
2026-08-08 4:51,159960000,11.8,83.3,47.5,90
2026-08-08 4:53,160080000,12,83.2,47.5,101
2026-08-08 4:55,160200000,11.9,83.1,48.33,95
2026-08-08 4:57,160320000,11.9,83,47.5,90
2026-08-08 4:59,160440000,12.1,83.3,48.33,97
2026-08-08 5:01,160560000,12.1,83.1,48.33,106
2026-08-08 5:03,160680000,12,82.8,47.5,89
2026-08-08 5:05,160800000,12.2,82.8,48.33,113
2026-08-08 5:07,160920000,12.1,83.6,47.5,98
2026-08-08 5:09,161040000,12.1,83.3,48.33,82
2026-08-08 5:11,161160000,12.1,83.2,47.5,109
2026-08-08 5:13,161280000,12.2,83.4,48.33,97
2026-08-08 5:15,161400000,12.2,83,48.33,102
2026-08-08 5:17,161520000,12.2,83.1,48.33,116
2026-08-08 5:19,161640000,12.3,83.3,47.5,122
2026-08-08 5:21,161760000,12.3,83.5,47.5,118
2026-08-08 5:23,161880000,12.3,83.1,47.5,120
2026-08-08 5:25,162000000,12.3,83.2,47.5,128
2026-08-08 5:27,162120000,12.4,83.1,47.5,99
2026-08-08 5:29,162240000,12.3,82.8,47.5,94
2026-08-08 5:31,162360000,12.4,83.2,47.5,108
2026-08-08 5:33,162480000,12.4,83.3,48.33,100
2026-08-08 5:35,162600000,12.4,83.2,47.5,85
2026-08-08 5:37,162720000,12.4,83.1,48.33,96
2026-08-08 5:39,162840000,12.5,83.3,47.5,78
2026-08-08 5:41,162960000,12.5,82.9,48.33,115
2026-08-08 5:43,163080000,12.5,82.7,47.5,76
2026-08-08 5:45,163200000,12.6,82.9,48.33,97
2026-08-08 5:47,163320000,12.7,82.9,47.5,118
2026-08-08 5:49,163440000,12.6,82.8,47.5,79
2026-08-08 5:51,163560000,12.5,83.3,48.33,129
2026-08-08 5:53,163680000,12.7,82.8,47.5,70
2026-08-08 5:55,163800000,12.6,83,48.33,98
2026-08-08 5:57,163920000,12.6,82.8,47.5,78
2026-08-08 5:59,164040000,12.6,82.7,48.33,74
2026-08-08 6:01,164160000,12.7,82.9,48.33,96
2026-08-08 6:03,164280000,12.6,82.8,47.5,95
2026-08-08 6:05,164400000,12.6,82.9,48.33,116
2026-08-08 6:07,164520000,12.6,82.9,48.33,127
2026-08-08 6:09,164640000,12.6,83,47.5,95
2026-08-08 6:11,164760000,12.6,82.8,48.33,99
2026-08-08 6:13,164880000,12.7,83.2,47.5,99
2026-08-08 6:15,165000000,12.6,83.2,48.33,106
2026-08-08 6:17,165120000,12.7,83.5,48.33,139
2026-08-08 6:19,165240000,12.8,83.7,48.33,120
2026-08-08 6:21,165360000,12.8,83.6,47.5,81
2026-08-08 6:23,165480000,12.9,83.3,47.5,144
2026-08-08 6:25,165600000,12.8,83.2,47.5,183
2026-08-08 6:27,165720000,12.9,83.2,47.5,104
2026-08-08 6:29,165840000,12.8,83.2,47.5,96
2026-08-08 6:31,165960000,12.9,82.8,47.5,98
2026-08-08 6:33,166080000,13,82.9,47.5,98
2026-08-08 6:35,166200000,12.9,83.2,47.5,75
2026-08-08 6:37,166320000,13,83.1,47.5,77
2026-08-08 6:39,166440000,13,82.8,47.5,98
2026-08-08 6:41,166560000,12.9,82.9,47.5,94
2026-08-08 6:43,166680000,13,83,48.33,105
2026-08-08 6:45,166800000,13.1,84.2,47.5,109
2026-08-08 6:47,166920000,13.2,84.7,48.33,72
2026-08-08 6:49,167040000,13.1,84.4,47.5,81
2026-08-08 6:51,167160000,13.2,84.4,47.5,128
2026-08-08 6:53,167280000,13.1,85,48.33,149
2026-08-08 6:55,167400000,13.1,84.8,47.5,115
2026-08-08 6:57,167520000,13.2,85.1,47.5,99
2026-08-08 6:59,167640000,13.2,85.1,47.5,112
2026-08-08 7:01,167760000,13.3,85,47.5,120
2026-08-08 7:03,167880000,13.3,84.8,48.33,82
2026-08-08 7:05,168000000,13.3,84.7,47.5,125
2026-08-08 7:07,168120000,13.4,84.6,48.33,104
2026-08-08 7:09,168240000,13.5,84.3,48.33,100
2026-08-08 7:11,168360000,13.4,83.8,48.33,137
2026-08-08 7:13,168480000,13.4,83.7,48.33,101
2026-08-08 7:15,168600000,13.5,83.3,48.33,100
2026-08-08 7:17,168720000,13.6,83.5,48.33,98
2026-08-08 7:19,168840000,13.6,83.4,49.17,106
2026-08-08 7:21,168960000,13.6,84,49.17,111
2026-08-08 7:23,169080000,13.6,84.4,49.17,96
2026-08-08 7:25,169200000,13.7,84.5,50,81
2026-08-08 7:27,169320000,13.6,84.2,50,83
2026-08-08 7:29,169440000,13.7,84.6,50,95
2026-08-08 7:31,169560000,13.7,84.7,50,106
2026-08-08 7:33,169680000,13.8,84.7,50,103
2026-08-08 7:35,169800000,13.7,84.8,50.83,142
2026-08-08 7:37,169920000,13.7,84.9,50.83,103
2026-08-08 7:39,170040000,13.7,85.1,51.67,97
2026-08-08 7:41,170160000,13.8,85.3,50.83,101
2026-08-08 7:43,170280000,13.8,85,51.67,107
2026-08-08 7:45,170400000,13.8,84.7,51.67,91
2026-08-08 7:47,170520000,13.9,84.9,53.33,128
2026-08-08 7:49,170640000,13.9,85.4,53.33,128
2026-08-08 7:51,170760000,13.9,85,53.33,127
2026-08-08 7:53,170880000,13.9,85,54.17,91
2026-08-08 7:55,171000000,13.9,84.9,56.67,144
2026-08-08 7:57,171120000,13.9,85,55.83,148
2026-08-08 7:59,171240000,13.9,85.2,57.5,95
2026-08-08 8:01,171360000,13.9,84.8,56.67,107
2026-08-08 8:03,171480000,14,84.8,9.17,115
2026-08-08 8:05,171600000,14,84.9,6.67,122
2026-08-08 8:07,171720000,14,84.8,6.67,126
2026-08-08 8:09,171840000,14.1,84.5,8.33,105
2026-08-08 8:11,171960000,14.2,84.1,10,101
2026-08-08 8:13,172080000,14.2,83.9,12.5,115
2026-08-08 8:15,172200000,14.2,84.7,12.5,96
2026-08-08 8:17,172320000,14.2,84.8,15,103
2026-08-08 8:19,172440000,14.2,84.6,15,128
2026-08-08 8:21,172560000,14.3,85,16.67,129
2026-08-08 8:23,172680000,14.2,85.4,15.83,89
2026-08-08 8:25,172800000,14.2,85.4,17.5,109
2026-08-08 8:27,172920000,14.3,85.3,18.33,91
2026-08-08 8:29,173040000,14.3,85.3,20,140
2026-08-08 8:31,173160000,14.4,85.2,21.67,101
2026-08-08 8:33,173280000,14.5,84.9,21.67,113
2026-08-08 8:35,173400000,14.5,84.1,20.83,96
2026-08-08 8:37,173520000,14.6,84.2,25,104
2026-08-08 8:39,173640000,14.6,84.7,25,188
2026-08-08 8:41,173760000,14.7,84.5,53.33,109
2026-08-08 8:43,173880000,14.7,84.7,50,101
2026-08-08 8:45,174000000,14.7,84.6,54.17,102
2026-08-08 8:47,174120000,14.8,84.1,55.83,144
2026-08-08 8:49,174240000,14.8,83.7,56.67,122
2026-08-08 8:51,174360000,14.8,83.9,54.17,108
2026-08-08 8:53,174480000,14.8,83.5,53.33,111
2026-08-08 8:55,174600000,14.8,83.5,53.33,103
2026-08-08 8:57,174720000,14.8,83.4,55,129
2026-08-08 8:59,174840000,14.7,83.8,57.5,90
2026-08-08 9:01,174960000,14.8,83.7,61.67,111
2026-08-08 9:03,175080000,14.8,83.8,60,88
2026-08-08 9:05,175200000,14.8,83.2,60.83,97
2026-08-08 9:07,175320000,14.8,83,58.33,105
2026-08-08 9:09,175440000,14.9,82.8,59.17,118
2026-08-08 9:11,175560000,14.8,82.7,57.5,108
2026-08-08 9:13,175680000,14.8,82.4,55,192
2026-08-08 9:15,175800000,14.8,82.3,55.83,117
2026-08-08 9:17,175920000,14.8,82.2,53.33,119
2026-08-08 9:19,176040000,14.8,82.2,50.83,85
2026-08-08 9:21,176160000,14.8,82.9,53.33,104
2026-08-08 9:23,176280000,14.8,82.8,65,112
2026-08-08 9:25,176400000,14.8,82.4,78.33,85
2026-08-08 9:27,176520000,14.8,82.3,68.33,127
2026-08-08 9:29,176640000,14.8,82.7,62.5,89
2026-08-08 9:31,176760000,14.9,82.6,53.33,108
2026-08-08 9:33,176880000,14.9,82.6,50.83,115
2026-08-08 9:35,177000000,14.9,82.7,65,114
2026-08-08 9:37,177120000,14.9,82.7,60.83,113
2026-08-08 9:39,177240000,14.9,82.9,51.67,86
2026-08-08 9:41,177360000,15,82.8,53.33,106
2026-08-08 9:43,177480000,14.9,83,55.83,98
2026-08-08 9:45,177600000,15,82.7,59.17,103
2026-08-08 9:47,177720000,15.1,82.8,55.83,104
2026-08-08 9:49,177840000,15.2,82.9,53.33,90
2026-08-08 9:51,177960000,15.2,83.1,53.33,128
2026-08-08 9:53,178080000,15.2,83.1,57.5,129
2026-08-08 9:55,178200000,15.2,83,60,115
2026-08-08 9:57,178320000,15.3,83.2,69.17,90
2026-08-08 9:59,178440000,15.3,82.9,85.83,98
2026-08-08 10:01,178560000,15.5,83.2,63.33,103
2026-08-08 10:03,178680000,15.4,83.1,54.17,119
2026-08-08 10:05,178800000,15.5,83.5,50.83,141
2026-08-08 10:07,178920000,15.6,83.1,50,91
2026-08-08 10:09,179040000,15.5,83.1,46.67,119
2026-08-08 10:11,179160000,15.6,83.1,44.17,126
2026-08-08 10:13,179280000,15.7,82.8,43.33,152
2026-08-08 10:15,179400000,15.7,83.3,44.17,101
2026-08-08 10:17,179520000,15.7,83.7,45,112
2026-08-08 10:19,179640000,15.7,83.8,40.83,107
2026-08-08 10:21,179760000,15.8,84.2,41.67,124
2026-08-08 10:23,179880000,15.7,84,40.83,142
2026-08-08 10:25,180000000,15.8,84,43.33,94
2026-08-08 10:27,180120000,15.7,83.7,48.33,97
2026-08-08 10:29,180240000,15.8,83.2,49.17,108
2026-08-08 10:31,180360000,15.8,82.8,48.33,116
2026-08-08 10:33,180480000,15.8,82.8,51.67,106
2026-08-08 10:35,180600000,15.7,82.8,60,80
2026-08-08 10:37,180720000,15.7,83.2,61.67,124
2026-08-08 10:39,180840000,15.7,82.8,51.67,111
2026-08-08 10:41,180960000,15.7,82.9,54.17,103
2026-08-08 10:43,181080000,15.7,82.7,48.33,135
2026-08-08 10:45,181200000,15.7,82.6,43.33,125
2026-08-08 10:47,181320000,15.7,82.3,39.17,113
2026-08-08 10:49,181440000,15.6,82.1,37.5,151
2026-08-08 10:51,181560000,15.6,82.1,40.83,104
2026-08-08 10:53,181680000,15.6,82.3,39.17,90
2026-08-08 10:55,181800000,15.6,82.2,43.33,105
2026-08-08 10:57,181920000,15.5,82.2,39.17,113
2026-08-08 10:59,182040000,15.5,82.2,40,110
2026-08-08 11:01,182160000,15.6,82.4,42.5,113
2026-08-08 11:03,182280000,15.5,82.1,44.17,150
2026-08-08 11:05,182400000,15.5,82.2,46.67,67
2026-08-08 11:07,182520000,15.6,81.9,40.83,131
2026-08-08 11:09,182640000,15.5,82.2,40,138
2026-08-08 11:11,182760000,15.4,82,39.17,88
2026-08-08 11:13,182880000,15.4,82.1,39.17,110
2026-08-08 11:15,183000000,15.4,82.1,41.67,95
2026-08-08 11:17,183120000,15.4,82.1,38.33,109
2026-08-08 11:19,183240000,15.2,82.2,39.17,117
2026-08-08 11:21,183360000,15.3,82.2,40,94
2026-08-08 11:23,183480000,15.3,81.9,40.83,133
2026-08-08 11:25,183600000,15.3,82.2,38.33,123
2026-08-08 11:27,183720000,15.2,82.3,42.5,131
2026-08-08 11:29,183840000,15.2,82.6,46.67,104
2026-08-08 11:31,183960000,15.3,82.8,40,80
2026-08-08 11:33,184080000,15.2,82.9,39.17,124
2026-08-08 11:35,184200000,15.1,82.7,41.67,85
2026-08-08 11:37,184320000,15.2,82.9,44.17,127
2026-08-08 11:39,184440000,15.2,82.7,41.67,105
2026-08-08 11:41,184560000,15.2,82.7,41.67,131
2026-08-08 11:43,184680000,15.2,83,42.5,102
2026-08-08 11:45,184800000,15.2,82.8,43.33,87
2026-08-08 11:47,184920000,15.1,82.9,45.83,101
2026-08-08 11:49,185040000,15.3,82.8,44.17,103
2026-08-08 11:51,185160000,15.2,82.9,45,110
2026-08-08 11:53,185280000,15.3,83.3,46.67,109
2026-08-08 11:55,185400000,15.2,83.1,44.17,110
2026-08-08 11:57,185520000,15.2,82.9,49.17,145
2026-08-08 11:59,185640000,15.2,83.2,53.33,106
2026-08-08 12:01,185760000,15.2,83.3,53.33,112
2026-08-08 12:03,185880000,15.2,83.6,58.33,166
2026-08-08 12:05,186000000,15.2,83.6,60,109
2026-08-08 12:07,186120000,15.3,83.8,56.67,123
2026-08-08 12:09,186240000,15.3,83.7,53.33,88
2026-08-08 12:11,186360000,15.3,84.5,49.17,111
2026-08-08 12:13,186480000,15.2,84.5,48.33,99
2026-08-08 12:15,186600000,15.2,84.4,47.5,70
2026-08-08 12:17,186720000,15.3,84.5,49.17,86
2026-08-08 12:19,186840000,15.3,84.4,50,126
2026-08-08 12:21,186960000,15.3,84.1,55.83,138
2026-08-08 12:23,187080000,15.4,84,57.5,98
2026-08-08 12:25,187200000,15.5,83.9,61.67,124
2026-08-08 12:27,187320000,15.5,83.6,63.33,110
2026-08-08 12:29,187440000,15.4,83.7,60.83,180
2026-08-08 12:31,187560000,15.5,83.8,53.33,118
2026-08-08 12:33,187680000,15.5,83.9,50.83,115
2026-08-08 12:35,187800000,15.6,83.6,53.33,101
2026-08-08 12:37,187920000,15.5,83.5,53.33,94
2026-08-08 12:39,188040000,15.7,83.4,58.33,111
2026-08-08 12:41,188160000,15.6,83.5,70,131
2026-08-08 12:43,188280000,15.6,83.6,75,98
2026-08-08 12:45,188400000,15.7,83.6,95,107
2026-08-08 12:47,188520000,15.8,83.6,104.17,106
2026-08-08 12:49,188640000,15.8,83.5,109.17,114
2026-08-08 12:51,188760000,15.9,83.6,106.67,122
2026-08-08 12:53,188880000,15.9,83.1,100.83,100
2026-08-08 12:55,189000000,16,83.2,103.33,115
2026-08-08 12:57,189120000,16,83.5,106.67,113
2026-08-08 12:59,189240000,16.1,83.3,96.67,98
2026-08-08 13:01,189360000,16.1,83.1,88.33,181
2026-08-08 13:03,189480000,16.1,82.7,87.5,111
2026-08-08 13:05,189600000,16.2,82.7,94.17,118
2026-08-08 13:07,189720000,16.2,82.8,100,140
2026-08-08 13:09,189840000,16.3,82.9,113.33,97
2026-08-08 13:11,189960000,16.4,83.1,130.83,120
2026-08-08 13:13,190080000,16.3,82.8,151.67,119
2026-08-08 13:15,190200000,16.4,82.6,155,108
2026-08-08 13:17,190320000,16.6,82.5,139.17,135
2026-08-08 13:19,190440000,16.6,82.5,160,153
2026-08-08 13:21,190560000,16.7,81.8,155,115
2026-08-08 13:23,190680000,16.8,81.3,153.33,131
2026-08-08 13:25,190800000,16.9,81.5,129.17,141
2026-08-08 13:27,190920000,17,80.9,113.33,110
2026-08-08 13:29,191040000,17,80.5,120.83,140
2026-08-08 13:31,191160000,17,80.7,137.5,123
2026-08-08 13:33,191280000,17.3,80.6,160,128
2026-08-08 13:35,191400000,17.4,80.4,238.33,166
2026-08-08 13:37,191520000,17.5,80.7,304.17,141
2026-08-08 13:39,191640000,17.5,80.3,371.67,132
2026-08-08 13:41,191760000,17.6,81.4,439.17,108
2026-08-08 13:43,191880000,17.8,80.8,225.83,151
2026-08-08 13:45,192000000,17.9,79.9,286.67,128
2026-08-08 13:47,192120000,18.1,79.5,251.67,153
2026-08-08 13:49,192240000,18.2,78.5,144.17,130
2026-08-08 13:51,192360000,18.3,77.4,337.5,117
2026-08-08 13:53,192480000,18.4,78,347.5,103
2026-08-08 13:55,192600000,18.5,77.5,331.67,95
2026-08-08 13:57,192720000,18.6,77.7,341.67,127
2026-08-08 13:59,192840000,18.7,77.4,357.5,116
2026-08-08 14:01,192960000,18.8,77.1,354.17,110
2026-08-08 14:03,193080000,19,76.5,189.17,108
2026-08-08 14:05,193200000,19.1,76.2,258.33,137
2026-08-08 14:07,193320000,19.2,77,339.17,111
2026-08-08 14:09,193440000,19.3,76.8,336.67,121
2026-08-08 14:11,193560000,19.5,75.7,347.5,137
2026-08-08 14:13,193680000,19.6,75.7,356.67,105
2026-08-08 14:15,193800000,19.7,74.7,347.5,122
2026-08-08 14:17,193920000,19.8,73,340,132
2026-08-08 14:19,194040000,19.9,73.1,333.33,88
2026-08-08 14:21,194160000,19.9,72.4,346.67,123
2026-08-08 14:23,194280000,19.9,72.1,239.17,129
2026-08-08 14:25,194400000,20,71.3,349.17,170
2026-08-08 14:27,194520000,20.1,71.2,333.33,134
2026-08-08 14:29,194640000,20.2,69.6,339.17,149
2026-08-08 14:31,194760000,20.1,69.7,325.83,133
2026-08-08 14:33,194880000,20.2,70.3,123.33,153
2026-08-08 14:35,195000000,20.3,69.2,329.17,146
2026-08-08 14:37,195120000,20.3,69.3,309.17,135
2026-08-08 14:39,195240000,20.3,68.9,325.83,149
2026-08-08 14:41,195360000,20.4,69.4,313.33,116
2026-08-08 14:43,195480000,20.4,69.7,321.67,165
2026-08-08 14:45,195600000,20.6,70.2,311.67,123
2026-08-08 14:47,195720000,20.6,70.5,310.83,120
2026-08-08 14:49,195840000,20.7,68.5,300.83,154
2026-08-08 14:51,195960000,20.7,68.6,294.17,106
2026-08-08 14:53,196080000,20.8,68.9,303.33,93
2026-08-08 14:55,196200000,20.9,68.9,300.83,128
2026-08-08 14:57,196320000,20.9,68,315.83,103
2026-08-08 14:59,196440000,21,68.4,308.33,149
2026-08-08 15:01,196560000,20.9,68.4,302.5,118
2026-08-08 15:03,196680000,21,68.3,310.83,121
2026-08-08 15:05,196800000,21,68.8,300,108
2026-08-08 15:07,196920000,21.1,68.9,310,164
2026-08-08 15:09,197040000,21.1,67.8,320,122
2026-08-08 15:11,197160000,21.2,67.9,319.17,124
2026-08-08 15:13,197280000,21.2,67.1,206.67,122
2026-08-08 15:15,197400000,21.3,67.3,180.83,129
2026-08-08 15:17,197520000,21.2,67.8,230.83,124
2026-08-08 15:19,197640000,21.3,67.2,290,165
2026-08-08 15:21,197760000,21.3,66.1,299.17,117
2026-08-08 15:23,197880000,21.3,66.3,289.17,135
2026-08-08 15:25,198000000,21.3,65.6,287.5,98
2026-08-08 15:27,198120000,21.3,65.9,281.67,126
2026-08-08 15:29,198240000,21.3,65.1,281.67,99
2026-08-08 15:31,198360000,21.3,66.4,283.33,117
2026-08-08 15:33,198480000,21.4,66.1,283.33,120
2026-08-08 15:35,198600000,21.5,65.3,280,118
2026-08-08 15:37,198720000,21.4,65,290,138
2026-08-08 15:39,198840000,21.5,64.8,284.17,134
2026-08-08 15:41,198960000,21.4,65.8,277.5,121
2026-08-08 15:43,199080000,21.5,65.2,280.83,116
2026-08-08 15:45,199200000,21.4,65,276.67,127
2026-08-08 15:47,199320000,21.4,65,267.5,118
2026-08-08 15:49,199440000,21.5,65.1,268.33,128
2026-08-08 15:51,199560000,21.4,64.1,272.5,131
2026-08-08 15:53,199680000,21.5,65.1,269.17,111
2026-08-08 15:55,199800000,21.6,63.5,276.67,130
2026-08-08 15:57,199920000,21.5,63,266.67,118
2026-08-08 15:59,200040000,21.5,63.3,260,119
2026-08-08 16:01,200160000,21.5,62.7,259.17,107
2026-08-08 16:03,200280000,21.5,62.1,267.5,141
2026-08-08 16:05,200400000,21.5,62.5,263.33,163
2026-08-08 16:07,200520000,21.4,62.2,260,152
2026-08-08 16:09,200640000,21.3,63.3,256.67,100
2026-08-08 16:11,200760000,21.4,63.4,259.17,134
2026-08-08 16:13,200880000,21.3,63.9,249.17,111
2026-08-08 16:15,201000000,21.3,62.9,240,122
2026-08-08 16:17,201120000,21.2,62.1,225,105
2026-08-08 16:19,201240000,21.3,63,245,132
2026-08-08 16:21,201360000,21.3,62.5,236.67,147
2026-08-08 16:23,201480000,21.2,62.4,224.17,117
2026-08-08 16:25,201600000,21.2,63.8,227.5,144
2026-08-08 16:27,201720000,21.2,62.9,239.17,153
2026-08-08 16:29,201840000,21.1,63,236.67,116
2026-08-08 16:31,201960000,21.1,63.3,230,118
2026-08-08 16:33,202080000,21.1,63,225,145
2026-08-08 16:35,202200000,21.1,63.2,220.83,122
2026-08-08 16:37,202320000,21.1,62.3,224.17,111
2026-08-08 16:39,202440000,21.1,61.8,220,133
2026-08-08 16:41,202560000,21,61.5,221.67,110
2026-08-08 16:43,202680000,21,61.9,210,120
2026-08-08 16:45,202800000,21,60.6,212.5,119
2026-08-08 16:47,202920000,20.9,60.9,206.67,123
2026-08-08 16:49,203040000,20.9,60.7,208.33,130
2026-08-08 16:51,203160000,20.8,60.8,213.33,98
2026-08-08 16:53,203280000,20.8,60.7,205,140
2026-08-08 16:55,203400000,20.8,60.5,206.67,120
2026-08-08 16:57,203520000,20.7,60.5,203.33,140
2026-08-08 16:59,203640000,20.7,60.9,203.33,119
2026-08-08 17:01,203760000,20.5,60.9,205,115
2026-08-08 17:03,203880000,20.4,61.9,195.83,116
2026-08-08 17:05,204000000,20.4,61.9,198.33,98
2026-08-08 17:07,204120000,20.3,62.3,189.17,147
2026-08-08 17:09,204240000,20.4,62.6,175,95
2026-08-08 17:11,204360000,20.2,62.8,155.83,116
2026-08-08 17:13,204480000,20.2,62.8,132.5,120
2026-08-08 17:15,204600000,20.1,62.5,111.67,171
2026-08-08 17:17,204720000,20.1,62.5,100,132
2026-08-08 17:19,204840000,20,63,87.5,137
2026-08-08 17:21,204960000,20,61.8,70.83,115
2026-08-08 17:23,205080000,19.8,63.2,64.17,98
2026-08-08 17:25,205200000,19.8,63.4,60,92
2026-08-08 17:27,205320000,19.7,62.4,56.67,122
2026-08-08 17:29,205440000,19.6,62.5,55,174
2026-08-08 17:31,205560000,19.5,63.1,55,171
2026-08-08 17:33,205680000,19.3,62.9,53.33,120
2026-08-08 17:35,205800000,19.3,64,50.83,137
2026-08-08 17:37,205920000,19.2,64,49.17,112
2026-08-08 17:39,206040000,19,64.6,48.33,102
2026-08-08 17:41,206160000,19,64.5,49.17,162
2026-08-08 17:43,206280000,18.9,64.6,47.5,102
2026-08-08 17:45,206400000,18.8,64.4,45.83,137
2026-08-08 17:47,206520000,18.7,65.2,44.17,108
2026-08-08 17:49,206640000,18.6,65.8,43.33,116
2026-08-08 17:51,206760000,18.6,66.2,42.5,123
2026-08-08 17:53,206880000,18.5,66.2,40.83,123
2026-08-08 17:55,207000000,18.4,66.6,14.17,112
2026-08-08 17:57,207120000,18.4,66,12.5,108
2026-08-08 17:59,207240000,18.3,65.7,10.83,112
2026-08-08 18:01,207360000,18.2,66.1,10,135
2026-08-08 18:03,207480000,18.1,65.6,9.17,110
2026-08-08 18:05,207600000,18,65.5,6.67,113
2026-08-08 18:07,207720000,17.9,65,5,91
2026-08-08 18:09,207840000,17.8,65.7,4.17,105
2026-08-08 18:11,207960000,17.7,66.2,3.33,103
2026-08-08 18:13,208080000,17.7,65.8,2.5,109
2026-08-08 18:15,208200000,17.6,66.8,1.67,109
2026-08-08 18:17,208320000,17.6,67.1,1.67,98
2026-08-08 18:19,208440000,17.5,67.3,0.83,102
2026-08-08 18:21,208560000,17.5,67.1,0.83,120
2026-08-08 18:23,208680000,17.4,67,0,120
2026-08-08 18:25,208800000,17.5,67.4,0,115
2026-08-08 18:27,208920000,17.4,67.2,0,120
2026-08-08 18:29,209040000,17.4,67.5,0,129
2026-08-08 18:31,209160000,17.2,67.3,51.67,118
2026-08-08 18:33,209280000,17.1,67.5,50.83,71
2026-08-08 18:35,209400000,17.1,67.7,50.83,101
2026-08-08 18:37,209520000,16.9,68.4,50,121
2026-08-08 18:39,209640000,16.8,68.1,50,132
2026-08-08 18:41,209760000,16.8,68.6,50,113
2026-08-08 18:43,209880000,16.8,68.6,49.17,97
2026-08-08 18:45,210000000,16.7,68.7,48.33,115
2026-08-08 18:47,210120000,16.6,69,49.17,119
2026-08-08 18:49,210240000,16.5,69,49.17,101
2026-08-08 18:51,210360000,16.6,69.6,48.33,120
2026-08-08 18:53,210480000,16.5,69.7,48.33,109
2026-08-08 18:55,210600000,16.5,69.5,48.33,106
2026-08-08 18:57,210720000,16.5,69.3,48.33,106
2026-08-08 18:59,210840000,16.3,69.4,48.33,169
2026-08-08 19:01,210960000,16.4,69.6,48.33,117
2026-08-08 19:03,211080000,16.4,70.2,48.33,100
2026-08-08 19:05,211200000,16.3,69.8,48.33,119
2026-08-08 19:07,211320000,16.2,69.6,48.33,92
2026-08-08 19:09,211440000,16.3,70.1,48.33,94
2026-08-08 19:11,211560000,16.2,69.7,48.33,121
2026-08-08 19:13,211680000,16.1,70.2,47.5,110
2026-08-08 19:15,211800000,16.1,70.4,47.5,97
2026-08-08 19:17,211920000,16.1,70.4,48.33,96
2026-08-08 19:19,212040000,16,70.4,47.5,86
2026-08-08 19:21,212160000,16,70.5,48.33,102
2026-08-08 19:23,212280000,15.9,71,48.33,116
2026-08-08 19:25,212400000,15.9,70.6,48.33,117
2026-08-08 19:27,212520000,15.9,70.8,48.33,104
2026-08-08 19:29,212640000,15.8,71,48.33,107
2026-08-08 19:31,212760000,15.7,71.4,47.5,127
2026-08-08 19:33,212880000,15.7,71.1,48.33,105
2026-08-08 19:35,213000000,15.7,71.3,48.33,93
2026-08-08 19:37,213120000,15.7,71.4,48.33,131
2026-08-08 19:39,213240000,15.6,71.6,48.33,130
2026-08-08 19:41,213360000,15.6,71.5,48.33,75
2026-08-08 19:43,213480000,15.5,71.1,47.5,98
2026-08-08 19:45,213600000,15.5,71.5,48.33,119
2026-08-08 19:47,213720000,15.5,71.7,48.33,83
2026-08-08 19:49,213840000,15.4,72,48.33,104
2026-08-08 19:51,213960000,15.4,72.3,48.33,109
2026-08-08 19:53,214080000,15.4,73.9,48.33,76
2026-08-08 19:55,214200000,15.4,73.4,47.5,118
2026-08-08 19:57,214320000,15.3,72.7,48.33,104
2026-08-08 19:59,214440000,15.4,73.1,48.33,104
2026-08-08 20:01,214560000,15.3,72.2,48.33,138
2026-08-08 20:03,214680000,15.3,72.7,48.33,98
2026-08-08 20:05,214800000,15.3,72.4,48.33,109
2026-08-08 20:07,214920000,15.3,72.4,48.33,125
2026-08-08 20:09,215040000,15.2,72.2,48.33,96
2026-08-08 20:11,215160000,15.2,72.5,48.33,114
2026-08-08 20:13,215280000,15.1,72.6,47.5,111
2026-08-08 20:15,215400000,15.1,72.8,48.33,84
2026-08-08 20:17,215520000,15,72.9,48.33,101
2026-08-08 20:19,215640000,15.1,73,47.5,84
2026-08-08 20:21,215760000,15,74.2,48.33,116
2026-08-08 20:23,215880000,14.9,73.5,48.33,92
2026-08-08 20:25,216000000,15,74.5,47.5,91
2026-08-08 20:27,216120000,14.9,73.7,48.33,114
2026-08-08 20:29,216240000,14.8,74.2,47.5,124
2026-08-08 20:31,216360000,14.9,74.3,47.5,120
2026-08-08 20:33,216480000,14.8,74,47.5,118
2026-08-08 20:35,216600000,14.7,74.4,48.33,135
2026-08-08 20:37,216720000,14.7,73.6,48.33,121
2026-08-08 20:39,216840000,14.6,74.2,48.33,154
2026-08-08 20:41,216960000,14.6,74.3,48.33,113
2026-08-08 20:43,217080000,14.6,73.9,47.5,112
2026-08-08 20:45,217200000,14.6,73.6,47.5,131
2026-08-08 20:47,217320000,14.5,74.5,48.33,125
2026-08-08 20:49,217440000,14.5,75.1,47.5,129
2026-08-08 20:51,217560000,14.5,74.3,48.33,136
2026-08-08 20:53,217680000,14.4,74.9,48.33,82
2026-08-08 20:55,217800000,14.4,74.6,48.33,75
2026-08-08 20:57,217920000,14.4,74.5,47.5,78
2026-08-08 20:59,218040000,14.4,74.7,47.5,88
2026-08-08 21:01,218160000,14.4,74.7,48.33,127
2026-08-08 21:03,218280000,14.3,74.5,48.33,109
2026-08-08 21:05,218400000,14.3,74.3,48.33,99
2026-08-08 21:07,218520000,14.3,74.8,48.33,125
2026-08-08 21:09,218640000,14.3,75,48.33,121
2026-08-08 21:11,218760000,14.3,75.5,47.5,83
2026-08-08 21:13,218880000,14.3,74.9,48.33,88
2026-08-08 21:15,219000000,14.3,75,48.33,70
2026-08-08 21:17,219120000,14.3,75.6,48.33,93
2026-08-08 21:19,219240000,14.3,75.2,47.5,172
2026-08-08 21:21,219360000,14.2,75.2,47.5,98
2026-08-08 21:23,219480000,14.3,75.8,47.5,109
2026-08-08 21:25,219600000,14.2,75.3,47.5,92
2026-08-08 21:27,219720000,14.2,75.8,47.5,137
2026-08-08 21:29,219840000,14.2,75.5,48.33,115
2026-08-08 21:31,219960000,14.1,75.3,47.5,116
2026-08-08 21:33,220080000,14.1,75.6,47.5,101
2026-08-08 21:35,220200000,14.1,75.5,48.33,120
2026-08-08 21:37,220320000,14.1,76,47.5,98
2026-08-08 21:39,220440000,14.1,75.8,48.33,124
2026-08-08 21:41,220560000,14,76.1,48.33,125
2026-08-08 21:43,220680000,14,76.1,48.33,73
2026-08-08 21:45,220800000,14.1,76.4,47.5,103
2026-08-08 21:47,220920000,14,76.7,48.33,85
2026-08-08 21:49,221040000,13.9,77,48.33,147
2026-08-08 21:51,221160000,14,76.6,48.33,101
2026-08-08 21:53,221280000,14,76.9,47.5,91
2026-08-08 21:55,221400000,14,76.9,48.33,141
2026-08-08 21:57,221520000,14,77.2,48.33,115
2026-08-08 21:59,221640000,13.9,76.1,48.33,128
2026-08-08 22:01,221760000,13.9,76.4,48.33,80
2026-08-08 22:03,221880000,13.8,76.3,47.5,104
2026-08-08 22:05,222000000,13.8,76.1,47.5,100
2026-08-08 22:07,222120000,13.7,76,47.5,107
2026-08-08 22:09,222240000,13.8,76.7,47.5,91
2026-08-08 22:11,222360000,13.6,76.2,48.33,138
2026-08-08 22:13,222480000,13.6,76.1,47.5,85
2026-08-08 22:15,222600000,13.6,76.4,48.33,68
2026-08-08 22:17,222720000,13.6,76.1,48.33,75
2026-08-08 22:19,222840000,13.5,76.6,48.33,85
2026-08-08 22:21,222960000,13.4,76.9,47.5,70
2026-08-08 22:23,223080000,13.4,76.8,47.5,149
2026-08-08 22:25,223200000,13.4,76.9,48.33,94
2026-08-08 22:27,223320000,13.3,76.8,47.5,127
2026-08-08 22:29,223440000,13.3,76.4,47.5,134
2026-08-08 22:31,223560000,13.2,76.7,48.33,84
2026-08-08 22:33,223680000,13.3,77.5,47.5,82
2026-08-08 22:35,223800000,13.3,77.7,48.33,103
2026-08-08 22:37,223920000,13.2,76.4,48.33,84
2026-08-08 22:39,224040000,13.2,76.4,47.5,103
2026-08-08 22:41,224160000,13.1,76.5,48.33,102
2026-08-08 22:43,224280000,13.1,76.8,48.33,99
2026-08-08 22:45,224400000,13.1,77.3,48.33,116
2026-08-08 22:47,224520000,13.1,76.8,48.33,95
2026-08-08 22:49,224640000,12.9,76.6,48.33,115
2026-08-08 22:51,224760000,12.9,77.2,47.5,95
2026-08-08 22:53,224880000,12.9,77,47.5,83
2026-08-08 22:55,225000000,12.9,77.2,48.33,87
2026-08-08 22:57,225120000,12.8,77.2,48.33,109
2026-08-08 22:59,225240000,12.8,77.6,48.33,88
2026-08-08 23:01,225360000,12.7,77.5,48.33,89
2026-08-08 23:03,225480000,12.6,77,48.33,79
2026-08-08 23:05,225600000,12.7,77.2,48.33,118
2026-08-08 23:07,225720000,12.6,77.4,48.33,82
2026-08-08 23:09,225840000,12.6,77.4,47.5,158
2026-08-08 23:11,225960000,12.6,77.5,47.5,88
2026-08-08 23:13,226080000,12.6,77.3,47.5,115
2026-08-08 23:15,226200000,12.5,76.9,48.33,91
2026-08-08 23:17,226320000,12.5,76.9,47.5,129
2026-08-08 23:19,226440000,12.5,77.2,48.33,109
2026-08-08 23:21,226560000,12.4,77.4,48.33,89
2026-08-08 23:23,226680000,12.4,77.8,48.33,111
2026-08-08 23:25,226800000,12.4,77.7,48.33,66
2026-08-08 23:27,226920000,12.4,77.8,48.33,77
2026-08-08 23:29,227040000,12.3,77.9,48.33,134
2026-08-08 23:31,227160000,12.3,77.8,48.33,127
2026-08-08 23:33,227280000,12.2,78.5,48.33,105
2026-08-08 23:35,227400000,12.2,78.5,48.33,99
2026-08-08 23:37,227520000,12.2,77.9,48.33,142
2026-08-08 23:39,227640000,12.2,78.5,48.33,92
2026-08-08 23:41,227760000,12.1,77.5,48.33,109
2026-08-08 23:43,227880000,12.1,77.2,48.33,130
2026-08-08 23:45,228000000,12,77.8,48.33,96
2026-08-08 23:47,228120000,12.1,78.2,48.33,98
2026-08-08 23:49,228240000,12,78,48.33,98
2026-08-08 23:51,228360000,12,77.8,48.33,91
2026-08-08 23:53,228480000,12,78.5,47.5,84
2026-08-08 23:55,228600000,12,78,48.33,119
2026-08-08 23:57,228720000,11.9,77.9,48.33,112
2026-08-08 23:59,228840000,11.9,77.7,48.33,85
2026-08-09 0:01,228960000,11.8,77.8,48.33,75
2026-08-09 0:03,229080000,11.8,78.1,48.33,107
2026-08-09 0:05,229200000,11.8,77.9,48.33,131
2026-08-09 0:07,229320000,11.7,78.4,48.33,115
2026-08-09 0:09,229440000,11.8,78.4,48.33,91
2026-08-09 0:11,229560000,11.7,78.4,47.5,110
2026-08-09 0:13,229680000,11.8,78.8,47.5,114
2026-08-09 0:15,229800000,11.8,78,48.33,111
2026-08-09 0:17,229920000,11.7,77.9,0,83
2026-08-09 0:19,230040000,11.7,78,0,108
2026-08-09 0:21,230160000,11.6,77.9,0,92
2026-08-09 0:23,230280000,11.6,78,0,110
2026-08-09 0:25,230400000,11.6,77.9,0,101
2026-08-09 0:27,230520000,11.6,78.2,0,99
2026-08-09 0:29,230640000,11.6,78.2,0,109
2026-08-09 0:31,230760000,11.5,78.7,0,90
2026-08-09 0:33,230880000,11.5,78.7,0,125
2026-08-09 0:35,231000000,11.4,78.4,0,89
2026-08-09 0:37,231120000,11.4,78.4,0,106
2026-08-09 0:39,231240000,11.3,78.6,0,99
2026-08-09 0:41,231360000,11.2,78.9,0,94
2026-08-09 0:43,231480000,11.3,78.7,0,89
2026-08-09 0:45,231600000,11.3,78.8,0,75
2026-08-09 0:47,231720000,11.3,78.8,0,103
2026-08-09 0:49,231840000,11.2,78.8,0,121
2026-08-09 0:51,231960000,11.3,78.7,0,88
2026-08-09 0:53,232080000,11.3,78.9,0,102
2026-08-09 0:55,232200000,11.3,79.4,0,105
2026-08-09 0:57,232320000,11.3,79.5,0,94
2026-08-09 0:59,232440000,11.4,79.5,0,99
2026-08-09 1:01,232560000,11.5,79.2,0,89
2026-08-09 1:03,232680000,11.4,79.1,0,104
2026-08-09 1:05,232800000,11.4,79,0,114
2026-08-09 1:07,232920000,11.5,79.3,0,97
2026-08-09 1:09,233040000,11.5,79.6,0,127
2026-08-09 1:11,233160000,11.6,79.3,0,74
2026-08-09 1:13,233280000,11.5,79.5,0,91
2026-08-09 1:15,233400000,11.5,79.7,0,103
2026-08-09 1:17,233520000,11.6,79.7,0,96
2026-08-09 1:19,233640000,11.6,79.4,0,105
2026-08-09 1:21,233760000,11.5,79.5,0,123
2026-08-09 1:23,233880000,11.6,79.2,0,88
2026-08-09 1:25,234000000,11.5,79.2,0,101
2026-08-09 1:27,234120000,11.5,79.8,0,99
2026-08-09 1:29,234240000,11.4,79.7,0,132
2026-08-09 1:31,234360000,11.5,79.4,0,93
2026-08-09 1:33,234480000,11.5,79.5,0,118
2026-08-09 1:35,234600000,11.5,79.5,0,101
2026-08-09 1:37,234720000,11.4,79.5,0,118
2026-08-09 1:39,234840000,11.5,79.4,0,88
2026-08-09 1:41,234960000,11.4,79.2,0,102
2026-08-09 1:43,235080000,11.4,79,0,87
2026-08-09 1:45,235200000,11.4,78.9,0,110
2026-08-09 1:47,235320000,11.3,79,0,87
2026-08-09 1:49,235440000,11.1,79.4,0,99
2026-08-09 1:51,235560000,11.3,79.4,0,99
2026-08-09 1:53,235680000,11.3,79.5,0,103
2026-08-09 1:55,235800000,11.1,79.1,0,76
2026-08-09 1:57,235920000,11.3,79,0,107
2026-08-09 1:59,236040000,10.9,79.2,0,107
2026-08-09 2:01,236160000,10.8,78.7,0,94
2026-08-09 2:03,236280000,10.8,78.8,0,87
2026-08-09 2:05,236400000,10.6,79,0,72
2026-08-09 2:07,236520000,10.6,79.6,0,117
2026-08-09 2:09,236640000,10.7,79,0,88
2026-08-09 2:11,236760000,10.6,78.9,0,87
2026-08-09 2:13,236880000,10.6,78.7,0,66
2026-08-09 2:15,237000000,10.5,78.4,0,103
2026-08-09 2:17,237120000,10.6,78.9,0,86
2026-08-09 2:19,237240000,10.4,78.9,0,90
2026-08-09 2:21,237360000,10.3,79.1,0,88
2026-08-09 2:23,237480000,10.4,79.3,0,104
2026-08-09 2:25,237600000,10.3,79.9,0,91
2026-08-09 2:27,237720000,10.3,79.5,0,129
2026-08-09 2:29,237840000,10.3,79.2,0,78
2026-08-09 2:31,237960000,10.3,78.9,0,92
2026-08-09 2:33,238080000,10.2,78.7,0,100
2026-08-09 2:35,238200000,10.3,78.8,0,100
2026-08-09 2:37,238320000,10.2,78.6,0,103
2026-08-09 2:39,238440000,10.1,79,0,94
2026-08-09 2:41,238560000,10.1,79.3,0,106
2026-08-09 2:43,238680000,10.1,79.8,0,82
2026-08-09 2:45,238800000,10.1,79.4,0,85
2026-08-09 2:47,238920000,10.1,79.8,0,87
2026-08-09 2:49,239040000,10,80,0,103
2026-08-09 2:51,239160000,10.1,79.7,0,86
2026-08-09 2:53,239280000,10.1,79.6,0,89
2026-08-09 2:55,239400000,10,79.7,0,96
2026-08-09 2:57,239520000,10,80,0,70
2026-08-09 2:59,239640000,10.1,79.9,0,109
2026-08-09 3:01,239760000,10,79.7,0,72
2026-08-09 3:03,239880000,10.2,79.7,0,75
2026-08-09 3:05,240000000,10.1,80,0,132
2026-08-09 3:07,240120000,10.1,80.2,0,95
2026-08-09 3:09,240240000,10.1,80.5,0,82
2026-08-09 3:11,240360000,10.1,80.5,0,91
2026-08-09 3:13,240480000,10.1,80.3,0,93
2026-08-09 3:15,240600000,10.1,80.3,0,99
2026-08-09 3:17,240720000,10.1,80.3,0,120
2026-08-09 3:19,240840000,10.1,80.3,0,94
2026-08-09 3:21,240960000,10.2,80.4,0,104
2026-08-09 3:23,241080000,10.1,80.6,0,93
2026-08-09 3:25,241200000,10.1,81,0,107
2026-08-09 3:27,241320000,10.1,80.9,0,81
2026-08-09 3:29,241440000,10.2,81,0,91
2026-08-09 3:31,241560000,10.1,81.2,0,144
2026-08-09 3:33,241680000,10.1,81,0,86
2026-08-09 3:35,241800000,10.1,80.8,51.67,82
2026-08-09 3:37,241920000,10.1,80.5,50.83,84
2026-08-09 3:39,242040000,10.1,79.9,50.83,76
2026-08-09 3:41,242160000,10.1,80.3,50,104
2026-08-09 3:43,242280000,10.1,80,50,89
2026-08-09 3:45,242400000,10,80,49.17,99
2026-08-09 3:47,242520000,9.9,79.4,50,84
2026-08-09 3:49,242640000,10,79.4,49.17,101
2026-08-09 3:51,242760000,10,79.4,48.33,79
2026-08-09 3:53,242880000,9.8,79,48.33,80
2026-08-09 3:55,243000000,9.9,79,49.17,94
2026-08-09 3:57,243120000,9.9,79,49.17,87
2026-08-09 3:59,243240000,9.9,79.3,48.33,108
2026-08-09 4:01,243360000,9.9,78.8,48.33,80
2026-08-09 4:03,243480000,9.8,79.2,48.33,75
2026-08-09 4:05,243600000,9.8,78.9,48.33,91
2026-08-09 4:07,243720000,9.7,78.8,48.33,106
2026-08-09 4:09,243840000,9.7,78.8,48.33,94
2026-08-09 4:11,243960000,9.7,78.6,48.33,70
2026-08-09 4:13,244080000,9.6,78.7,48.33,101
2026-08-09 4:15,244200000,9.6,78.4,48.33,104
2026-08-09 4:17,244320000,9.5,78.6,48.33,87
2026-08-09 4:19,244440000,9.5,78.8,48.33,116
2026-08-09 4:21,244560000,9.4,79.4,48.33,99
2026-08-09 4:23,244680000,9.4,79,47.5,94
2026-08-09 4:25,244800000,9.4,79.4,48.33,81
2026-08-09 4:27,244920000,9.3,79.6,48.33,101
2026-08-09 4:29,245040000,9.4,79.8,48.33,78
2026-08-09 4:31,245160000,9.4,79.4,48.33,67
2026-08-09 4:33,245280000,9.3,79,48.33,156
2026-08-09 4:35,245400000,9.3,79,48.33,106
2026-08-09 4:37,245520000,9.3,78.9,48.33,96
2026-08-09 4:39,245640000,9.2,78.9,48.33,119
2026-08-09 4:41,245760000,9.2,79.4,48.33,84
2026-08-09 4:43,245880000,9.2,79.6,48.33,67
2026-08-09 4:45,246000000,9.2,79.3,48.33,106
2026-08-09 4:47,246120000,9.2,79.3,48.33,99
2026-08-09 4:49,246240000,9.1,79.8,48.33,86
2026-08-09 4:51,246360000,9.1,79.8,48.33,86
2026-08-09 4:53,246480000,9.2,79.9,48.33,66
2026-08-09 4:55,246600000,9.2,79.6,48.33,83
2026-08-09 4:57,246720000,9.2,79.6,48.33,106
2026-08-09 4:59,246840000,9.2,79.3,48.33,74
2026-08-09 5:01,246960000,9.2,79.8,48.33,100
2026-08-09 5:03,247080000,9.1,79.7,48.33,78
2026-08-09 5:05,247200000,9.2,79.7,48.33,74
2026-08-09 5:07,247320000,9.2,80.4,48.33,58
2026-08-09 5:09,247440000,9.2,80.3,48.33,156
2026-08-09 5:11,247560000,9.2,80.1,48.33,86
2026-08-09 5:13,247680000,9.2,80.2,48.33,82
2026-08-09 5:15,247800000,9.2,79.5,48.33,88
2026-08-09 5:17,247920000,9.2,79.6,48.33,88
2026-08-09 5:19,248040000,9.1,80,48.33,83
2026-08-09 5:21,248160000,9.2,79.9,48.33,68
2026-08-09 5:23,248280000,9.2,79.9,48.33,73
2026-08-09 5:25,248400000,9.2,80.4,48.33,57
2026-08-09 5:27,248520000,9.2,80.6,48.33,88
2026-08-09 5:29,248640000,9.2,81.2,48.33,82
2026-08-09 5:31,248760000,9.2,81.5,48.33,97
2026-08-09 5:33,248880000,9.3,81.3,47.5,72
2026-08-09 5:35,249000000,9.3,81.1,48.33,64
2026-08-09 5:37,249120000,9.3,81.4,48.33,120
2026-08-09 5:39,249240000,9.3,81,48.33,90
2026-08-09 5:41,249360000,9.3,81,47.5,101
2026-08-09 5:43,249480000,9.3,80.8,48.33,101
2026-08-09 5:45,249600000,9.3,81,47.5,108
2026-08-09 5:47,249720000,9.3,80.7,47.5,96
2026-08-09 5:49,249840000,9.4,80.7,48.33,101
2026-08-09 5:51,249960000,9.4,80.5,48.33,79
2026-08-09 5:53,250080000,9.4,80.4,48.33,143
2026-08-09 5:55,250200000,9.4,80.3,47.5,85
2026-08-09 5:57,250320000,9.3,80.3,48.33,69
2026-08-09 5:59,250440000,9.4,80.5,48.33,80
2026-08-09 6:01,250560000,9.3,80.7,48.33,74
2026-08-09 6:03,250680000,9.3,80.6,48.33,87
2026-08-09 6:05,250800000,9.2,80.7,48.33,95
2026-08-09 6:07,250920000,9.2,80.6,48.33,134
2026-08-09 6:09,251040000,9.2,81.1,48.33,71
2026-08-09 6:11,251160000,9.3,81,48.33,114
2026-08-09 6:13,251280000,9.2,81.2,48.33,86
2026-08-09 6:15,251400000,9.2,80.8,48.33,62
2026-08-09 6:17,251520000,9.2,80.9,48.33,99
2026-08-09 6:19,251640000,9.2,80.8,48.33,90
2026-08-09 6:21,251760000,9.2,81.1,48.33,98
2026-08-09 6:23,251880000,9.2,80.9,48.33,91
2026-08-09 6:25,252000000,9.2,81.3,48.33,101
2026-08-09 6:27,252120000,9.2,80.8,48.33,77
2026-08-09 6:29,252240000,9.2,81.1,48.33,110
2026-08-09 6:31,252360000,9.3,80.5,48.33,118
2026-08-09 6:33,252480000,9.2,80.7,48.33,81
2026-08-09 6:35,252600000,9.2,80.3,48.33,73
2026-08-09 6:37,252720000,9.2,80.4,48.33,72
2026-08-09 6:39,252840000,9.2,80.4,48.33,68
2026-08-09 6:41,252960000,9.2,80.2,48.33,87
2026-08-09 6:43,253080000,9.1,80.1,47.5,72
2026-08-09 6:45,253200000,9.2,80.5,48.33,64
2026-08-09 6:47,253320000,9.1,80.8,48.33,66
2026-08-09 6:49,253440000,9.1,80.2,48.33,155
2026-08-09 6:51,253560000,9.1,80.2,47.5,83
2026-08-09 6:53,253680000,9.2,80.2,48.33,89
2026-08-09 6:55,253800000,9.1,80,48.33,74
2026-08-09 6:57,253920000,9.1,80.1,48.33,80
2026-08-09 6:59,254040000,9.1,80.3,48.33,92
2026-08-09 7:01,254160000,9,80.4,48.33,92
2026-08-09 7:03,254280000,9.1,80.3,48.33,63
2026-08-09 7:05,254400000,9.1,80.3,49.17,62
2026-08-09 7:07,254520000,9,80.2,49.17,66
2026-08-09 7:09,254640000,9,80.2,49.17,78
2026-08-09 7:11,254760000,9,80.2,50,85
2026-08-09 7:13,254880000,8.9,79.9,50,107
2026-08-09 7:15,255000000,8.9,80,50.83,94
2026-08-09 7:17,255120000,9,80.3,51.67,79
2026-08-09 7:19,255240000,8.9,80.2,51.67,101
2026-08-09 7:21,255360000,9,80.6,53.33,82
2026-08-09 7:23,255480000,9,80.2,53.33,78
2026-08-09 7:25,255600000,8.9,80.2,54.17,85
2026-08-09 7:27,255720000,9,80,54.17,96
2026-08-09 7:29,255840000,9,79.9,55,83
2026-08-09 7:31,255960000,8.9,80.2,56.67,76
2026-08-09 7:33,256080000,8.8,80.6,56.67,79
2026-08-09 7:35,256200000,8.8,80.8,57.5,64
2026-08-09 7:37,256320000,8.8,81.1,59.17,112
2026-08-09 7:39,256440000,8.8,80.7,59.17,90
2026-08-09 7:41,256560000,8.7,80.6,60.83,122
2026-08-09 7:43,256680000,8.9,80.8,61.67,109
2026-08-09 7:45,256800000,8.9,80.7,63.33,78
2026-08-09 7:47,256920000,8.9,80.5,65,59
2026-08-09 7:49,257040000,8.8,80.6,65.83,92
2026-08-09 7:51,257160000,8.8,80.6,65.83,65
2026-08-09 7:53,257280000,8.8,80.7,65.83,71
2026-08-09 7:55,257400000,8.8,81.3,65.83,122
2026-08-09 7:57,257520000,8.8,81.4,65.83,116
2026-08-09 7:59,257640000,8.8,80.9,67.5,109
2026-08-09 8:01,257760000,8.8,80.8,70,130
2026-08-09 8:03,257880000,8.8,80.8,21.67,159
2026-08-09 8:05,258000000,8.9,81,51.67,121
2026-08-09 8:07,258120000,8.8,80.9,50,130
2026-08-09 8:09,258240000,8.9,81,49.17,167
2026-08-09 8:11,258360000,8.9,80.7,50.83,104
2026-08-09 8:13,258480000,9,80.1,50.83,92
2026-08-09 8:15,258600000,8.9,80,51.67,65
2026-08-09 8:17,258720000,8.9,80.3,53.33,104
2026-08-09 8:19,258840000,9,80.5,53.33,96
2026-08-09 8:21,258960000,9,80.4,53.33,84
2026-08-09 8:23,259080000,9,80.3,53.33,99
2026-08-09 8:25,259200000,9.1,80.4,53.33,101
2026-08-09 8:27,259320000,9.1,80.2,55,96
2026-08-09 8:29,259440000,9.2,80.2,57.5,64
2026-08-09 8:31,259560000,9.2,80.2,60,101
2026-08-09 8:33,259680000,9.3,80.1,64.17,76
2026-08-09 8:35,259800000,9.2,80.2,62.5,79
2026-08-09 8:37,259920000,9.3,80.3,65,89
2026-08-09 8:39,260040000,9.4,80.1,68.33,136
2026-08-09 8:41,260160000,9.4,79.9,70.83,84
2026-08-09 8:43,260280000,9.4,80.1,70.83,122
2026-08-09 8:45,260400000,9.4,80.2,72.5,98
2026-08-09 8:47,260520000,9.5,80.3,76.67,92
2026-08-09 8:49,260640000,9.5,80,81.67,109
2026-08-09 8:51,260760000,9.5,80.3,90,98
2026-08-09 8:53,260880000,9.6,80.2,97.5,109
2026-08-09 8:55,261000000,9.6,80.2,104.17,75
2026-08-09 8:57,261120000,9.7,80,125,117
2026-08-09 8:59,261240000,9.9,79.9,156.67,77
2026-08-09 9:01,261360000,9.9,79.9,173.33,93
2026-08-09 9:03,261480000,10.1,79.7,177.5,111
2026-08-09 9:05,261600000,10.2,79.4,174.17,107
2026-08-09 9:07,261720000,10.4,79.4,165.83,98
2026-08-09 9:09,261840000,10.4,78.9,159.17,95
2026-08-09 9:11,261960000,10.6,78.9,164.17,101
2026-08-09 9:13,262080000,10.7,78.9,190,108
2026-08-09 9:15,262200000,10.7,78.6,207.5,99
2026-08-09 9:17,262320000,11,79.5,218.33,134
2026-08-09 9:19,262440000,11.2,78.5,223.33,145
2026-08-09 9:21,262560000,11.2,78.1,221.67,89
2026-08-09 9:23,262680000,11.4,78,220.83,127
2026-08-09 9:25,262800000,11.5,78,230.83,67
2026-08-09 9:27,262920000,11.7,77.5,229.17,120
2026-08-09 9:29,263040000,11.6,76.9,231.67,107
2026-08-09 9:31,263160000,11.9,77.1,239.17,121
2026-08-09 9:33,263280000,11.9,76.9,240,107
2026-08-09 9:35,263400000,12.1,76.5,237.5,88
2026-08-09 9:37,263520000,12.1,76.8,243.33,135
2026-08-09 9:39,263640000,12.2,76.6,240,75
2026-08-09 9:41,263760000,12.3,76.1,245,109
2026-08-09 9:43,263880000,12.4,76.2,247.5,96
2026-08-09 9:45,264000000,12.6,75.9,247.5,108
2026-08-09 9:47,264120000,12.6,75.8,251.67,90
2026-08-09 9:49,264240000,12.8,75.3,257.5,86
2026-08-09 9:51,264360000,12.8,74.9,258.33,99
2026-08-09 9:53,264480000,13,74.9,262.5,100
2026-08-09 9:55,264600000,13,75.3,256.67,141
2026-08-09 9:57,264720000,13.2,75.5,260,105
2026-08-09 9:59,264840000,13.2,74.9,266.67,101
2026-08-09 10:01,264960000,13.3,75.1,263.33,109
2026-08-09 10:03,265080000,13.5,73.3,266.67,143
2026-08-09 10:05,265200000,13.7,73.6,268.33,125
2026-08-09 10:07,265320000,13.7,73.8,271.67,114
2026-08-09 10:09,265440000,13.8,73.5,275,109
2026-08-09 10:11,265560000,13.9,73.2,280.83,118
2026-08-09 10:13,265680000,14,71.9,273.33,124
2026-08-09 10:15,265800000,14.1,72,275.83,84
2026-08-09 10:17,265920000,14.3,72.1,285,81
2026-08-09 10:19,266040000,14.3,71.6,151.67,95
2026-08-09 10:21,266160000,14.3,71.9,278.33,103
2026-08-09 10:23,266280000,14.5,70.9,286.67,86
2026-08-09 10:25,266400000,14.5,71.2,287.5,125
2026-08-09 10:27,266520000,14.7,71.4,287.5,81
2026-08-09 10:29,266640000,14.8,71.3,250.83,143
2026-08-09 10:31,266760000,14.9,70.2,285.83,89
2026-08-09 10:33,266880000,14.8,68.5,292.5,119
2026-08-09 10:35,267000000,15.1,69.4,224.17,106
2026-08-09 10:37,267120000,15.2,68.8,305.83,116
2026-08-09 10:39,267240000,15.2,69.3,318.33,130
2026-08-09 10:41,267360000,15.2,68.7,270.83,93
2026-08-09 10:43,267480000,15.4,69.2,315.83,95
2026-08-09 10:45,267600000,15.4,68.6,321.67,105
2026-08-09 10:47,267720000,15.6,68.6,223.33,149
2026-08-09 10:49,267840000,15.7,69.1,329.17,105
2026-08-09 10:51,267960000,15.7,68.4,103.33,112
2026-08-09 10:53,268080000,15.9,68.1,308.33,114
2026-08-09 10:55,268200000,15.9,67.7,329.17,125
2026-08-09 10:57,268320000,15.9,68.5,343.33,146
2026-08-09 10:59,268440000,16.1,68.3,342.5,103
2026-08-09 11:01,268560000,16.3,68.1,127.5,113
2026-08-09 11:03,268680000,16.4,66.5,335,115
2026-08-09 11:05,268800000,16.4,66.8,347.5,104
2026-08-09 11:07,268920000,16.4,67.1,355,104
2026-08-09 11:09,269040000,16.6,67.6,345,120
2026-08-09 11:11,269160000,16.7,66.2,356.67,126
2026-08-09 11:13,269280000,16.8,66.8,135,109
2026-08-09 11:15,269400000,16.9,66.7,355.83,182
2026-08-09 11:17,269520000,17,66.7,355.83,104
2026-08-09 11:19,269640000,17.2,65.3,268.33,107
2026-08-09 11:21,269760000,17.2,65.4,357.5,93
2026-08-09 11:23,269880000,17.3,65.6,145.83,109
2026-08-09 11:25,270000000,17.4,66.4,140.83,114
2026-08-09 11:27,270120000,17.5,65.7,222.5,117
2026-08-09 11:29,270240000,17.6,66,128.33,108
2026-08-09 11:31,270360000,17.6,65.4,229.17,134
2026-08-09 11:33,270480000,17.6,64.6,163.33,178
2026-08-09 11:35,270600000,17.7,63.8,371.67,114
2026-08-09 11:37,270720000,17.6,64.1,393.33,116
2026-08-09 11:39,270840000,17.7,64.4,162.5,135
2026-08-09 11:41,270960000,17.8,64.3,192.5,110
2026-08-09 11:43,271080000,17.8,63.6,180.83,156
2026-08-09 11:45,271200000,17.8,64.4,173.33,112
2026-08-09 11:47,271320000,17.9,64.4,140.83,142
2026-08-09 11:49,271440000,17.9,63.6,150.83,132
2026-08-09 11:51,271560000,17.9,63.9,382.5,137
2026-08-09 11:53,271680000,17.9,63,364.17,126
2026-08-09 11:55,271800000,18,63.4,119.17,98
2026-08-09 11:57,271920000,18.1,62.7,366.67,123
2026-08-09 11:59,272040000,18.2,61.7,355.83,87
2026-08-09 12:01,272160000,18.2,61.7,355.83,106
2026-08-09 12:03,272280000,18.3,61.6,290.83,123
2026-08-09 12:05,272400000,18.4,62.2,342.5,121
2026-08-09 12:07,272520000,18.6,63.2,338.33,142
2026-08-09 12:09,272640000,18.7,62,336.67,113
2026-08-09 12:11,272760000,18.8,61.7,346.67,140
2026-08-09 12:13,272880000,18.9,62.4,353.33,108
2026-08-09 12:15,273000000,19,61.7,120.83,114
2026-08-09 12:17,273120000,19,61.2,360.83,151
2026-08-09 12:19,273240000,19.2,60.5,356.67,117
2026-08-09 12:21,273360000,19.2,60.9,355.83,111
2026-08-09 12:23,273480000,19.4,60.6,365.83,111
2026-08-09 12:25,273600000,19.4,60.9,357.5,168
2026-08-09 12:27,273720000,19.6,61.2,246.67,150
2026-08-09 12:29,273840000,19.7,60.6,367.5,105
2026-08-09 12:31,273960000,19.9,60.9,379.17,128
2026-08-09 12:33,274080000,19.9,60.4,329.17,116
2026-08-09 12:35,274200000,20.2,60.9,377.5,125
2026-08-09 12:37,274320000,20.4,60.2,199.17,139
2026-08-09 12:39,274440000,20.4,60,141.67,119
2026-08-09 12:41,274560000,20.5,59.4,265,122
2026-08-09 12:43,274680000,20.5,59.2,399.17,150
2026-08-09 12:45,274800000,20.6,58.3,172.5,101
2026-08-09 12:47,274920000,20.7,58.3,205.83,106
2026-08-09 12:49,275040000,20.6,58.5,399.17,105
2026-08-09 12:51,275160000,20.6,59.1,245,101
2026-08-09 12:53,275280000,20.5,57.4,409.17,109
2026-08-09 12:55,275400000,20.5,56.7,266.67,111
2026-08-09 12:57,275520000,20.5,57,226.67,111
2026-08-09 12:59,275640000,20.6,58.8,263.33,128
2026-08-09 13:01,275760000,20.6,58.2,365.83,147
2026-08-09 13:03,275880000,20.7,58.3,360,105
2026-08-09 13:05,276000000,20.8,58,338.33,108
2026-08-09 13:07,276120000,20.8,57.5,365,123
2026-08-09 13:09,276240000,21,58.3,355,105
2026-08-09 13:11,276360000,21.1,57.2,354.17,116
2026-08-09 13:13,276480000,21.1,57.2,363.33,147
2026-08-09 13:15,276600000,21.1,56.2,359.17,134
2026-08-09 13:17,276720000,21.3,57.2,330,115
2026-08-09 13:19,276840000,21.4,56.9,272.5,165
2026-08-09 13:21,276960000,21.4,57,284.17,128
2026-08-09 13:23,277080000,21.5,56,380.83,136
2026-08-09 13:25,277200000,21.5,55.2,397.5,147
2026-08-09 13:27,277320000,21.6,56.4,182.5,136
2026-08-09 13:29,277440000,21.6,55.7,373.33,116
2026-08-09 13:31,277560000,21.6,55.4,382.5,147
2026-08-09 13:33,277680000,21.7,54.4,193.33,119
2026-08-09 13:35,277800000,21.7,55.1,244.17,112
2026-08-09 13:37,277920000,21.7,55,374.17,112
2026-08-09 13:39,278040000,21.7,54.8,362.5,155
2026-08-09 13:41,278160000,21.9,55,378.33,154
2026-08-09 13:43,278280000,21.8,54.8,388.33,131
2026-08-09 13:45,278400000,22,55,395,149
2026-08-09 13:47,278520000,21.9,54.2,377.5,112
2026-08-09 13:49,278640000,21.9,54.3,220,135
2026-08-09 13:51,278760000,21.9,54.3,385.83,122
2026-08-09 13:53,278880000,21.9,54.9,241.67,127
2026-08-09 13:55,279000000,21.9,54.2,189.17,126
2026-08-09 13:57,279120000,21.9,53.6,372.5,143
2026-08-09 13:59,279240000,22,54.1,294.17,174
2026-08-09 14:01,279360000,22,54.6,377.5,118
2026-08-09 14:03,279480000,22.1,53,168.33,139
2026-08-09 14:05,279600000,22.2,52.5,405.83,136
2026-08-09 14:07,279720000,22.1,51.3,200,132
2026-08-09 14:09,279840000,22.1,50.9,340.83,123
2026-08-09 14:11,279960000,22.1,51,381.67,133
2026-08-09 14:13,280080000,22,52,367.5,126
2026-08-09 14:15,280200000,22.1,51.5,295.83,133
2026-08-09 14:17,280320000,22.1,51.6,152.5,132
2026-08-09 14:19,280440000,22.2,51.7,320.83,127
2026-08-09 14:21,280560000,22.2,52,280.83,115
2026-08-09 14:23,280680000,22.1,51.8,348.33,149
2026-08-09 14:25,280800000,22.1,51.4,135.83,131
2026-08-09 14:27,280920000,22.1,51.3,355.83,146
2026-08-09 14:29,281040000,21.9,51,364.17,112
2026-08-09 14:31,281160000,22,51.4,355.83,118
2026-08-09 14:33,281280000,22.1,51.8,356.67,116
2026-08-09 14:35,281400000,22.1,51.8,279.17,137
2026-08-09 14:37,281520000,22.1,50.5,354.17,125
2026-08-09 14:39,281640000,22.2,51.3,337.5,106
2026-08-09 14:41,281760000,22.2,51.6,335.83,127
2026-08-09 14:43,281880000,22.2,52,339.17,120
2026-08-09 14:45,282000000,22.2,51.3,340.83,116
2026-08-09 14:47,282120000,22.2,51.7,329.17,117
2026-08-09 14:49,282240000,22.3,52.4,327.5,116
2026-08-09 14:51,282360000,22.3,51.4,328.33,110
2026-08-09 14:53,282480000,22.3,50.2,329.17,116
2026-08-09 14:55,282600000,22.4,49.7,320,133
2026-08-09 14:57,282720000,22.3,49.7,319.17,134
2026-08-09 14:59,282840000,22.2,50.1,325,116
2026-08-09 15:01,282960000,22.4,50.8,320,131
2026-08-09 15:03,283080000,22.4,51.3,316.67,112
2026-08-09 15:05,283200000,22.3,50.7,312.5,143
2026-08-09 15:07,283320000,22.4,50.9,313.33,100
2026-08-09 15:09,283440000,22.4,50.3,308.33,101
2026-08-09 15:11,283560000,22.3,51.2,313.33,105
2026-08-09 15:13,283680000,22.2,50.4,308.33,110
2026-08-09 15:15,283800000,22.3,50.8,305,93
2026-08-09 15:17,283920000,22.3,50.5,299.17,115
2026-08-09 15:19,284040000,22.3,50.1,299.17,116
2026-08-09 15:21,284160000,22.3,50.2,298.33,135
2026-08-09 15:23,284280000,22.3,49.6,322.5,113
2026-08-09 15:25,284400000,22.3,49.1,290.83,95
2026-08-09 15:27,284520000,22.2,49,285.83,159
2026-08-09 15:29,284640000,22.3,49.5,291.67,121
2026-08-09 15:31,284760000,22.2,50.6,295,128
2026-08-09 15:33,284880000,22.2,49.3,285.83,146
2026-08-09 15:35,285000000,22.2,49.2,286.67,99
2026-08-09 15:37,285120000,22.1,49.8,284.17,141
2026-08-09 15:39,285240000,22.2,50.2,282.5,104
2026-08-09 15:41,285360000,22.2,50.7,283.33,116
2026-08-09 15:43,285480000,22.2,50.6,284.17,113
2026-08-09 15:45,285600000,22.2,50,276.67,112
2026-08-09 15:47,285720000,22.2,50.1,280.83,92
2026-08-09 15:49,285840000,22.2,49.5,277.5,107
2026-08-09 15:51,285960000,22.2,50.1,276.67,120
2026-08-09 15:53,286080000,22.2,50.3,267.5,118
2026-08-09 15:55,286200000,22.2,50.3,266.67,106
2026-08-09 15:57,286320000,22.2,49.8,266.67,141
2026-08-09 15:59,286440000,22.2,49.9,262.5,142
2026-08-09 16:01,286560000,22.2,49.4,257.5,129
2026-08-09 16:03,286680000,22.2,50.1,264.17,125
2026-08-09 16:05,286800000,22.1,50.3,253.33,113
2026-08-09 16:07,286920000,22.1,48.9,260.83,116
2026-08-09 16:09,287040000,22,50.2,254.17,122
2026-08-09 16:11,287160000,22,49.7,251.67,86
2026-08-09 16:13,287280000,21.9,49.9,256.67,112
2026-08-09 16:15,287400000,22,51.3,242.5,111
2026-08-09 16:17,287520000,21.9,50,250.83,136
2026-08-09 16:19,287640000,21.9,50.5,244.17,99
2026-08-09 16:21,287760000,21.8,50.4,245.83,110
2026-08-09 16:23,287880000,21.8,50.8,234.17,116
2026-08-09 16:25,288000000,21.8,50.4,233.33,109
2026-08-09 16:27,288120000,21.8,50.4,235.83,99
2026-08-09 16:29,288240000,21.7,51.4,225.83,135
2026-08-09 16:31,288360000,21.7,51.5,228.33,117
2026-08-09 16:33,288480000,21.5,51,232.5,144
2026-08-09 16:35,288600000,21.5,51.2,225.83,115
2026-08-09 16:37,288720000,21.5,51.4,226.67,123
2026-08-09 16:39,288840000,21.5,51.5,220,124
2026-08-09 16:41,288960000,21.4,51.3,215,120
2026-08-09 16:43,289080000,21.5,51.8,215.83,123
2026-08-09 16:45,289200000,21.5,51.9,210.83,139
2026-08-09 16:47,289320000,21.5,52.2,213.33,116
2026-08-09 16:49,289440000,21.4,51.9,219.17,116
2026-08-09 16:51,289560000,21.4,52.2,200.83,107
2026-08-09 16:53,289680000,21.3,52.2,198.33,122
2026-08-09 16:55,289800000,21.2,52.3,197.5,125
2026-08-09 16:57,289920000,21.2,51.2,192.5,113
2026-08-09 16:59,290040000,21.1,51.1,213.33,117
2026-08-09 17:01,290160000,21.1,51.7,204.17,147
2026-08-09 17:03,290280000,21,51.2,193.33,108
2026-08-09 17:05,290400000,20.9,51.7,209.17,115
2026-08-09 17:07,290520000,20.7,51.4,181.67,112
2026-08-09 17:09,290640000,20.8,51.1,171.67,132
2026-08-09 17:11,290760000,20.7,51.9,140,102
2026-08-09 17:13,290880000,20.7,52.1,138.33,109
2026-08-09 17:15,291000000,20.6,51.7,120,119
2026-08-09 17:17,291120000,20.4,52.1,106.67,126
2026-08-09 17:19,291240000,20.4,52.6,90,111
2026-08-09 17:21,291360000,20.2,52.2,74.17,125
2026-08-09 17:23,291480000,20.2,52.8,65,121
2026-08-09 17:25,291600000,20.1,52.9,62.5,138
2026-08-09 17:27,291720000,20,53.6,57.5,108
2026-08-09 17:29,291840000,19.8,52.8,54.17,121
2026-08-09 17:31,291960000,19.8,54.4,55,113
2026-08-09 17:33,292080000,19.7,54.3,54.17,121
2026-08-09 17:35,292200000,19.6,54.1,53.33,145
2026-08-09 17:37,292320000,19.4,54.1,50.83,82
2026-08-09 17:39,292440000,19.3,54.4,50,116
2026-08-09 17:41,292560000,19.2,55.2,49.17,94
2026-08-09 17:43,292680000,19.1,54.5,49.17,77
2026-08-09 17:45,292800000,18.9,54.9,47.5,148
2026-08-09 17:47,292920000,18.8,54.2,46.67,138
2026-08-09 17:49,293040000,18.8,55,45.83,100
2026-08-09 17:51,293160000,18.6,55.5,44.17,107
2026-08-09 17:53,293280000,18.6,55.4,44.17,116
2026-08-09 17:55,293400000,18.5,55.9,40.83,97
2026-08-09 17:57,293520000,18.4,56.1,39.17,125
2026-08-09 17:59,293640000,18.3,56,36.67,130
2026-08-09 18:01,293760000,18.3,56.2,35.83,173
2026-08-09 18:03,293880000,18.2,56.3,34.17,110
2026-08-09 18:05,294000000,18.1,56.8,32.5,117
2026-08-09 18:07,294120000,18.1,57.2,30.83,164
2026-08-09 18:09,294240000,18,57.4,30,120
2026-08-09 18:11,294360000,17.9,57.8,29.17,129
2026-08-09 18:13,294480000,17.8,57.9,28.33,108
2026-08-09 18:15,294600000,17.7,58.4,1.67,120
2026-08-09 18:17,294720000,17.7,58.5,1.67,94
2026-08-09 18:19,294840000,17.6,58.9,0.83,118
2026-08-09 18:21,294960000,17.5,58.3,0.83,151
2026-08-09 18:23,295080000,17.4,58.9,0,109
2026-08-09 18:25,295200000,17.4,58.9,0,105
2026-08-09 18:27,295320000,17.2,59,0,122
2026-08-09 18:29,295440000,17.2,59.4,0,105
2026-08-09 18:31,295560000,17,59.3,51.67,114
2026-08-09 18:33,295680000,17,59.6,51.67,136
2026-08-09 18:35,295800000,16.8,59.6,50.83,92
2026-08-09 18:37,295920000,16.8,59.5,50,129
2026-08-09 18:39,296040000,16.7,60.1,50,106
2026-08-09 18:41,296160000,16.7,59.4,50,81
2026-08-09 18:43,296280000,16.6,60.2,49.17,139
2026-08-09 18:45,296400000,16.4,59.5,49.17,91
2026-08-09 18:47,296520000,16.5,59.6,49.17,67
2026-08-09 18:49,296640000,16.4,60.2,49.17,126
2026-08-09 18:51,296760000,16.3,60.4,48.33,103
2026-08-09 18:53,296880000,16.2,60.2,48.33,103
2026-08-09 18:55,297000000,16.2,60.3,49.17,164
2026-08-09 18:57,297120000,16.2,59.7,48.33,113
2026-08-09 18:59,297240000,16.1,60,48.33,114
2026-08-09 19:01,297360000,16.1,59.6,48.33,79
2026-08-09 19:03,297480000,16,59.9,48.33,133
2026-08-09 19:05,297600000,15.9,59.4,48.33,108
2026-08-09 19:07,297720000,15.7,59.5,48.33,82
2026-08-09 19:09,297840000,15.8,59.4,48.33,105
2026-08-09 19:11,297960000,15.8,59.4,48.33,81
2026-08-09 19:13,298080000,15.7,59.3,48.33,125
2026-08-09 19:15,298200000,15.6,58.6,48.33,135
2026-08-09 19:17,298320000,15.5,58.4,48.33,136
2026-08-09 19:19,298440000,15.4,58.9,48.33,116
2026-08-09 19:21,298560000,15.3,59,48.33,154
2026-08-09 19:23,298680000,15.2,58.7,48.33,104
2026-08-09 19:25,298800000,15.2,58.8,48.33,113
2026-08-09 19:27,298920000,15,57.8,48.33,90
2026-08-09 19:29,299040000,14.9,58.7,48.33,90
2026-08-09 19:31,299160000,14.9,59,48.33,126
2026-08-09 19:33,299280000,14.8,60,48.33,105
2026-08-09 19:35,299400000,14.8,60.4,48.33,73
2026-08-09 19:37,299520000,14.7,60.7,48.33,107
2026-08-09 19:39,299640000,14.7,60.8,48.33,126
2026-08-09 19:41,299760000,14.7,60.2,48.33,98
2026-08-09 19:43,299880000,14.6,59.6,48.33,74
2026-08-09 19:45,300000000,14.5,59.7,48.33,76
2026-08-09 19:47,300120000,14.5,60.3,48.33,104
2026-08-09 19:49,300240000,14.4,60.7,48.33,84
2026-08-09 19:51,300360000,14.3,59.5,48.33,92
2026-08-09 19:53,300480000,14.3,59.6,48.33,63
2026-08-09 19:55,300600000,14.2,59.9,48.33,131
2026-08-09 19:57,300720000,14.2,59.9,48.33,83
2026-08-09 19:59,300840000,14.2,58.8,48.33,94
2026-08-09 20:01,300960000,14.1,59.3,48.33,108
2026-08-09 20:03,301080000,14,59.6,48.33,94
2026-08-09 20:05,301200000,14.1,59.9,48.33,117
2026-08-09 20:07,301320000,14,59.7,48.33,139
2026-08-09 20:09,301440000,14,60.4,48.33,118
2026-08-09 20:11,301560000,13.9,60.4,48.33,101
2026-08-09 20:13,301680000,13.9,60.5,48.33,86
2026-08-09 20:15,301800000,13.8,60.3,48.33,135
2026-08-09 20:17,301920000,13.8,60.5,48.33,101
2026-08-09 20:19,302040000,13.7,59.5,48.33,48
2026-08-09 20:21,302160000,13.7,60.6,48.33,105
2026-08-09 20:23,302280000,13.7,60.6,48.33,87
2026-08-09 20:25,302400000,13.5,60.6,48.33,89
2026-08-09 20:27,302520000,13.5,60.2,48.33,69
2026-08-09 20:29,302640000,13.6,59.3,48.33,100
2026-08-09 20:31,302760000,13.4,59.3,48.33,55
2026-08-09 20:33,302880000,13.4,60,48.33,81
2026-08-09 20:35,303000000,13.4,59.4,48.33,97
2026-08-09 20:37,303120000,13.3,60.2,48.33,72
2026-08-09 20:39,303240000,13.3,60.1,48.33,81
2026-08-09 20:41,303360000,13.3,60.6,48.33,87
2026-08-09 20:43,303480000,13.2,59.1,48.33,103
2026-08-09 20:45,303600000,13.2,60,48.33,64
2026-08-09 20:47,303720000,13.2,59,48.33,113
2026-08-09 20:49,303840000,13.1,59.6,48.33,86
2026-08-09 20:51,303960000,13.1,59.7,48.33,114
2026-08-09 20:53,304080000,13,59.5,48.33,95
2026-08-09 20:55,304200000,12.9,59.3,48.33,110
2026-08-09 20:57,304320000,12.9,60.2,48.33,114
2026-08-09 20:59,304440000,12.9,59.2,48.33,87
2026-08-09 21:01,304560000,12.8,59.2,48.33,62
2026-08-09 21:03,304680000,12.8,60.5,48.33,80
2026-08-09 21:05,304800000,12.8,59.9,48.33,91
2026-08-09 21:07,304920000,12.8,59.8,48.33,109
2026-08-09 21:09,305040000,12.7,59.7,48.33,92
2026-08-09 21:11,305160000,12.6,59.3,48.33,85
2026-08-09 21:13,305280000,12.6,60.2,48.33,92
2026-08-09 21:15,305400000,12.6,60,48.33,94
2026-08-09 21:17,305520000,12.5,59.9,48.33,113
2026-08-09 21:19,305640000,12.5,60.1,48.33,92
2026-08-09 21:21,305760000,12.5,59.3,48.33,176
2026-08-09 21:23,305880000,12.5,60.4,48.33,157
2026-08-09 21:25,306000000,12.5,60.3,48.33,79
2026-08-09 21:27,306120000,12.3,60.7,48.33,74
2026-08-09 21:29,306240000,12.4,60.4,49.17,174
2026-08-09 21:31,306360000,12.4,60.4,48.33,65
2026-08-09 21:33,306480000,12.3,60.2,48.33,144
2026-08-09 21:35,306600000,12.3,60.7,49.17,98
2026-08-09 21:37,306720000,12.3,60.6,49.17,81
2026-08-09 21:39,306840000,12.2,60.5,48.33,124
2026-08-09 21:41,306960000,12.2,60.6,48.33,104
2026-08-09 21:43,307080000,12.2,60.6,48.33,76
2026-08-09 21:45,307200000,12.1,60.4,48.33,87
2026-08-09 21:47,307320000,12.1,60.6,48.33,68
2026-08-09 21:49,307440000,12,60.5,48.33,163
2026-08-09 21:51,307560000,12.1,60.9,48.33,132
2026-08-09 21:53,307680000,12.1,60.9,48.33,81
2026-08-09 21:55,307800000,11.9,60.6,48.33,100
2026-08-09 21:57,307920000,12,60.7,49.17,117
2026-08-09 21:59,308040000,11.9,60.9,48.33,83
2026-08-09 22:01,308160000,11.9,61.3,48.33,68
2026-08-09 22:03,308280000,11.8,61.2,49.17,96
2026-08-09 22:05,308400000,11.9,61.1,49.17,92
2026-08-09 22:07,308520000,11.8,60.9,48.33,101
2026-08-09 22:09,308640000,11.8,61,48.33,76
2026-08-09 22:11,308760000,11.8,60.6,48.33,78
2026-08-09 22:13,308880000,11.8,60.3,48.33,102
2026-08-09 22:15,309000000,11.7,61,48.33,85
2026-08-09 22:17,309120000,11.7,61.6,48.33,90
2026-08-09 22:19,309240000,11.7,61.9,48.33,87
2026-08-09 22:21,309360000,11.7,61.1,49.17,99
2026-08-09 22:23,309480000,11.6,61.7,48.33,108
2026-08-09 22:25,309600000,11.6,61.5,49.17,128
2026-08-09 22:27,309720000,11.6,61.5,49.17,75
2026-08-09 22:29,309840000,11.7,62.3,48.33,83
2026-08-09 22:31,309960000,11.5,62.1,49.17,95
2026-08-09 22:33,310080000,11.5,61.6,49.17,93
2026-08-09 22:35,310200000,11.5,61.1,48.33,107
2026-08-09 22:37,310320000,11.6,62.1,48.33,104
2026-08-09 22:39,310440000,11.5,61.9,48.33,112
2026-08-09 22:41,310560000,11.5,61.4,49.17,108
2026-08-09 22:43,310680000,11.5,61.6,48.33,88
2026-08-09 22:45,310800000,11.4,62.2,48.33,133
2026-08-09 22:47,310920000,11.4,62.3,49.17,84
2026-08-09 22:49,311040000,11.4,62.1,48.33,93
2026-08-09 22:51,311160000,11.3,62.3,48.33,93
2026-08-09 22:53,311280000,11.3,62,48.33,76
2026-08-09 22:55,311400000,11.2,62.7,48.33,96
2026-08-09 22:57,311520000,11.2,62.2,48.33,126
2026-08-09 22:59,311640000,11.3,62.1,49.17,113
2026-08-09 23:01,311760000,11.3,62.1,48.33,107
2026-08-09 23:03,311880000,11.3,62,49.17,65
2026-08-09 23:05,312000000,11.1,62.9,49.17,121
2026-08-09 23:07,312120000,11.2,63.1,48.33,65
2026-08-09 23:09,312240000,11.1,63.8,48.33,108
2026-08-09 23:11,312360000,11.1,63.2,48.33,110
2026-08-09 23:13,312480000,11.1,64.1,49.17,89
2026-08-09 23:15,312600000,11.1,63.8,49.17,150
2026-08-09 23:17,312720000,10.9,63.1,48.33,105
2026-08-09 23:19,312840000,10.9,63.9,48.33,105
2026-08-09 23:21,312960000,10.9,63.9,48.33,60
2026-08-09 23:23,313080000,11.1,64.5,48.33,75
2026-08-09 23:25,313200000,10.8,64.6,49.17,106
2026-08-09 23:27,313320000,10.9,64.1,48.33,77
2026-08-09 23:29,313440000,10.8,64.2,48.33,105
2026-08-09 23:31,313560000,10.6,64.1,48.33,80
2026-08-09 23:33,313680000,10.7,64,48.33,88
2026-08-09 23:35,313800000,10.6,64.5,48.33,64
2026-08-09 23:37,313920000,10.6,65,48.33,89
2026-08-09 23:39,314040000,10.4,65.1,48.33,111
2026-08-09 23:41,314160000,10.6,65.3,49.17,95
2026-08-09 23:43,314280000,10.6,65.5,48.33,106
2026-08-09 23:45,314400000,10.6,64.5,48.33,94
2026-08-09 23:47,314520000,10.5,64.9,48.33,111
2026-08-09 23:49,314640000,10.5,65,48.33,139
2026-08-09 23:51,314760000,10.5,65.9,48.33,164
2026-08-09 23:53,314880000,10.4,65.3,48.33,101
2026-08-09 23:55,315000000,10.3,65,48.33,94
2026-08-09 23:57,315120000,10.4,65.6,48.33,149
2026-08-09 23:59,315240000,10.4,65.6,48.33,99
2026-08-10 0:01,315360000,10.3,65.7,48.33,83
2026-08-10 0:03,315480000,10.2,65.6,48.33,91
2026-08-10 0:05,315600000,10.3,65.9,48.33,96
2026-08-10 0:07,315720000,10.4,65.8,48.33,97
2026-08-10 0:09,315840000,10.2,65.7,49.17,148
2026-08-10 0:11,315960000,10.2,66.1,49.17,85
2026-08-10 0:13,316080000,10.2,66.1,48.33,93
2026-08-10 0:15,316200000,10.2,66.2,48.33,96
2026-08-10 0:17,316320000,10.1,66.8,0,104
2026-08-10 0:19,316440000,10.1,66.4,0,136
2026-08-10 0:21,316560000,10.2,66.1,0,123
2026-08-10 0:23,316680000,10.1,66.5,0,127
2026-08-10 0:25,316800000,10.1,67,0,80
2026-08-10 0:27,316920000,10.1,66.4,0,104
2026-08-10 0:29,317040000,10.1,66.8,0,103
2026-08-10 0:31,317160000,10.1,67.8,0,113
2026-08-10 0:33,317280000,10,67.4,0,124
2026-08-10 0:35,317400000,10,66.9,0,101
2026-08-10 0:37,317520000,9.9,66.9,0,78
2026-08-10 0:39,317640000,9.9,67.7,0,89
2026-08-10 0:41,317760000,9.9,67.3,0,112
2026-08-10 0:43,317880000,10,67.6,0,92
2026-08-10 0:45,318000000,9.8,67.3,0,90
2026-08-10 0:47,318120000,9.8,66.9,0,97
2026-08-10 0:49,318240000,9.8,67.2,0,79
2026-08-10 0:51,318360000,9.8,67,0,106
2026-08-10 0:53,318480000,9.7,67.9,0,98
2026-08-10 0:55,318600000,9.7,68,0,144
2026-08-10 0:57,318720000,9.7,67.6,0,106
2026-08-10 0:59,318840000,9.8,68.4,0,71
2026-08-10 1:01,318960000,9.7,68.6,0,93
2026-08-10 1:03,319080000,9.7,67.9,0,101
2026-08-10 1:05,319200000,9.7,68.3,0,101
2026-08-10 1:07,319320000,9.7,68.1,0,107
2026-08-10 1:09,319440000,9.6,68.1,0,83
2026-08-10 1:11,319560000,9.7,68.2,0,85
2026-08-10 1:13,319680000,9.6,67.7,0,109
2026-08-10 1:15,319800000,9.6,67.9,0,83
2026-08-10 1:17,319920000,9.6,68.6,0,101
2026-08-10 1:19,320040000,9.6,68.5,0,103
2026-08-10 1:21,320160000,9.5,68,0,152
2026-08-10 1:23,320280000,9.6,68.4,0,156
2026-08-10 1:25,320400000,9.5,68.1,0,89
2026-08-10 1:27,320520000,9.5,68,0,93
2026-08-10 1:29,320640000,9.4,68.4,0,109
2026-08-10 1:31,320760000,9.4,68.1,0,113
2026-08-10 1:33,320880000,9.4,68.2,0,72
2026-08-10 1:35,321000000,9.4,68.4,0,118
2026-08-10 1:37,321120000,9.3,68.4,0,88
2026-08-10 1:39,321240000,9.4,68.8,0,94
2026-08-10 1:41,321360000,9.4,69.2,0,90
2026-08-10 1:43,321480000,9.3,69.1,0,97
2026-08-10 1:45,321600000,9.3,68.6,0,86
2026-08-10 1:47,321720000,9.3,68.8,0,73
2026-08-10 1:49,321840000,9.3,69.4,0,108
2026-08-10 1:51,321960000,9.3,69.2,0,121
2026-08-10 1:53,322080000,9.3,69,0,61
2026-08-10 1:55,322200000,9.2,69.2,0,128
2026-08-10 1:57,322320000,9.2,69,0,73
2026-08-10 1:59,322440000,9.1,69.6,0,82
2026-08-10 2:01,322560000,9.1,69.9,0,82
2026-08-10 2:03,322680000,9.2,70.1,0,92
2026-08-10 2:05,322800000,9.2,70.6,0,78
2026-08-10 2:07,322920000,9.1,70.5,0,76
2026-08-10 2:09,323040000,9.2,69.9,0,77
2026-08-10 2:11,323160000,9,69.6,0,115
2026-08-10 2:13,323280000,9.1,70,0,91
2026-08-10 2:15,323400000,9,70,0,108
2026-08-10 2:17,323520000,9.1,70.3,0,82
2026-08-10 2:19,323640000,9,70.8,0,93
2026-08-10 2:21,323760000,9,70.2,0,109
2026-08-10 2:23,323880000,9,69.8,0,110
2026-08-10 2:25,324000000,9.1,69.7,0,88
2026-08-10 2:27,324120000,9,69.8,0,126
2026-08-10 2:29,324240000,9,69.6,0,82
2026-08-10 2:31,324360000,9,69.9,0,104
2026-08-10 2:33,324480000,9,70.2,0,90
2026-08-10 2:35,324600000,8.9,70.1,0,97
2026-08-10 2:37,324720000,8.9,69.8,0,66
2026-08-10 2:39,324840000,8.9,69.9,0,90
2026-08-10 2:41,324960000,8.9,70,0,103
2026-08-10 2:43,325080000,8.9,70.4,0,95
2026-08-10 2:45,325200000,8.9,70.2,0,108
2026-08-10 2:47,325320000,8.9,70.3,0,88
2026-08-10 2:49,325440000,8.8,70.2,0,72
2026-08-10 2:51,325560000,8.8,70.4,0,92
2026-08-10 2:53,325680000,8.9,70.8,0,102
2026-08-10 2:55,325800000,8.8,70.8,0,93
2026-08-10 2:57,325920000,8.8,71,0,68
2026-08-10 2:59,326040000,8.8,70.2,0,73
2026-08-10 3:01,326160000,8.7,70.1,0,93
2026-08-10 3:03,326280000,8.7,71,0,100
2026-08-10 3:05,326400000,8.7,71,0,87
2026-08-10 3:07,326520000,8.7,70.7,0,81
2026-08-10 3:09,326640000,8.7,70.2,0,80
2026-08-10 3:11,326760000,8.7,70.2,0,83
2026-08-10 3:13,326880000,8.6,70.5,0,108
2026-08-10 3:15,327000000,8.6,70.3,0,97
2026-08-10 3:17,327120000,8.6,70.2,0,72
2026-08-10 3:19,327240000,8.6,70.4,0,104
2026-08-10 3:21,327360000,8.6,70.5,0,91
2026-08-10 3:23,327480000,8.7,70.6,0,112
2026-08-10 3:25,327600000,8.5,71.1,0,86
2026-08-10 3:27,327720000,8.6,70.6,0,76
2026-08-10 3:29,327840000,8.6,70.6,0,76
2026-08-10 3:31,327960000,8.6,70.6,0,109
2026-08-10 3:33,328080000,8.5,70.9,0,80
2026-08-10 3:35,328200000,8.5,71.1,52.5,91
2026-08-10 3:37,328320000,8.5,71.3,51.67,138
2026-08-10 3:39,328440000,8.4,71.5,50.83,72
2026-08-10 3:41,328560000,8.5,71,50.83,77
2026-08-10 3:43,328680000,8.6,71.7,50,102
2026-08-10 3:45,328800000,8.5,70.9,50,88
2026-08-10 3:47,328920000,8.5,71.3,50,81
2026-08-10 3:49,329040000,8.5,70.8,49.17,95
2026-08-10 3:51,329160000,8.6,71.3,49.17,65
2026-08-10 3:53,329280000,8.5,71,50,133
2026-08-10 3:55,329400000,8.6,71.7,49.17,82
2026-08-10 3:57,329520000,8.6,71.3,49.17,107
2026-08-10 3:59,329640000,8.6,70.4,49.17,124
2026-08-10 4:01,329760000,8.5,70.9,49.17,103
2026-08-10 4:03,329880000,8.5,71.3,48.33,87
2026-08-10 4:05,330000000,8.4,70.8,49.17,143
2026-08-10 4:07,330120000,8.5,71.4,48.33,75
2026-08-10 4:09,330240000,8.4,70.9,48.33,74
2026-08-10 4:11,330360000,8.4,71.8,49.17,58
2026-08-10 4:13,330480000,8.3,71.7,48.33,87
2026-08-10 4:15,330600000,8.4,71,48.33,131
2026-08-10 4:17,330720000,8.4,71.5,49.17,100
2026-08-10 4:19,330840000,8.4,71.3,48.33,113
2026-08-10 4:21,330960000,8.4,71.6,49.17,94
2026-08-10 4:23,331080000,8.3,71,49.17,88
2026-08-10 4:25,331200000,8.2,71.2,48.33,81
2026-08-10 4:27,331320000,8.3,71.6,48.33,89
2026-08-10 4:29,331440000,8.3,71.6,48.33,121
2026-08-10 4:31,331560000,8.3,71.1,49.17,83
2026-08-10 4:33,331680000,8.3,71.5,49.17,64
2026-08-10 4:35,331800000,8.1,71.6,48.33,62
2026-08-10 4:37,331920000,8.3,71.3,48.33,89
2026-08-10 4:39,332040000,8.1,71.2,48.33,63
2026-08-10 4:41,332160000,8.2,71.7,49.17,92
2026-08-10 4:43,332280000,8.2,71.9,48.33,68
2026-08-10 4:45,332400000,8.1,71.8,48.33,144
2026-08-10 4:47,332520000,8.2,71.8,48.33,80
2026-08-10 4:49,332640000,8.2,71.6,48.33,98
2026-08-10 4:51,332760000,8.1,71.8,48.33,81
2026-08-10 4:53,332880000,8.2,71.6,49.17,104
2026-08-10 4:55,333000000,8.2,71.5,49.17,71
2026-08-10 4:57,333120000,8.2,71.2,48.33,122
2026-08-10 4:59,333240000,8.2,71.1,49.17,100
2026-08-10 5:01,333360000,8.3,71.1,48.33,40
2026-08-10 5:03,333480000,8.3,71.9,49.17,126
2026-08-10 5:05,333600000,8.2,71.2,48.33,87
2026-08-10 5:07,333720000,8.2,71.3,49.17,144
2026-08-10 5:09,333840000,8.2,71.1,48.33,90
2026-08-10 5:11,333960000,8.2,71.4,49.17,84
2026-08-10 5:13,334080000,8.2,71.8,48.33,98
2026-08-10 5:15,334200000,8.2,71.7,48.33,98
2026-08-10 5:17,334320000,8.2,71.5,49.17,94
2026-08-10 5:19,334440000,8.2,72.5,48.33,94
2026-08-10 5:21,334560000,8.1,71.9,49.17,112
2026-08-10 5:23,334680000,8.1,72.1,49.17,70
2026-08-10 5:25,334800000,8,71.6,49.17,88
2026-08-10 5:27,334920000,8.2,72,48.33,90
2026-08-10 5:29,335040000,8.2,71.5,48.33,86
2026-08-10 5:31,335160000,8.1,71.4,49.17,72
2026-08-10 5:33,335280000,8.2,71.5,48.33,128
2026-08-10 5:35,335400000,8.1,71.1,48.33,102
2026-08-10 5:37,335520000,8.3,71.1,49.17,83
2026-08-10 5:39,335640000,8.1,71.5,48.33,83
2026-08-10 5:41,335760000,8.2,71.2,48.33,83
2026-08-10 5:43,335880000,8.2,71.3,49.17,68
2026-08-10 5:45,336000000,8.2,71.7,48.33,87
2026-08-10 5:47,336120000,8.1,71.2,48.33,81
2026-08-10 5:49,336240000,8,71.1,48.33,132
2026-08-10 5:51,336360000,8.1,71.1,49.17,122
2026-08-10 5:53,336480000,8.1,71.3,49.17,66
2026-08-10 5:55,336600000,8.2,71.4,48.33,78
2026-08-10 5:57,336720000,8,71,48.33,148
2026-08-10 5:59,336840000,8.1,71.1,49.17,97
2026-08-10 6:01,336960000,8.1,71,49.17,90
2026-08-10 6:03,337080000,8,71.1,49.17,125
2026-08-10 6:05,337200000,8.1,70.6,48.33,133
2026-08-10 6:07,337320000,8,70.6,49.17,86
2026-08-10 6:09,337440000,8.1,71,48.33,93
2026-08-10 6:11,337560000,8.1,71.1,49.17,91
2026-08-10 6:13,337680000,8,70.9,48.33,81
2026-08-10 6:15,337800000,8,71.1,48.33,95
2026-08-10 6:17,337920000,8,70.4,49.17,79
2026-08-10 6:19,338040000,8,70.7,48.33,87
2026-08-10 6:21,338160000,8,70.4,49.17,110
2026-08-10 6:23,338280000,7.9,70.5,49.17,79
2026-08-10 6:25,338400000,8,70.7,49.17,103
2026-08-10 6:27,338520000,8.1,70.1,49.17,92
2026-08-10 6:29,338640000,8,70.5,49.17,85
2026-08-10 6:31,338760000,8.1,70.5,49.17,142
2026-08-10 6:33,338880000,8,70.5,48.33,72
2026-08-10 6:35,339000000,7.9,70.2,49.17,76
2026-08-10 6:37,339120000,7.9,70.5,48.33,102
2026-08-10 6:39,339240000,7.9,71.1,48.33,116
2026-08-10 6:41,339360000,7.9,70.5,48.33,119
2026-08-10 6:43,339480000,8.1,71.1,48.33,65
2026-08-10 6:45,339600000,8,70.6,49.17,99
2026-08-10 6:47,339720000,8,70.5,48.33,80
2026-08-10 6:49,339840000,8,70.5,48.33,143
2026-08-10 6:51,339960000,7.9,71,48.33,98
2026-08-10 6:53,340080000,8,70.8,48.33,59
2026-08-10 6:55,340200000,7.9,70.7,48.33,70
2026-08-10 6:57,340320000,8,70.7,49.17,98
2026-08-10 6:59,340440000,8,70.7,49.17,75
2026-08-10 7:01,340560000,7.8,71.1,48.33,100
2026-08-10 7:03,340680000,8,71.4,49.17,79
2026-08-10 7:05,340800000,7.9,71.1,49.17,70
2026-08-10 7:07,340920000,7.9,71.3,49.17,66
2026-08-10 7:09,341040000,8,70.8,50,103
2026-08-10 7:11,341160000,7.9,71.2,50.83,107
2026-08-10 7:13,341280000,8,70.9,50.83,104
2026-08-10 7:15,341400000,7.9,70.8,50.83,83
2026-08-10 7:17,341520000,8,71,51.67,71
2026-08-10 7:19,341640000,8,70.7,53.33,62
2026-08-10 7:21,341760000,8,71.2,53.33,100
2026-08-10 7:23,341880000,8,70.8,53.33,107
2026-08-10 7:25,342000000,8,70.7,54.17,92
2026-08-10 7:27,342120000,8,71.3,55,84
2026-08-10 7:29,342240000,8,71.5,56.67,98
2026-08-10 7:31,342360000,8.1,71.2,57.5,88
2026-08-10 7:33,342480000,8,70.6,59.17,76
2026-08-10 7:35,342600000,8,70.8,60.83,74
2026-08-10 7:37,342720000,8,71.7,61.67,76
2026-08-10 7:39,342840000,8,71.1,61.67,81
2026-08-10 7:41,342960000,7.9,71.3,62.5,104
2026-08-10 7:43,343080000,8,71.6,64.17,90
2026-08-10 7:45,343200000,7.9,71,65.83,103
2026-08-10 7:47,343320000,7.8,71.3,68.33,100
2026-08-10 7:49,343440000,7.9,71.8,68.33,105
2026-08-10 7:51,343560000,8,71.9,66.67,68
2026-08-10 7:53,343680000,7.9,71,68.33,89
2026-08-10 7:55,343800000,7.9,71.7,69.17,120
2026-08-10 7:57,343920000,8,71.5,70,128
2026-08-10 7:59,344040000,8,71.3,70.83,70
2026-08-10 8:01,344160000,8,71.2,71.67,79
2026-08-10 8:03,344280000,7.9,71.1,52.5,75
2026-08-10 8:05,344400000,8,71.1,50.83,68
2026-08-10 8:07,344520000,8,71.1,50,68
2026-08-10 8:09,344640000,7.9,71.7,53.33,111
2026-08-10 8:11,344760000,8,71.6,53.33,82
2026-08-10 8:13,344880000,8,71.6,54.17,66
2026-08-10 8:15,345000000,8,72.1,54.17,83
2026-08-10 8:17,345120000,8,71.5,53.33,110
2026-08-10 8:19,345240000,8,71.5,55.83,82
2026-08-10 8:21,345360000,7.9,71.6,58.33,103
2026-08-10 8:23,345480000,8.1,71.3,58.33,130
2026-08-10 8:25,345600000,8.1,71.3,60,79
2026-08-10 8:27,345720000,8.1,71.3,60.83,83
2026-08-10 8:29,345840000,8,71.2,61.67,102
2026-08-10 8:31,345960000,8.1,71.2,65,83
2026-08-10 8:33,346080000,8.1,70.9,68.33,82
2026-08-10 8:35,346200000,8.2,71.2,68.33,84
2026-08-10 8:37,346320000,8.2,70.9,68.33,87
2026-08-10 8:39,346440000,8.2,71.3,72.5,79
2026-08-10 8:41,346560000,8.3,71.3,76.67,104
2026-08-10 8:43,346680000,8.3,71,75,111
2026-08-10 8:45,346800000,8.3,70.9,79.17,99
2026-08-10 8:47,346920000,8.3,71.1,84.17,81
2026-08-10 8:49,347040000,8.4,71.6,81.67,64
2026-08-10 8:51,347160000,8.4,71.4,98.33,104
2026-08-10 8:53,347280000,8.5,71.1,106.67,91
2026-08-10 8:55,347400000,8.5,70.9,118.33,66
2026-08-10 8:57,347520000,8.6,70.8,134.17,129
2026-08-10 8:59,347640000,8.7,70.6,160,116
2026-08-10 9:01,347760000,8.8,70.4,174.17,90
2026-08-10 9:03,347880000,8.9,70.6,172.5,93
2026-08-10 9:05,348000000,8.9,70.3,144.17,68
2026-08-10 9:07,348120000,9.1,70.6,174.17,106
2026-08-10 9:09,348240000,9.2,69.9,160.83,99
2026-08-10 9:11,348360000,9.3,69.5,170,105
2026-08-10 9:13,348480000,9.3,69.5,164.17,84
2026-08-10 9:15,348600000,9.4,69.1,220.83,87
2026-08-10 9:17,348720000,9.4,69.1,242.5,92
2026-08-10 9:19,348840000,9.7,69.3,228.33,86
2026-08-10 9:21,348960000,9.8,68.3,235,77
2026-08-10 9:23,349080000,9.9,68.2,246.67,55
2026-08-10 9:25,349200000,10.1,67.3,213.33,87
2026-08-10 9:27,349320000,10.2,67,248.33,129
2026-08-10 9:29,349440000,10.2,66.7,221.67,84
2026-08-10 9:31,349560000,10.4,66.5,214.17,105
2026-08-10 9:33,349680000,10.6,66.6,233.33,77
2026-08-10 9:35,349800000,10.6,66.3,240,96
2026-08-10 9:37,349920000,10.9,66.2,222.5,122
2026-08-10 9:39,350040000,11.1,66,215,73
2026-08-10 9:41,350160000,11.1,65.7,267.5,116
2026-08-10 9:43,350280000,11.5,65.6,276.67,95
2026-08-10 9:45,350400000,11.6,65.3,219.17,94
2026-08-10 9:47,350520000,11.7,64.9,228.33,83
2026-08-10 9:49,350640000,11.9,65.4,282.5,114
2026-08-10 9:51,350760000,12,64.4,266.67,73
2026-08-10 9:53,350880000,12.1,64.4,270,108
2026-08-10 9:55,351000000,12.2,63.9,265.83,84
2026-08-10 9:57,351120000,12.4,63.9,249.17,107
2026-08-10 9:59,351240000,12.6,63.2,250.83,108
2026-08-10 10:01,351360000,12.6,63.5,240.83,121
2026-08-10 10:03,351480000,12.7,63.2,283.33,103
2026-08-10 10:05,351600000,12.9,62.8,235.83,89
2026-08-10 10:07,351720000,13.1,61.9,218.33,99
2026-08-10 10:09,351840000,13.2,61.8,294.17,101
2026-08-10 10:11,351960000,13.3,62.8,292.5,93
2026-08-10 10:13,352080000,13.4,61.5,310.83,109
2026-08-10 10:15,352200000,13.5,61.8,308.33,103
2026-08-10 10:17,352320000,13.6,61.1,274.17,97
2026-08-10 10:19,352440000,13.7,61.5,266.67,83
2026-08-10 10:21,352560000,13.9,61.1,290.83,95
2026-08-10 10:23,352680000,14,60.6,295.83,121
2026-08-10 10:25,352800000,14.1,60,306.67,99
2026-08-10 10:27,352920000,14.2,60.5,295.83,113
2026-08-10 10:29,353040000,14.3,60.3,264.17,135
2026-08-10 10:31,353160000,14.4,59.5,206.67,109
2026-08-10 10:33,353280000,14.5,59.3,324.17,92
2026-08-10 10:35,353400000,14.6,59.5,254.17,107
2026-08-10 10:37,353520000,14.6,57.2,303.33,90
2026-08-10 10:39,353640000,14.8,57.7,290.83,193
2026-08-10 10:41,353760000,14.7,57.4,215.83,150
2026-08-10 10:43,353880000,14.8,57.3,237.5,133
2026-08-10 10:45,354000000,14.8,56.5,340,97
2026-08-10 10:47,354120000,14.9,56.2,330.83,115
2026-08-10 10:49,354240000,14.9,55.7,324.17,112
2026-08-10 10:51,354360000,15.1,56.2,311.67,103
2026-08-10 10:53,354480000,15.1,57.1,297.5,81
2026-08-10 10:55,354600000,15.2,55.8,320,90
2026-08-10 10:57,354720000,15.4,55.8,260,96
2026-08-10 10:59,354840000,15.5,55.6,227.5,114
2026-08-10 11:01,354960000,15.6,55.3,227.5,87
2026-08-10 11:03,355080000,15.7,55.3,305,94
2026-08-10 11:05,355200000,15.8,54.9,331.67,109
2026-08-10 11:07,355320000,15.8,55.5,227.5,89
2026-08-10 11:09,355440000,15.7,56.3,325,86
2026-08-10 11:11,355560000,15.9,55.3,321.67,114
2026-08-10 11:13,355680000,16,55.8,256.67,123
2026-08-10 11:15,355800000,16.2,55.7,310.83,96
2026-08-10 11:17,355920000,16.3,54.9,332.5,104
2026-08-10 11:19,356040000,16.4,55.4,210.83,115
2026-08-10 11:21,356160000,16.6,54.7,315.83,110
2026-08-10 11:23,356280000,16.5,54.8,292.5,101
2026-08-10 11:25,356400000,16.5,54.1,349.17,96
2026-08-10 11:27,356520000,16.7,54.1,327.5,93
2026-08-10 11:29,356640000,16.8,54,328.33,120
2026-08-10 11:31,356760000,17,52.6,305.83,99
2026-08-10 11:33,356880000,17,52.4,250,117
2026-08-10 11:35,357000000,17,53.2,245.83,130
2026-08-10 11:37,357120000,17.2,53,267.5,113
2026-08-10 11:39,357240000,17.3,53.5,327.5,91
2026-08-10 11:41,357360000,17.4,54,327.5,114
2026-08-10 11:43,357480000,17.5,53.2,330,73
2026-08-10 11:45,357600000,17.6,52.1,328.33,109
2026-08-10 11:47,357720000,17.6,52.1,319.17,96
2026-08-10 11:49,357840000,17.7,51.8,356.67,79
2026-08-10 11:51,357960000,17.8,52.1,324.17,92
2026-08-10 11:53,358080000,17.8,53,319.17,91
2026-08-10 11:55,358200000,17.9,52.9,330.83,108
2026-08-10 11:57,358320000,17.9,53.2,334.17,118
2026-08-10 11:59,358440000,18.1,53,356.67,120
2026-08-10 12:01,358560000,18.3,51.9,320,148
2026-08-10 12:03,358680000,18.4,48.7,281.67,100
2026-08-10 12:05,358800000,18.2,49.1,292.5,131
2026-08-10 12:07,358920000,18.3,49.9,287.5,85
2026-08-10 12:09,359040000,18.3,49.6,294.17,83
2026-08-10 12:11,359160000,18.3,49.9,306.67,190
2026-08-10 12:13,359280000,18.4,50.1,300.83,120
2026-08-10 12:15,359400000,18.4,49.8,326.67,90
2026-08-10 12:17,359520000,18.4,50.8,320.83,115
2026-08-10 12:19,359640000,18.5,50.3,325,109
2026-08-10 12:21,359760000,18.6,49.2,330,127
2026-08-10 12:23,359880000,18.6,50.2,335.83,107
2026-08-10 12:25,360000000,18.7,48.9,340.83,98
2026-08-10 12:27,360120000,18.8,48.3,328.33,107
2026-08-10 12:29,360240000,18.7,48.6,288.33,142
2026-08-10 12:31,360360000,18.8,48.9,245,135
2026-08-10 12:33,360480000,18.9,49.6,308.33,135
2026-08-10 12:35,360600000,18.9,48.2,272.5,106
2026-08-10 12:37,360720000,19,48.8,315,113
2026-08-10 12:39,360840000,19.1,48.3,298.33,91
2026-08-10 12:41,360960000,19.2,47.5,267.5,100
2026-08-10 12:43,361080000,19.1,48.3,255.83,87
2026-08-10 12:45,361200000,19.2,49.3,298.33,90
2026-08-10 12:47,361320000,19.2,49.4,353.33,159
2026-08-10 12:49,361440000,19.4,48.9,310.83,115
2026-08-10 12:51,361560000,19.3,48.3,265,111
2026-08-10 12:53,361680000,19.4,49.1,321.67,99
2026-08-10 12:55,361800000,19.5,48.3,324.17,94
2026-08-10 12:57,361920000,19.5,48.6,270.83,104
2026-08-10 12:59,362040000,19.6,46.7,343.33,134
2026-08-10 13:01,362160000,19.6,47.7,340.83,111
2026-08-10 13:03,362280000,19.6,46.8,332.5,172
2026-08-10 13:05,362400000,19.7,47.5,250,108
2026-08-10 13:07,362520000,19.7,46.6,258.33,105
2026-08-10 13:09,362640000,19.7,47.2,318.33,116
2026-08-10 13:11,362760000,19.7,46.7,308.33,128
2026-08-10 13:13,362880000,19.7,46.5,276.67,156
2026-08-10 13:15,363000000,19.7,46.9,297.5,140
2026-08-10 13:17,363120000,19.7,47.9,317.5,97
2026-08-10 13:19,363240000,19.7,48.4,325.83,102
2026-08-10 13:21,363360000,19.8,47.8,371.67,130
2026-08-10 13:23,363480000,19.9,47.2,332.5,90
2026-08-10 13:25,363600000,19.9,47.3,294.17,126
2026-08-10 13:27,363720000,20,47.8,312.5,137
2026-08-10 13:29,363840000,20,47.7,328.33,160
2026-08-10 13:31,363960000,20.1,47.6,345.83,109
2026-08-10 13:33,364080000,20.2,48,228.33,126
2026-08-10 13:35,364200000,20.2,47.3,300.83,105
2026-08-10 13:37,364320000,20.3,47.2,315,110
2026-08-10 13:39,364440000,20.2,47.6,248.33,85
2026-08-10 13:41,364560000,20.3,46.8,185.83,116
2026-08-10 13:43,364680000,20.4,45.5,224.17,83
2026-08-10 13:45,364800000,20.2,44.9,288.33,111
2026-08-10 13:47,364920000,20.1,46.3,182.5,123
2026-08-10 13:49,365040000,20.1,46.6,211.67,101
2026-08-10 13:51,365160000,20.2,46.8,285,102
2026-08-10 13:53,365280000,20.1,46.9,275.83,97
2026-08-10 13:55,365400000,20.1,46.9,274.17,133
2026-08-10 13:57,365520000,20.1,46.6,275,144
2026-08-10 13:59,365640000,20.2,46.8,303.33,83
2026-08-10 14:01,365760000,20.3,46.4,193.33,121
2026-08-10 14:03,365880000,20.3,46.4,292.5,180
2026-08-10 14:05,366000000,20.3,46.2,308.33,102
2026-08-10 14:07,366120000,20.2,46.7,162.5,131
2026-08-10 14:09,366240000,20.3,47.2,282.5,98
2026-08-10 14:11,366360000,20.2,46.4,309.17,122
2026-08-10 14:13,366480000,20.2,46.5,342.5,103
2026-08-10 14:15,366600000,20.2,47.1,267.5,110
2026-08-10 14:17,366720000,20.2,46,260,92
2026-08-10 14:19,366840000,20.2,46.3,164.17,166
2026-08-10 14:21,366960000,20.3,46.3,150,109
2026-08-10 14:23,367080000,20.3,46.1,183.33,88
2026-08-10 14:25,367200000,20.2,45.8,186.67,140
2026-08-10 14:27,367320000,20.2,46.7,138.33,106
2026-08-10 14:29,367440000,20,45.9,126.67,103
2026-08-10 14:31,367560000,19.9,46.5,125.83,85
2026-08-10 14:33,367680000,19.9,47.2,130,99
2026-08-10 14:35,367800000,19.7,46.2,141.67,115
2026-08-10 14:37,367920000,19.6,46,142.5,111
2026-08-10 14:39,368040000,19.5,46.1,156.67,149
2026-08-10 14:41,368160000,19.5,46.6,170,103
2026-08-10 14:43,368280000,19.6,46.5,225,87
2026-08-10 14:45,368400000,19.6,46.4,158.33,128
2026-08-10 14:47,368520000,19.6,47.3,219.17,132
2026-08-10 14:49,368640000,19.6,46.7,144.17,93
2026-08-10 14:51,368760000,19.6,47.1,114.17,139
2026-08-10 14:53,368880000,19.7,46.7,109.17,113
2026-08-10 14:55,369000000,19.6,46,113.33,88
2026-08-10 14:57,369120000,19.5,46.2,120,110
2026-08-10 14:59,369240000,19.5,46.2,113.33,132
2026-08-10 15:01,369360000,19.4,45.5,123.33,93
2026-08-10 15:03,369480000,19.3,46.1,124.17,137
2026-08-10 15:05,369600000,19.2,47,116.67,104
2026-08-10 15:07,369720000,19.2,46.6,157.5,91
2026-08-10 15:09,369840000,19.1,46.4,159.17,102
2026-08-10 15:11,369960000,19.1,47.2,164.17,72
2026-08-10 15:13,370080000,19.1,47.7,184.17,109
2026-08-10 15:15,370200000,19.2,48.3,177.5,97
2026-08-10 15:17,370320000,19.2,48.1,161.67,98
2026-08-10 15:19,370440000,19.2,47,193.33,109
2026-08-10 15:21,370560000,19.3,47.4,229.17,110
2026-08-10 15:23,370680000,19.3,48.1,215.83,115
2026-08-10 15:25,370800000,19.2,48.1,145.83,106
2026-08-10 15:27,370920000,19.3,47.4,110.83,148
2026-08-10 15:29,371040000,19.3,47.6,124.17,96
2026-08-10 15:31,371160000,19.2,47.9,150.83,110
2026-08-10 15:33,371280000,19.2,47.5,147.5,112
2026-08-10 15:35,371400000,19.2,48,177.5,94
2026-08-10 15:37,371520000,19.2,47.9,120.83,98
2026-08-10 15:39,371640000,19.2,47.9,103.33,101
2026-08-10 15:41,371760000,19.2,48.8,85.83,107
2026-08-10 15:43,371880000,19.2,48.2,82.5,123
2026-08-10 15:45,372000000,19.1,49,91.67,101
2026-08-10 15:47,372120000,19,49.1,100,110
2026-08-10 15:49,372240000,19,48.6,96.67,119
2026-08-10 15:51,372360000,18.9,49.2,91.67,141
2026-08-10 15:53,372480000,18.9,48.4,95,95
2026-08-10 15:55,372600000,18.8,49.5,86.67,121
2026-08-10 15:57,372720000,18.9,49,74.17,101
2026-08-10 15:59,372840000,18.8,50,75,96
2026-08-10 16:01,372960000,18.8,49.7,76.67,106
2026-08-10 16:03,373080000,18.7,49.5,70,139
2026-08-10 16:05,373200000,18.7,49.1,59.17,114
2026-08-10 16:07,373320000,18.5,49.3,59.17,106
2026-08-10 16:09,373440000,18.7,49.6,66.67,107
2026-08-10 16:11,373560000,18.6,49.9,66.67,128
2026-08-10 16:13,373680000,18.4,50.2,60.83,121
2026-08-10 16:15,373800000,18.3,50.4,57.5,102
2026-08-10 16:17,373920000,18.3,50,57.5,116
2026-08-10 16:19,374040000,18.3,50.5,57.5,108
2026-08-10 16:21,374160000,18.3,51,57.5,102
2026-08-10 16:23,374280000,18.3,51.4,55.83,101
2026-08-10 16:25,374400000,18.2,50.6,53.33,107
2026-08-10 16:27,374520000,18.2,49.9,49.17,113
2026-08-10 16:29,374640000,18.2,50.4,45,113
2026-08-10 16:31,374760000,18.2,50,43.33,127
2026-08-10 16:33,374880000,18,50.6,43.33,60
2026-08-10 16:35,375000000,18,50.8,47.5,109
2026-08-10 16:37,375120000,18,50.1,54.17,98
2026-08-10 16:39,375240000,17.9,50.8,58.33,102
2026-08-10 16:41,375360000,17.9,51.5,54.17,100
2026-08-10 16:43,375480000,17.9,51.1,50.83,96
2026-08-10 16:45,375600000,17.8,50.8,49.17,70
2026-08-10 16:47,375720000,17.8,50.9,47.5,86
2026-08-10 16:49,375840000,17.7,51.2,45.83,143
2026-08-10 16:51,375960000,17.7,51.4,43.33,121
2026-08-10 16:53,376080000,17.6,50.7,40.83,104
2026-08-10 16:55,376200000,17.6,50.7,38.33,110
2026-08-10 16:57,376320000,17.5,51.2,37.5,89
2026-08-10 16:59,376440000,17.6,50.7,39.17,102
2026-08-10 17:01,376560000,17.5,50.9,42.5,106
2026-08-10 17:03,376680000,17.4,51,44.17,95
2026-08-10 17:05,376800000,17.4,49.8,44.17,92
2026-08-10 17:07,376920000,17.3,50.8,40,107
2026-08-10 17:09,377040000,17.2,49.4,32.5,158
2026-08-10 17:11,377160000,17.1,49.4,30.83,92
2026-08-10 17:13,377280000,17,50,31.67,89
2026-08-10 17:15,377400000,16.9,49.9,33.33,84
2026-08-10 17:17,377520000,16.9,50.3,35,66
2026-08-10 17:19,377640000,16.9,51.7,35.83,168
2026-08-10 17:21,377760000,16.9,50.2,34.17,129
2026-08-10 17:23,377880000,16.9,50.8,31.67,114
2026-08-10 17:25,378000000,16.9,50.6,30.83,114
2026-08-10 17:27,378120000,16.8,51,30,77
2026-08-10 17:29,378240000,16.7,50.7,29.17,134
2026-08-10 17:31,378360000,16.7,51.5,29.17,115
2026-08-10 17:33,378480000,16.8,50.7,29.17,100
2026-08-10 17:35,378600000,16.7,50.3,30,89
2026-08-10 17:37,378720000,16.6,50,30.83,86
2026-08-10 17:39,378840000,16.6,50.5,30,86
2026-08-10 17:41,378960000,16.5,51,28.33,122
2026-08-10 17:43,379080000,16.5,51.3,27.5,117
2026-08-10 17:45,379200000,16.5,51.1,27.5,71
2026-08-10 17:47,379320000,16.5,51.1,27.5,81
2026-08-10 17:49,379440000,16.3,51.5,27.5,102
2026-08-10 17:51,379560000,16.5,51.5,27.5,91
2026-08-10 17:53,379680000,16.4,51.9,26.67,94
2026-08-10 17:55,379800000,16.3,51.3,25.83,92
2026-08-10 17:57,379920000,16.4,51.2,25.83,162
2026-08-10 17:59,380040000,16.3,51.6,25.83,166
2026-08-10 18:01,380160000,16.2,51.7,25,134
2026-08-10 18:03,380280000,16.2,52.3,25,86
2026-08-10 18:05,380400000,16.2,51.9,25,97
2026-08-10 18:07,380520000,16.1,51.7,25,95
2026-08-10 18:09,380640000,16.1,51.8,25,85
2026-08-10 18:11,380760000,16,52,25,117
2026-08-10 18:13,380880000,16.1,52.4,25,75
2026-08-10 18:15,381000000,16,52.5,25,80
2026-08-10 18:17,381120000,16,52.4,25,110
2026-08-10 18:19,381240000,16,52.6,25,94
2026-08-10 18:21,381360000,15.9,52.2,24.17,110
2026-08-10 18:23,381480000,15.9,52.4,24.17,113
2026-08-10 18:25,381600000,15.8,52.6,24.17,79
2026-08-10 18:27,381720000,15.9,52.4,24.17,80
2026-08-10 18:29,381840000,15.8,51.9,24.17,146
2026-08-10 18:31,381960000,15.9,52.9,76.67,74
2026-08-10 18:33,382080000,15.8,52.7,75.83,101
2026-08-10 18:35,382200000,15.8,52.6,75.83,91
2026-08-10 18:37,382320000,15.7,53.1,75,125
2026-08-10 18:39,382440000,15.7,52.6,75,99
2026-08-10 18:41,382560000,15.7,52.6,74.17,112
2026-08-10 18:43,382680000,15.7,52.8,73.33,105
2026-08-10 18:45,382800000,15.7,52.8,73.33,102
2026-08-10 18:47,382920000,15.6,53.9,74.17,99
2026-08-10 18:49,383040000,15.6,53.1,73.33,85
2026-08-10 18:51,383160000,15.6,52.4,73.33,73
2026-08-10 18:53,383280000,15.6,53.4,72.5,111
2026-08-10 18:55,383400000,15.5,53.8,73.33,96
2026-08-10 18:57,383520000,15.5,52.9,73.33,91
2026-08-10 18:59,383640000,15.5,52.6,73.33,91
2026-08-10 19:01,383760000,15.4,53,73.33,141
2026-08-10 19:03,383880000,15.4,53.1,73.33,78
2026-08-10 19:05,384000000,15.4,52.8,73.33,89
2026-08-10 19:07,384120000,15.4,52.2,72.5,105
2026-08-10 19:09,384240000,15.3,52.6,73.33,96
2026-08-10 19:11,384360000,15.3,52.3,72.5,89
2026-08-10 19:13,384480000,15.2,52.5,72.5,87
2026-08-10 19:15,384600000,15.1,51.9,72.5,124
2026-08-10 19:17,384720000,15.1,52,72.5,107
2026-08-10 19:19,384840000,15.1,52.2,73.33,122
2026-08-10 19:21,384960000,15.1,52.3,72.5,115
2026-08-10 19:23,385080000,15.1,53.1,72.5,126
2026-08-10 19:25,385200000,15.1,52.2,73.33,73
2026-08-10 19:27,385320000,15,53,72.5,94
2026-08-10 19:29,385440000,15.1,52.1,73.33,87
2026-08-10 19:31,385560000,15,52.1,72.5,78
2026-08-10 19:33,385680000,15.1,51.8,72.5,119
2026-08-10 19:35,385800000,14.9,51.7,73.33,67
2026-08-10 19:37,385920000,15,51.6,72.5,113
2026-08-10 19:39,386040000,14.9,52,72.5,70
2026-08-10 19:41,386160000,14.9,51.7,73.33,144
2026-08-10 19:43,386280000,14.9,52,72.5,109
2026-08-10 19:45,386400000,14.8,51.5,72.5,136
2026-08-10 19:47,386520000,14.8,52,72.5,88
2026-08-10 19:49,386640000,14.7,51.9,72.5,90
2026-08-10 19:51,386760000,14.7,51.5,73.33,118
2026-08-10 19:53,386880000,14.7,51.7,73.33,83
2026-08-10 19:55,387000000,14.6,52,73.33,64
2026-08-10 19:57,387120000,14.6,51.5,72.5,82
2026-08-10 19:59,387240000,14.6,52.1,73.33,121
2026-08-10 20:01,387360000,14.7,52.2,73.33,94
2026-08-10 20:03,387480000,14.6,51.9,72.5,88
2026-08-10 20:05,387600000,14.6,53,73.33,78
2026-08-10 20:07,387720000,14.5,52.6,73.33,65
2026-08-10 20:09,387840000,14.6,53.1,72.5,135
2026-08-10 20:11,387960000,14.4,53,73.33,90
2026-08-10 20:13,388080000,14.4,53.5,73.33,96
2026-08-10 20:15,388200000,14.5,53.4,72.5,88
2026-08-10 20:17,388320000,14.4,53.2,72.5,96
2026-08-10 20:19,388440000,14.4,53.1,73.33,73
2026-08-10 20:21,388560000,14.3,54.1,73.33,77
2026-08-10 20:23,388680000,14.3,53.5,73.33,76
2026-08-10 20:25,388800000,14.4,53.8,72.5,105
2026-08-10 20:27,388920000,14.3,54.1,73.33,107
2026-08-10 20:29,389040000,14.4,54.8,72.5,88
2026-08-10 20:31,389160000,14.3,54.6,73.33,110
2026-08-10 20:33,389280000,14.3,54.5,72.5,113
2026-08-10 20:35,389400000,14.2,54.7,72.5,97
2026-08-10 20:37,389520000,14.2,55.6,72.5,75
2026-08-10 20:39,389640000,14.2,55.5,73.33,82
2026-08-10 20:41,389760000,14.3,56,73.33,126
2026-08-10 20:43,389880000,14.3,55.7,72.5,98
2026-08-10 20:45,390000000,14.3,56.2,72.5,63
2026-08-10 20:47,390120000,14.4,56.5,73.33,78
2026-08-10 20:49,390240000,14.2,56.5,73.33,100
2026-08-10 20:51,390360000,14.3,56.3,72.5,95
2026-08-10 20:53,390480000,14.3,56,72.5,63
2026-08-10 20:55,390600000,14.3,56.7,73.33,163
2026-08-10 20:57,390720000,14.3,57.3,72.5,98
2026-08-10 20:59,390840000,14.3,57.4,72.5,102
2026-08-10 21:01,390960000,14.2,57.4,73.33,94
2026-08-10 21:03,391080000,14.2,56.9,73.33,96
2026-08-10 21:05,391200000,14.1,57.6,73.33,114
2026-08-10 21:07,391320000,14.1,57.1,73.33,101
2026-08-10 21:09,391440000,14.2,57.4,73.33,71
2026-08-10 21:11,391560000,14.2,58.1,72.5,63
2026-08-10 21:13,391680000,14.1,57.6,73.33,83
2026-08-10 21:15,391800000,14.1,57.5,73.33,89
2026-08-10 21:17,391920000,14,58.2,73.33,91
2026-08-10 21:19,392040000,14.1,58.4,72.5,99
2026-08-10 21:21,392160000,14,58.2,73.33,111
2026-08-10 21:23,392280000,14,57.9,72.5,67
2026-08-10 21:25,392400000,14,58.5,73.33,111
2026-08-10 21:27,392520000,14.1,58.6,72.5,119
2026-08-10 21:29,392640000,14,58.4,73.33,99
2026-08-10 21:31,392760000,14.1,58.5,72.5,102
2026-08-10 21:33,392880000,14,58.4,73.33,104
2026-08-10 21:35,393000000,14,58.5,72.5,85
2026-08-10 21:37,393120000,14,58,73.33,99
2026-08-10 21:39,393240000,14,58.7,73.33,109
2026-08-10 21:41,393360000,14,58.8,73.33,85
2026-08-10 21:43,393480000,14,58.6,73.33,82
2026-08-10 21:45,393600000,14,59.2,73.33,98
2026-08-10 21:47,393720000,14,59.2,73.33,89
2026-08-10 21:49,393840000,13.9,59,73.33,108
2026-08-10 21:51,393960000,14,59.2,72.5,120
2026-08-10 21:53,394080000,13.9,59.1,73.33,159
2026-08-10 21:55,394200000,13.9,59.8,73.33,93
2026-08-10 21:57,394320000,13.9,59.6,73.33,107
2026-08-10 21:59,394440000,13.8,59.2,73.33,106
2026-08-10 22:01,394560000,13.9,58.8,72.5,108
2026-08-10 22:03,394680000,13.8,59.1,73.33,97
2026-08-10 22:05,394800000,13.8,59.6,73.33,120
2026-08-10 22:07,394920000,13.9,59,73.33,88
2026-08-10 22:09,395040000,13.8,59.4,73.33,87
2026-08-10 22:11,395160000,13.7,59.4,74.17,92
2026-08-10 22:13,395280000,13.7,59.3,73.33,111
2026-08-10 22:15,395400000,13.7,59.7,74.17,78
2026-08-10 22:17,395520000,13.8,59.3,73.33,94
2026-08-10 22:19,395640000,13.7,59.5,73.33,96
2026-08-10 22:21,395760000,13.7,59.3,73.33,69
2026-08-10 22:23,395880000,13.7,59.4,73.33,80
2026-08-10 22:25,396000000,13.7,59.3,73.33,85
2026-08-10 22:27,396120000,13.7,59.4,73.33,97
2026-08-10 22:29,396240000,13.7,59.9,73.33,81
2026-08-10 22:31,396360000,13.6,59.7,73.33,105
2026-08-10 22:33,396480000,13.7,60.1,72.5,117
2026-08-10 22:35,396600000,13.7,60.1,73.33,86
2026-08-10 22:37,396720000,13.7,60,73.33,96
2026-08-10 22:39,396840000,13.7,60.2,73.33,83
2026-08-10 22:41,396960000,13.7,60.1,73.33,111
2026-08-10 22:43,397080000,13.6,60.1,73.33,117
2026-08-10 22:45,397200000,13.6,60.5,73.33,108
2026-08-10 22:47,397320000,13.6,60.3,73.33,119
2026-08-10 22:49,397440000,13.6,60.6,74.17,98
2026-08-10 22:51,397560000,13.5,60.3,74.17,71
2026-08-10 22:53,397680000,13.5,60.5,73.33,103
2026-08-10 22:55,397800000,13.4,60.6,74.17,80
2026-08-10 22:57,397920000,13.6,60.4,73.33,90
2026-08-10 22:59,398040000,13.5,60.2,73.33,112
2026-08-10 23:01,398160000,13.5,60.7,73.33,92
2026-08-10 23:03,398280000,13.5,61.3,73.33,88
2026-08-10 23:05,398400000,13.4,60.9,73.33,117
2026-08-10 23:07,398520000,13.4,61,73.33,85
2026-08-10 23:09,398640000,13.4,60.5,73.33,84
2026-08-10 23:11,398760000,13.3,61.2,73.33,92
2026-08-10 23:13,398880000,13.4,61.1,74.17,93
2026-08-10 23:15,399000000,13.4,61.8,73.33,115
2026-08-10 23:17,399120000,13.3,61.2,74.17,128
2026-08-10 23:19,399240000,13.4,61.3,73.33,129
2026-08-10 23:21,399360000,13.4,62.1,73.33,113
2026-08-10 23:23,399480000,13.3,61.6,73.33,88
2026-08-10 23:25,399600000,13.3,62,73.33,144
2026-08-10 23:27,399720000,13.3,62.1,73.33,93
2026-08-10 23:29,399840000,13.3,61.6,73.33,93
2026-08-10 23:31,399960000,13.3,62,73.33,93
2026-08-10 23:33,400080000,13.3,61.8,74.17,122
2026-08-10 23:35,400200000,13.4,62.4,73.33,100
2026-08-10 23:37,400320000,13.3,62.2,73.33,107
2026-08-10 23:39,400440000,13.2,62.3,73.33,109
2026-08-10 23:41,400560000,13.3,62.5,73.33,103
2026-08-10 23:43,400680000,13.3,62.3,73.33,97
2026-08-10 23:45,400800000,13.2,62.7,73.33,126
2026-08-10 23:47,400920000,13.2,62.4,73.33,128
2026-08-10 23:49,401040000,13.2,62.3,74.17,97
2026-08-10 23:51,401160000,13.2,62.6,73.33,116
2026-08-10 23:53,401280000,13.2,63.3,74.17,79
2026-08-10 23:55,401400000,13.1,63.1,73.33,78
2026-08-10 23:57,401520000,13.1,63,73.33,113
2026-08-10 23:59,401640000,13.1,63.2,74.17,104
2026-08-11 0:01,401760000,13.2,63,74.17,87
2026-08-11 0:03,401880000,13.2,63.3,73.33,106
2026-08-11 0:05,402000000,13.2,63.4,74.17,103
2026-08-11 0:07,402120000,13.2,63.4,73.33,85
2026-08-11 0:09,402240000,13.2,63.3,74.17,84
2026-08-11 0:11,402360000,13.2,63.1,74.17,86
2026-08-11 0:13,402480000,13.2,63.1,73.33,89
2026-08-11 0:15,402600000,13.1,63.1,74.17,119
2026-08-11 0:17,402720000,13.1,63.4,25,130
2026-08-11 0:19,402840000,13.2,63.3,25,115
2026-08-11 0:21,402960000,13.2,63.6,25,96
2026-08-11 0:23,403080000,13.2,63.5,25,161
2026-08-11 0:25,403200000,13.2,63.5,25,113
2026-08-11 0:27,403320000,13.1,64.2,25,149
2026-08-11 0:29,403440000,13.1,63.9,25,82
2026-08-11 0:31,403560000,13.1,64.2,25,129
2026-08-11 0:33,403680000,13.2,64.3,25,88
2026-08-11 0:35,403800000,13.1,64.2,25,143
2026-08-11 0:37,403920000,13.2,64.2,25,73
2026-08-11 0:39,404040000,13.2,64.1,25,116
2026-08-11 0:41,404160000,13.1,64.3,25,111
2026-08-11 0:43,404280000,13.2,64.4,25,129
2026-08-11 0:45,404400000,13.1,64.3,25,107
2026-08-11 0:47,404520000,13.2,64.5,25,101
2026-08-11 0:49,404640000,13.2,65,25,121
2026-08-11 0:51,404760000,13.1,64.7,25,95
2026-08-11 0:53,404880000,13.2,64.7,25,95
2026-08-11 0:55,405000000,13.1,64.8,25,111
2026-08-11 0:57,405120000,13.2,64.9,25,92
2026-08-11 0:59,405240000,13.2,64.5,25,117
2026-08-11 1:01,405360000,13.1,64.8,25,135
2026-08-11 1:03,405480000,13.1,64.6,25,107
2026-08-11 1:05,405600000,13.1,64.8,25,92
2026-08-11 1:07,405720000,13.2,64.7,25,95
2026-08-11 1:09,405840000,13.2,64.5,25,93
2026-08-11 1:11,405960000,13.2,64.5,25,93
2026-08-11 1:13,406080000,13.1,65.1,25,123
2026-08-11 1:15,406200000,13.1,64.8,25,85
2026-08-11 1:17,406320000,13.1,65,25,96
2026-08-11 1:19,406440000,13.1,64.2,25,107
2026-08-11 1:21,406560000,13.1,64.5,25,122
2026-08-11 1:23,406680000,13.1,64.8,25,98
2026-08-11 1:25,406800000,13.1,64.6,25,105
2026-08-11 1:27,406920000,13.1,64.8,25,95
2026-08-11 1:29,407040000,13.1,64.4,25,94
2026-08-11 1:31,407160000,13.1,64.7,25,102
2026-08-11 1:33,407280000,13,65.2,25,93
2026-08-11 1:35,407400000,13.1,65.3,25,102
2026-08-11 1:37,407520000,13.1,65.3,25,114
2026-08-11 1:39,407640000,13.1,65.2,25,84
2026-08-11 1:41,407760000,13,65.4,25,99
2026-08-11 1:43,407880000,13.1,65.6,25,102
2026-08-11 1:45,408000000,13.1,65.1,25,86
2026-08-11 1:47,408120000,13,65.4,25,81
2026-08-11 1:49,408240000,13.1,64.8,25,87
2026-08-11 1:51,408360000,13,65.4,25,107
2026-08-11 1:53,408480000,13,65.5,25,87
2026-08-11 1:55,408600000,13,65,25,97
2026-08-11 1:57,408720000,13,65.6,25,116
2026-08-11 1:59,408840000,13,65.2,25,115
2026-08-11 2:01,408960000,13,65.1,25,119
2026-08-11 2:03,409080000,13.1,65.1,25,100
2026-08-11 2:05,409200000,13,65.5,25,148
2026-08-11 2:07,409320000,13,65.3,25,94
2026-08-11 2:09,409440000,13,65.5,25,114
2026-08-11 2:11,409560000,13,65.9,25,86
2026-08-11 2:13,409680000,13,65.1,25,109
2026-08-11 2:15,409800000,13.1,66,25,98
2026-08-11 2:17,409920000,13,66,25,112
2026-08-11 2:19,410040000,13,65.7,25,100
2026-08-11 2:21,410160000,13.1,65.7,25,89
2026-08-11 2:23,410280000,13,65.7,25,119
2026-08-11 2:25,410400000,13,65.5,25,104
2026-08-11 2:27,410520000,12.9,66.1,25,84
2026-08-11 2:29,410640000,12.9,65.8,25,110
2026-08-11 2:31,410760000,12.9,65.7,25,122
2026-08-11 2:33,410880000,12.9,65.4,25,102
2026-08-11 2:35,411000000,12.9,65.8,25,86
2026-08-11 2:37,411120000,12.9,66,25,92
2026-08-11 2:39,411240000,13,66.4,25,104
2026-08-11 2:41,411360000,12.9,66.4,25,112
2026-08-11 2:43,411480000,12.8,66.3,25,99
2026-08-11 2:45,411600000,12.9,66,25,91
2026-08-11 2:47,411720000,12.9,66.3,25,95
2026-08-11 2:49,411840000,13,65.7,25,87
2026-08-11 2:51,411960000,13,66,25,91
2026-08-11 2:53,412080000,13,66.3,25,121
2026-08-11 2:55,412200000,12.9,65.9,25,95
2026-08-11 2:57,412320000,12.9,66.2,25,81
2026-08-11 2:59,412440000,12.9,66.5,25,100
2026-08-11 3:01,412560000,12.9,66.3,25,106
2026-08-11 3:03,412680000,12.9,66,25,98
2026-08-11 3:05,412800000,12.9,66.7,25,92
2026-08-11 3:07,412920000,12.9,66,25,100
2026-08-11 3:09,413040000,12.9,66.4,25,107
2026-08-11 3:11,413160000,12.9,66.2,25,107
2026-08-11 3:13,413280000,12.9,66.6,25,140
2026-08-11 3:15,413400000,12.9,67.1,25,128
2026-08-11 3:17,413520000,12.8,66.9,25,85
2026-08-11 3:19,413640000,12.8,67.2,25,89
2026-08-11 3:21,413760000,12.9,66.5,25,98
2026-08-11 3:23,413880000,12.9,66.8,25,93
2026-08-11 3:25,414000000,12.9,66.4,25,107
2026-08-11 3:27,414120000,12.8,67,25,103
2026-08-11 3:29,414240000,12.8,67,25,103
2026-08-11 3:31,414360000,12.8,66.8,25,105
2026-08-11 3:33,414480000,12.9,66.8,25,90
2026-08-11 3:35,414600000,12.9,67,76.67,89
2026-08-11 3:37,414720000,12.9,66.6,75.83,96
2026-08-11 3:39,414840000,12.9,66.9,75.83,129
2026-08-11 3:41,414960000,12.8,66.9,75.83,182
2026-08-11 3:43,415080000,12.9,66.8,75,122
2026-08-11 3:45,415200000,12.9,66.8,74.17,94
2026-08-11 3:47,415320000,12.8,67.5,75,134
2026-08-11 3:49,415440000,12.8,67,74.17,82
2026-08-11 3:51,415560000,12.9,66.7,73.33,99
2026-08-11 3:53,415680000,12.9,67.6,74.17,71
2026-08-11 3:55,415800000,12.8,67.1,73.33,95
2026-08-11 3:57,415920000,12.9,67.1,73.33,101
2026-08-11 3:59,416040000,12.9,67.1,73.33,113
2026-08-11 4:01,416160000,13,67.2,73.33,82
2026-08-11 4:03,416280000,12.9,67.3,73.33,99
2026-08-11 4:05,416400000,12.9,67.7,74.17,140
2026-08-11 4:07,416520000,12.9,67.1,74.17,94
2026-08-11 4:09,416640000,12.9,67.1,73.33,95
2026-08-11 4:11,416760000,12.8,67,73.33,89
2026-08-11 4:13,416880000,12.8,67.1,73.33,100
2026-08-11 4:15,417000000,12.8,67.5,73.33,128
2026-08-11 4:17,417120000,12.8,67.5,73.33,77
2026-08-11 4:19,417240000,12.8,67.8,73.33,110
2026-08-11 4:21,417360000,12.8,67.5,73.33,104
2026-08-11 4:23,417480000,12.6,67.7,74.17,94
2026-08-11 4:25,417600000,12.8,67.7,74.17,95
2026-08-11 4:27,417720000,12.8,67.5,73.33,118
2026-08-11 4:29,417840000,12.7,67.5,73.33,104
2026-08-11 4:31,417960000,12.8,68,73.33,100
2026-08-11 4:33,418080000,12.8,67.9,73.33,90
2026-08-11 4:35,418200000,12.9,67.8,74.17,128
2026-08-11 4:37,418320000,12.8,68.1,72.5,125
2026-08-11 4:39,418440000,12.8,67.9,73.33,98
2026-08-11 4:41,418560000,12.8,68.2,73.33,133
2026-08-11 4:43,418680000,12.8,68,73.33,98
2026-08-11 4:45,418800000,12.7,67.5,73.33,125
2026-08-11 4:47,418920000,12.9,68,73.33,79
2026-08-11 4:49,419040000,12.8,68,72.5,101
2026-08-11 4:51,419160000,12.9,68,72.5,93
2026-08-11 4:53,419280000,12.8,68.3,73.33,58
2026-08-11 4:55,419400000,12.8,68.1,73.33,101
2026-08-11 4:57,419520000,12.8,68.3,73.33,90
2026-08-11 4:59,419640000,12.8,68.7,72.5,82
2026-08-11 5:01,419760000,12.7,69.1,72.5,161
2026-08-11 5:03,419880000,12.8,69,72.5,87
2026-08-11 5:05,420000000,12.8,69.3,73.33,76
2026-08-11 5:07,420120000,12.7,69.4,73.33,74
2026-08-11 5:09,420240000,12.7,69.1,73.33,91
2026-08-11 5:11,420360000,12.7,70,73.33,115
2026-08-11 5:13,420480000,12.6,69.5,73.33,88
2026-08-11 5:15,420600000,12.6,69.5,73.33,81
2026-08-11 5:17,420720000,12.6,69.6,73.33,101
2026-08-11 5:19,420840000,12.6,69.4,73.33,116
2026-08-11 5:21,420960000,12.7,70.1,73.33,77
2026-08-11 5:23,421080000,12.7,69.9,73.33,105
2026-08-11 5:25,421200000,12.6,70.2,72.5,124
2026-08-11 5:27,421320000,12.6,70.5,73.33,156
2026-08-11 5:29,421440000,12.6,70.6,72.5,124
2026-08-11 5:31,421560000,12.6,70.9,73.33,93
2026-08-11 5:33,421680000,12.5,71.2,73.33,152
2026-08-11 5:35,421800000,12.5,71.1,73.33,87
2026-08-11 5:37,421920000,12.6,71.1,73.33,95
2026-08-11 5:39,422040000,12.6,71.1,73.33,96
2026-08-11 5:41,422160000,12.5,71.2,73.33,100
2026-08-11 5:43,422280000,12.5,71,72.5,71
2026-08-11 5:45,422400000,12.5,71.1,72.5,117
2026-08-11 5:47,422520000,12.4,71.9,73.33,138
2026-08-11 5:49,422640000,12.4,71.4,72.5,110
2026-08-11 5:51,422760000,12.6,72,72.5,128
2026-08-11 5:53,422880000,12.5,71.8,73.33,99
2026-08-11 5:55,423000000,12.5,72.1,72.5,95
2026-08-11 5:57,423120000,12.4,72.6,73.33,94
2026-08-11 5:59,423240000,12.5,72.7,73.33,97
2026-08-11 6:01,423360000,12.5,73,73.33,73
2026-08-11 6:03,423480000,12.5,72.7,73.33,136
2026-08-11 6:05,423600000,12.5,72.9,73.33,119
2026-08-11 6:07,423720000,12.5,73.3,72.5,77
2026-08-11 6:09,423840000,12.5,73.6,72.5,132
2026-08-11 6:11,423960000,12.5,73.4,72.5,100
2026-08-11 6:13,424080000,12.4,73.6,73.33,108
2026-08-11 6:15,424200000,12.4,73.9,73.33,84
2026-08-11 6:17,424320000,12.4,74.6,72.5,107
2026-08-11 6:19,424440000,12.4,74.4,73.33,140
2026-08-11 6:21,424560000,12.5,74.6,73.33,83
2026-08-11 6:23,424680000,12.5,75,72.5,104
2026-08-11 6:25,424800000,12.5,74.4,72.5,106
2026-08-11 6:27,424920000,12.5,73.8,73.33,110
2026-08-11 6:29,425040000,12.4,74,72.5,110
2026-08-11 6:31,425160000,12.5,74.8,73.33,96
2026-08-11 6:33,425280000,12.5,74.5,72.5,139
2026-08-11 6:35,425400000,12.5,74.3,73.33,88
2026-08-11 6:37,425520000,12.5,74.6,73.33,69
2026-08-11 6:39,425640000,12.4,74.6,73.33,110
2026-08-11 6:41,425760000,12.5,74.3,73.33,83
2026-08-11 6:43,425880000,12.4,74.7,72.5,86
2026-08-11 6:45,426000000,12.5,74.4,73.33,99
2026-08-11 6:47,426120000,12.4,74.2,72.5,78
2026-08-11 6:49,426240000,12.4,75.6,73.33,92
2026-08-11 6:51,426360000,12.5,76.3,72.5,111
2026-08-11 6:53,426480000,12.5,75.2,72.5,71
2026-08-11 6:55,426600000,12.5,75.8,72.5,80
2026-08-11 6:57,426720000,12.5,75.1,72.5,96
2026-08-11 6:59,426840000,12.6,75,72.5,72
2026-08-11 7:01,426960000,12.5,75.1,73.33,80
2026-08-11 7:03,427080000,12.5,74.9,73.33,106
2026-08-11 7:05,427200000,12.5,75,72.5,98
2026-08-11 7:07,427320000,12.5,74.8,72.5,97
2026-08-11 7:09,427440000,12.5,74.3,72.5,105
2026-08-11 7:11,427560000,12.5,74.5,73.33,89
2026-08-11 7:13,427680000,12.5,75.8,73.33,77
2026-08-11 7:15,427800000,12.5,75.5,72.5,110
2026-08-11 7:17,427920000,12.5,76.7,73.33,131
2026-08-11 7:19,428040000,12.5,76.5,73.33,77
2026-08-11 7:21,428160000,12.5,76.7,73.33,89
2026-08-11 7:23,428280000,12.4,76.1,72.5,106
2026-08-11 7:25,428400000,12.5,76.3,74.17,66
2026-08-11 7:27,428520000,12.4,75.9,74.17,138
2026-08-11 7:29,428640000,12.4,75.9,73.33,107
2026-08-11 7:31,428760000,12.5,76.2,72.5,94
2026-08-11 7:33,428880000,12.5,76.4,73.33,114
2026-08-11 7:35,429000000,12.5,76.3,73.33,100
2026-08-11 7:37,429120000,12.5,76.6,74.17,111
2026-08-11 7:39,429240000,12.5,75.9,74.17,90
2026-08-11 7:41,429360000,12.5,75.6,74.17,88
2026-08-11 7:43,429480000,12.5,75.8,74.17,89
2026-08-11 7:45,429600000,12.5,75.7,74.17,111
2026-08-11 7:47,429720000,12.5,76.5,74.17,88
2026-08-11 7:49,429840000,12.5,76.5,74.17,77
2026-08-11 7:51,429960000,12.5,76.4,75,86
2026-08-11 7:53,430080000,12.4,76.4,75,97
2026-08-11 7:55,430200000,12.5,76.1,75,114
2026-08-11 7:57,430320000,12.5,75.8,75.83,109
2026-08-11 7:59,430440000,12.4,76.1,75.83,129
2026-08-11 8:01,430560000,12.4,76.4,75.83,101
2026-08-11 8:03,430680000,12.4,76.9,28.33,76
2026-08-11 8:05,430800000,12.5,77.3,28.33,75
2026-08-11 8:07,430920000,12.5,77.7,28.33,122
2026-08-11 8:09,431040000,12.4,77,28.33,100
2026-08-11 8:11,431160000,12.5,77.3,28.33,113
2026-08-11 8:13,431280000,12.5,77,28.33,112
2026-08-11 8:15,431400000,12.4,76.6,28.33,128
2026-08-11 8:17,431520000,12.4,76.8,28.33,100
2026-08-11 8:19,431640000,12.4,77.2,29.17,106
2026-08-11 8:21,431760000,12.4,76.8,29.17,82
2026-08-11 8:23,431880000,12.5,77.5,29.17,95
2026-08-11 8:25,432000000,12.3,77.7,29.17,105
2026-08-11 8:27,432120000,12.4,77.4,30,123
2026-08-11 8:29,432240000,12.5,78,30.83,123
2026-08-11 8:31,432360000,12.4,77.7,30.83,82
2026-08-11 8:33,432480000,12.4,78,30.83,117
2026-08-11 8:35,432600000,12.4,77.3,31.67,84
2026-08-11 8:37,432720000,12.4,77.6,31.67,141
2026-08-11 8:39,432840000,12.4,77.5,31.67,100
2026-08-11 8:41,432960000,12.4,77.8,32.5,90
2026-08-11 8:43,433080000,12.5,78.1,33.33,80
2026-08-11 8:45,433200000,12.4,77.7,33.33,133
2026-08-11 8:47,433320000,12.3,77.5,35,90
2026-08-11 8:49,433440000,12.4,77.7,37.5,148
2026-08-11 8:51,433560000,12.3,78.2,40,114
2026-08-11 8:53,433680000,12.4,78.1,40,158
2026-08-11 8:55,433800000,12.4,78.1,40,101
2026-08-11 8:57,433920000,12.3,78,40,104
2026-08-11 8:59,434040000,12.4,78.2,40,146
2026-08-11 9:01,434160000,12.5,78.6,40.83,156
2026-08-11 9:03,434280000,12.5,78.5,41.67,113
2026-08-11 9:05,434400000,12.5,78.7,44.17,95
2026-08-11 9:07,434520000,12.5,78.7,44.17,70
2026-08-11 9:09,434640000,12.5,78.5,46.67,91
2026-08-11 9:11,434760000,12.5,78.8,46.67,97
2026-08-11 9:13,434880000,12.5,78.7,46.67,138
2026-08-11 9:15,435000000,12.6,78.6,45.83,82
2026-08-11 9:17,435120000,12.6,78.7,43.33,103
2026-08-11 9:19,435240000,12.7,78.7,41.67,89
2026-08-11 9:21,435360000,12.6,78.7,42.5,98
2026-08-11 9:23,435480000,12.6,78.8,45.83,91
2026-08-11 9:25,435600000,12.7,78.9,47.5,105
2026-08-11 9:27,435720000,12.7,78.9,47.5,101
2026-08-11 9:29,435840000,12.8,79.1,51.67,103
2026-08-11 9:31,435960000,12.8,78.7,54.17,173
2026-08-11 9:33,436080000,12.8,79.1,58.33,112
2026-08-11 9:35,436200000,12.9,78.9,62.5,92
2026-08-11 9:37,436320000,12.8,79.5,65,87
2026-08-11 9:39,436440000,12.9,78.7,64.17,133
2026-08-11 9:41,436560000,12.9,79.2,68.33,93
2026-08-11 9:43,436680000,13,79.1,73.33,111
2026-08-11 9:45,436800000,12.9,79.2,78.33,99
2026-08-11 9:47,436920000,13.1,79.2,83.33,117
2026-08-11 9:49,437040000,13.1,79.6,85.83,83
2026-08-11 9:51,437160000,13.2,79.1,85,95
2026-08-11 9:53,437280000,13.3,79.5,81.67,96
2026-08-11 9:55,437400000,13.3,79.1,80,81
2026-08-11 9:57,437520000,13.3,78.6,75.83,126
2026-08-11 9:59,437640000,13.4,78.9,74.17,164
2026-08-11 10:01,437760000,13.4,78.6,72.5,114
2026-08-11 10:03,437880000,13.5,78.5,72.5,105
2026-08-11 10:05,438000000,13.5,78.8,70,121
2026-08-11 10:07,438120000,13.5,78.4,68.33,140
2026-08-11 10:09,438240000,13.6,78.6,69.17,100
2026-08-11 10:11,438360000,13.5,78.2,72.5,142
2026-08-11 10:13,438480000,13.6,78.9,75.83,105
2026-08-11 10:15,438600000,13.6,78.7,78.33,108
2026-08-11 10:17,438720000,13.5,78.9,85.83,171
2026-08-11 10:19,438840000,13.5,78.7,89.17,125
2026-08-11 10:21,438960000,13.6,78.9,87.5,82
2026-08-11 10:23,439080000,13.6,78.8,87.5,101
2026-08-11 10:25,439200000,13.7,79.1,86.67,118
2026-08-11 10:27,439320000,13.6,79,82.5,170
2026-08-11 10:29,439440000,13.7,79.4,77.5,116
2026-08-11 10:31,439560000,13.8,78.9,74.17,90
2026-08-11 10:33,439680000,13.7,78.5,69.17,123
2026-08-11 10:35,439800000,13.7,78.8,65,145
2026-08-11 10:37,439920000,13.6,78.9,60.83,122
2026-08-11 10:39,440040000,13.7,78.8,60.83,94
2026-08-11 10:41,440160000,13.8,79,60.83,126
2026-08-11 10:43,440280000,13.9,78.6,60,129
2026-08-11 10:45,440400000,13.9,78.4,59.17,131
2026-08-11 10:47,440520000,13.9,78.5,60,112
2026-08-11 10:49,440640000,13.9,78.7,58.33,124
2026-08-11 10:51,440760000,13.9,78.4,58.33,96
2026-08-11 10:53,440880000,14,78.9,59.17,110
2026-08-11 10:55,441000000,14,79.1,62.5,133
2026-08-11 10:57,441120000,14.1,78.5,65,108
2026-08-11 10:59,441240000,14.1,78.7,66.67,89
2026-08-11 11:01,441360000,14.1,78.8,67.5,160
2026-08-11 11:03,441480000,14.1,79.1,69.17,93
2026-08-11 11:05,441600000,14.1,79.2,72.5,114
2026-08-11 11:07,441720000,14.2,79.1,77.5,92
2026-08-11 11:09,441840000,14.2,79,81.67,141
2026-08-11 11:11,441960000,14.2,79.1,82.5,95
2026-08-11 11:13,442080000,14.2,78.9,81.67,108
2026-08-11 11:15,442200000,14.2,79.2,76.67,120
2026-08-11 11:17,442320000,14.3,79.2,74.17,104
2026-08-11 11:19,442440000,14.3,78.7,70.83,97
2026-08-11 11:21,442560000,14.3,78.7,69.17,145
2026-08-11 11:23,442680000,14.3,78.4,66.67,130
2026-08-11 11:25,442800000,14.4,78.7,66.67,116
2026-08-11 11:27,442920000,14.4,78.5,68.33,131
2026-08-11 11:29,443040000,14.4,78.4,66.67,116
2026-08-11 11:31,443160000,14.4,78.4,65,120
2026-08-11 11:33,443280000,14.5,79.3,65,128
2026-08-11 11:35,443400000,14.4,78.9,61.67,132
2026-08-11 11:37,443520000,14.4,79.2,59.17,135
2026-08-11 11:39,443640000,14.6,79.2,55.83,158
2026-08-11 11:41,443760000,14.5,78.8,51.67,107
2026-08-11 11:43,443880000,14.6,78.6,51.67,138
2026-08-11 11:45,444000000,14.6,78.3,50.83,108
2026-08-11 11:47,444120000,14.6,78.2,44.17,115
2026-08-11 11:49,444240000,14.6,78,43.33,104
2026-08-11 11:51,444360000,14.7,78.6,44.17,160
2026-08-11 11:53,444480000,14.6,78.8,47.5,108
2026-08-11 11:55,444600000,14.7,78.5,48.33,151
2026-08-11 11:57,444720000,14.6,78.6,47.5,95
2026-08-11 11:59,444840000,14.7,78.8,45,108
2026-08-11 12:01,444960000,14.6,78.9,40.83,105
2026-08-11 12:03,445080000,14.6,78.8,40,99
2026-08-11 12:05,445200000,14.6,78.8,40,83
2026-08-11 12:07,445320000,14.6,78.5,40,102
2026-08-11 12:09,445440000,14.7,78.3,40,120
2026-08-11 12:11,445560000,14.6,78.7,42.5,117
2026-08-11 12:13,445680000,14.6,78.6,44.17,112
2026-08-11 12:15,445800000,14.6,78.8,44.17,109
2026-08-11 12:17,445920000,14.6,78.5,44.17,131
2026-08-11 12:19,446040000,14.6,78.3,44.17,123
2026-08-11 12:21,446160000,14.6,78.4,44.17,130
2026-08-11 12:23,446280000,14.6,78.5,44.17,126
2026-08-11 12:25,446400000,14.6,78.5,43.33,106
2026-08-11 12:27,446520000,14.6,78.8,45.83,109
2026-08-11 12:29,446640000,14.6,79.3,48.33,114
2026-08-11 12:31,446760000,14.6,78.5,47.5,109
2026-08-11 12:33,446880000,14.6,78.9,44.17,149
2026-08-11 12:35,447000000,14.6,79,42.5,126
2026-08-11 12:37,447120000,14.6,78.8,44.17,146
2026-08-11 12:39,447240000,14.5,78.8,45.83,109
2026-08-11 12:41,447360000,14.5,78.9,45.83,178
2026-08-11 12:43,447480000,14.5,78.8,45.83,151
2026-08-11 12:45,447600000,14.5,79.1,45.83,156
2026-08-11 12:47,447720000,14.6,79.3,46.67,116
2026-08-11 12:49,447840000,14.4,79.1,47.5,103
2026-08-11 12:51,447960000,14.5,79.5,40.83,126
2026-08-11 12:53,448080000,14.5,79.5,35.83,116
2026-08-11 12:55,448200000,14.5,79.5,39.17,99
2026-08-11 12:57,448320000,14.5,79.3,40,160
2026-08-11 12:59,448440000,14.5,79.2,40.83,91
2026-08-11 13:01,448560000,14.5,79.3,44.17,119
2026-08-11 13:03,448680000,14.5,79.6,45,121
2026-08-11 13:05,448800000,14.6,79.3,46.67,98
2026-08-11 13:07,448920000,14.6,79.5,46.67,103
2026-08-11 13:09,449040000,14.6,79.6,50,129
2026-08-11 13:11,449160000,14.6,79.2,53.33,123
2026-08-11 13:13,449280000,14.6,79.2,55,103
2026-08-11 13:15,449400000,14.6,79.4,55.83,114
2026-08-11 13:17,449520000,14.6,79.3,56.67,115
2026-08-11 13:19,449640000,14.6,79.7,57.5,143
2026-08-11 13:21,449760000,14.7,79.4,57.5,137
2026-08-11 13:23,449880000,14.8,79.3,60,154
2026-08-11 13:25,450000000,14.7,79.6,64.17,129
2026-08-11 13:27,450120000,14.8,79.4,61.67,130
2026-08-11 13:29,450240000,14.6,79.3,59.17,158
2026-08-11 13:31,450360000,14.7,79.9,55.83,116
2026-08-11 13:33,450480000,14.7,79.8,58.33,148
2026-08-11 13:35,450600000,14.7,79.8,59.17,126
2026-08-11 13:37,450720000,14.8,79.9,57.5,106
2026-08-11 13:39,450840000,14.7,80.1,55,114
2026-08-11 13:41,450960000,14.8,79.7,54.17,96
2026-08-11 13:43,451080000,14.8,79.6,50.83,135
2026-08-11 13:45,451200000,14.8,79.9,47.5,111
2026-08-11 13:47,451320000,14.8,79.7,45.83,105
2026-08-11 13:49,451440000,14.9,79.7,46.67,115
2026-08-11 13:51,451560000,14.9,79.9,47.5,112
2026-08-11 13:53,451680000,14.9,79.6,48.33,108
2026-08-11 13:55,451800000,14.8,79.4,50,127
2026-08-11 13:57,451920000,14.9,79.5,51.67,86
2026-08-11 13:59,452040000,14.8,79.5,51.67,120
2026-08-11 14:01,452160000,14.8,79.3,50,110
2026-08-11 14:03,452280000,15,79.8,45,137
2026-08-11 14:05,452400000,14.9,79.7,45,143
2026-08-11 14:07,452520000,14.9,79.6,49.17,103
2026-08-11 14:09,452640000,14.9,80.1,52.5,130
2026-08-11 14:11,452760000,14.9,80.2,53.33,109
2026-08-11 14:13,452880000,14.9,80.1,51.67,96
2026-08-11 14:15,453000000,14.9,79.9,52.5,97
2026-08-11 14:17,453120000,14.9,80.3,52.5,74
2026-08-11 14:19,453240000,14.9,80.6,51.67,111
2026-08-11 14:21,453360000,15,80,49.17,111
2026-08-11 14:23,453480000,15,79.9,43.33,110
2026-08-11 14:25,453600000,15,80,38.33,114
2026-08-11 14:27,453720000,14.9,80,40,116
2026-08-11 14:29,453840000,14.9,79.7,41.67,114
2026-08-11 14:31,453960000,14.9,79.8,42.5,116
2026-08-11 14:33,454080000,14.9,79.8,41.67,122
2026-08-11 14:35,454200000,14.9,79.7,40.83,137
2026-08-11 14:37,454320000,14.9,80,43.33,92
2026-08-11 14:39,454440000,14.8,79.9,41.67,118
2026-08-11 14:41,454560000,14.9,80.4,40.83,113
2026-08-11 14:43,454680000,14.9,80,41.67,106
2026-08-11 14:45,454800000,14.8,79.9,43.33,108
2026-08-11 14:47,454920000,14.9,80.1,45.83,107
2026-08-11 14:49,455040000,14.8,80.1,45.83,129
2026-08-11 14:51,455160000,14.8,80.2,42.5,140
2026-08-11 14:53,455280000,14.8,80.4,40.83,144
2026-08-11 14:55,455400000,14.8,80.6,41.67,168
2026-08-11 14:57,455520000,14.8,80.6,39.17,113
2026-08-11 14:59,455640000,14.8,80.1,39.17,105
2026-08-11 15:01,455760000,14.8,80.4,40.83,122
2026-08-11 15:03,455880000,14.8,80.3,43.33,107
2026-08-11 15:05,456000000,14.8,80.2,45.83,165
2026-08-11 15:07,456120000,14.8,80.4,47.5,120
2026-08-11 15:09,456240000,14.9,80.7,47.5,98
2026-08-11 15:11,456360000,14.9,80.5,45,109
2026-08-11 15:13,456480000,14.8,80.4,46.67,119
2026-08-11 15:15,456600000,14.8,80.6,50,120
2026-08-11 15:17,456720000,14.8,80.7,48.33,117
2026-08-11 15:19,456840000,14.9,80.6,46.67,226
2026-08-11 15:21,456960000,14.8,80.8,45.83,129
2026-08-11 15:23,457080000,14.9,81,47.5,128
2026-08-11 15:25,457200000,14.8,80.8,45.83,115
2026-08-11 15:27,457320000,14.9,80.8,47.5,96
2026-08-11 15:29,457440000,14.9,80.8,45.83,147
2026-08-11 15:31,457560000,14.9,80.6,44.17,130
2026-08-11 15:33,457680000,14.9,81.1,41.67,140
2026-08-11 15:35,457800000,14.9,81,42.5,100
2026-08-11 15:37,457920000,15,81.5,42.5,116
2026-08-11 15:39,458040000,15,80.7,42.5,145
2026-08-11 15:41,458160000,14.9,81,40,119
2026-08-11 15:43,458280000,14.9,80.7,40,100
2026-08-11 15:45,458400000,15,81,40.83,116
2026-08-11 15:47,458520000,15,81.3,41.67,86
2026-08-11 15:49,458640000,15,81.4,43.33,113
2026-08-11 15:51,458760000,15.1,81.3,44.17,95
2026-08-11 15:53,458880000,15.1,81.3,42.5,125
2026-08-11 15:55,459000000,15,81.3,42.5,94
2026-08-11 15:57,459120000,15,81.5,42.5,123
2026-08-11 15:59,459240000,15,81.7,43.33,88
2026-08-11 16:01,459360000,15,81.5,41.67,110
2026-08-11 16:03,459480000,15,81.6,39.17,79
2026-08-11 16:05,459600000,15.1,81.8,38.33,112
2026-08-11 16:07,459720000,15.1,81.4,39.17,143
2026-08-11 16:09,459840000,15.1,81.5,40,97
2026-08-11 16:11,459960000,15.1,81.7,41.67,100
2026-08-11 16:13,460080000,15.1,81.8,43.33,99
2026-08-11 16:15,460200000,15.2,81.8,44.17,105
2026-08-11 16:17,460320000,15.1,81.7,43.33,144
2026-08-11 16:19,460440000,15.1,81.7,40.83,103
2026-08-11 16:21,460560000,15.2,81.6,39.17,148
2026-08-11 16:23,460680000,15.2,81.9,38.33,100
2026-08-11 16:25,460800000,15.2,81.5,39.17,105
2026-08-11 16:27,460920000,15.2,81.6,39.17,109
2026-08-11 16:29,461040000,15.3,81.6,38.33,103
2026-08-11 16:31,461160000,15.3,81.6,35.83,123
2026-08-11 16:33,461280000,15.2,81.8,32.5,115
2026-08-11 16:35,461400000,15.2,81.7,30.83,104
2026-08-11 16:37,461520000,15.3,82.2,30.83,163
2026-08-11 16:39,461640000,15.3,81.7,31.67,121
2026-08-11 16:41,461760000,15.3,81.4,32.5,109
2026-08-11 16:43,461880000,15.2,81.5,31.67,134
2026-08-11 16:45,462000000,15.4,81.5,31.67,102
2026-08-11 16:47,462120000,15.4,81.7,31.67,108
2026-08-11 16:49,462240000,15.3,81.6,33.33,126
2026-08-11 16:51,462360000,15.3,81.8,33.33,97
2026-08-11 16:53,462480000,15.3,81.6,32.5,88
2026-08-11 16:55,462600000,15.3,81.8,32.5,102
2026-08-11 16:57,462720000,15.3,81.7,33.33,163
2026-08-11 16:59,462840000,15.3,81.5,32.5,83
2026-08-11 17:01,462960000,15.4,81.5,31.67,104
2026-08-11 17:03,463080000,15.4,81.8,30,98
2026-08-11 17:05,463200000,15.3,81.5,29.17,116
2026-08-11 17:07,463320000,15.3,81.7,30,97
2026-08-11 17:09,463440000,15.3,81.6,5,161
2026-08-11 17:11,463560000,15.3,81.6,4.17,92
2026-08-11 17:13,463680000,15.3,81.6,4.17,94
2026-08-11 17:15,463800000,15.3,81.5,4.17,85
2026-08-11 17:17,463920000,15.3,81.6,4.17,91
2026-08-11 17:19,464040000,15.4,81.7,3.33,93
2026-08-11 17:21,464160000,15.3,81.7,3.33,76
2026-08-11 17:23,464280000,15.3,81.7,3.33,98
2026-08-11 17:25,464400000,15.3,81.5,3.33,95
2026-08-11 17:27,464520000,15.3,81.3,3.33,139
2026-08-11 17:29,464640000,15.3,81.5,3.33,106
2026-08-11 17:31,464760000,15.3,81.7,3.33,96
2026-08-11 17:33,464880000,15.3,82.1,2.5,110
2026-08-11 17:35,465000000,15.3,82.1,2.5,117
2026-08-11 17:37,465120000,15.3,81.8,1.67,110
2026-08-11 17:39,465240000,15.3,82,1.67,78
2026-08-11 17:41,465360000,15.3,82,1.67,143
2026-08-11 17:43,465480000,15.2,82,0.83,105
2026-08-11 17:45,465600000,15.3,82.1,0.83,108
2026-08-11 17:47,465720000,15.2,82.2,0,90
2026-08-11 17:49,465840000,15.2,82.2,0,98
2026-08-11 17:51,465960000,15.2,82.4,0,112
2026-08-11 17:53,466080000,15.3,82.1,0,82
2026-08-11 17:55,466200000,15.2,82,0,98
2026-08-11 17:57,466320000,15.2,81.7,0,85
2026-08-11 17:59,466440000,15.3,82,0,101
2026-08-11 18:01,466560000,15.3,81.8,0,123
2026-08-11 18:03,466680000,15.2,81.9,0,106
2026-08-11 18:05,466800000,15.2,82,0,108
2026-08-11 18:07,466920000,15.3,82.1,0,95
2026-08-11 18:09,467040000,15.3,82,0,100
2026-08-11 18:11,467160000,15.3,81.7,0,98
2026-08-11 18:13,467280000,15.3,81.8,0,90
2026-08-11 18:15,467400000,15.3,81.6,0,125
2026-08-11 18:17,467520000,15.3,81.8,0,84
2026-08-11 18:19,467640000,15.3,81.7,0,103
2026-08-11 18:21,467760000,15.3,81.5,0,120
2026-08-11 18:23,467880000,15.3,82.5,0,132
2026-08-11 18:25,468000000,15.3,81.9,0,100
2026-08-11 18:27,468120000,15.3,82,0,102
2026-08-11 18:29,468240000,15.2,82.1,0,124
2026-08-11 18:31,468360000,15.4,82,52.5,93
2026-08-11 18:33,468480000,15.3,82,51.67,98
2026-08-11 18:35,468600000,15.4,82.1,50.83,158
2026-08-11 18:37,468720000,15.3,82,50,112
2026-08-11 18:39,468840000,15.3,82.2,49.17,138
2026-08-11 18:41,468960000,15.4,82.3,50,134
2026-08-11 18:43,469080000,15.4,82.4,49.17,95
2026-08-11 18:45,469200000,15.4,82,49.17,150
2026-08-11 18:47,469320000,15.4,82.1,49.17,98
2026-08-11 18:49,469440000,15.4,82,48.33,106
2026-08-11 18:51,469560000,15.4,82.1,48.33,95
2026-08-11 18:53,469680000,15.3,82.1,48.33,109
2026-08-11 18:55,469800000,15.4,82.4,47.5,95
2026-08-11 18:57,469920000,15.4,82.6,48.33,119
2026-08-11 18:59,470040000,15.3,82.8,48.33,126
2026-08-11 19:01,470160000,15.3,82.6,47.5,98
2026-08-11 19:03,470280000,15.3,82.8,48.33,95
2026-08-11 19:05,470400000,15.3,82.7,47.5,107
2026-08-11 19:07,470520000,15.3,83,47.5,118
2026-08-11 19:09,470640000,15.2,82.7,48.33,92
2026-08-11 19:11,470760000,15.3,82.4,48.33,115
2026-08-11 19:13,470880000,15.3,82.2,47.5,130
2026-08-11 19:15,471000000,15.3,82,47.5,84
2026-08-11 19:17,471120000,15.4,82.1,47.5,137
2026-08-11 19:19,471240000,15.4,82.4,47.5,100
2026-08-11 19:21,471360000,15.4,82,47.5,96
2026-08-11 19:23,471480000,15.4,82.1,47.5,91
2026-08-11 19:25,471600000,15.3,82.2,48.33,97
2026-08-11 19:27,471720000,15.4,82,47.5,84
2026-08-11 19:29,471840000,15.3,82.2,48.33,101
2026-08-11 19:31,471960000,15.4,82.3,47.5,86
2026-08-11 19:33,472080000,15.4,82.2,47.5,107
2026-08-11 19:35,472200000,15.4,82.1,47.5,94
2026-08-11 19:37,472320000,15.4,82.1,48.33,97
2026-08-11 19:39,472440000,15.4,82.2,47.5,120
2026-08-11 19:41,472560000,15.4,82.3,47.5,99
2026-08-11 19:43,472680000,15.4,82,47.5,178
2026-08-11 19:45,472800000,15.4,82.1,47.5,119
2026-08-11 19:47,472920000,15.5,82.4,47.5,95
2026-08-11 19:49,473040000,15.5,82.5,47.5,74
2026-08-11 19:51,473160000,15.5,82.3,47.5,101
2026-08-11 19:53,473280000,15.5,82.3,47.5,74
2026-08-11 19:55,473400000,15.4,82.3,47.5,119
2026-08-11 19:57,473520000,15.5,82.6,47.5,100
2026-08-11 19:59,473640000,15.5,82.5,48.33,109
2026-08-11 20:01,473760000,15.5,82.6,48.33,125
2026-08-11 20:03,473880000,15.5,82.5,47.5,110
2026-08-11 20:05,474000000,15.4,82.6,47.5,83
2026-08-11 20:07,474120000,15.4,82.7,48.33,89
2026-08-11 20:09,474240000,15.5,82.9,48.33,96
2026-08-11 20:11,474360000,15.4,83.2,47.5,93
2026-08-11 20:13,474480000,15.4,83.2,48.33,116
2026-08-11 20:15,474600000,15.3,83.3,47.5,109
2026-08-11 20:17,474720000,15.5,83.3,47.5,93
2026-08-11 20:19,474840000,15.4,83.5,47.5,101
2026-08-11 20:21,474960000,15.5,83.5,47.5,109
2026-08-11 20:23,475080000,15.4,83.3,47.5,117
2026-08-11 20:25,475200000,15.5,83.3,47.5,157
2026-08-11 20:27,475320000,15.5,83.6,47.5,116
2026-08-11 20:29,475440000,15.4,83.3,47.5,117
2026-08-11 20:31,475560000,15.4,83.4,48.33,103
2026-08-11 20:33,475680000,15.5,83.3,47.5,97
2026-08-11 20:35,475800000,15.5,83.4,47.5,144
2026-08-11 20:37,475920000,15.5,83.9,48.33,123
2026-08-11 20:39,476040000,15.5,83.7,47.5,130
2026-08-11 20:41,476160000,15.5,83.7,47.5,114
2026-08-11 20:43,476280000,15.5,83.6,47.5,130
2026-08-11 20:45,476400000,15.6,83.7,47.5,159
2026-08-11 20:47,476520000,15.5,83.5,47.5,98
2026-08-11 20:49,476640000,15.5,83.4,47.5,116
2026-08-11 20:51,476760000,15.6,83.6,47.5,154
2026-08-11 20:53,476880000,15.5,83.8,47.5,152
2026-08-11 20:55,477000000,15.6,84.1,47.5,125
2026-08-11 20:57,477120000,15.6,83.6,48.33,134
2026-08-11 20:59,477240000,15.5,83.8,47.5,114
2026-08-11 21:01,477360000,15.5,83.7,47.5,208
2026-08-11 21:03,477480000,15.5,84,48.33,108
2026-08-11 21:05,477600000,15.5,83.9,47.5,100
2026-08-11 21:07,477720000,15.6,84,48.33,108
2026-08-11 21:09,477840000,15.6,83.8,47.5,92
2026-08-11 21:11,477960000,15.5,83.9,47.5,117
2026-08-11 21:13,478080000,15.6,83.6,47.5,91
2026-08-11 21:15,478200000,15.6,83.5,47.5,113
2026-08-11 21:17,478320000,15.5,83.5,47.5,123
2026-08-11 21:19,478440000,15.6,83.4,48.33,113
2026-08-11 21:21,478560000,15.6,83.5,47.5,81
2026-08-11 21:23,478680000,15.7,83.5,47.5,92
2026-08-11 21:25,478800000,15.7,83.4,48.33,93
2026-08-11 21:27,478920000,15.6,83.7,48.33,97
2026-08-11 21:29,479040000,15.7,83.6,47.5,86
2026-08-11 21:31,479160000,15.7,83.6,48.33,108
2026-08-11 21:33,479280000,15.8,83.3,47.5,123
2026-08-11 21:35,479400000,15.6,82.9,47.5,113
2026-08-11 21:37,479520000,15.7,83,47.5,91
2026-08-11 21:39,479640000,15.7,82.9,47.5,90
2026-08-11 21:41,479760000,15.7,83.1,47.5,95
2026-08-11 21:43,479880000,15.7,82.9,48.33,100
2026-08-11 21:45,480000000,15.8,83,47.5,103
2026-08-11 21:47,480120000,15.7,82.8,48.33,127
2026-08-11 21:49,480240000,15.8,83,47.5,139
2026-08-11 21:51,480360000,15.8,82.9,47.5,93
2026-08-11 21:53,480480000,15.8,83,47.5,122
2026-08-11 21:55,480600000,15.7,82.9,47.5,95
2026-08-11 21:57,480720000,15.8,82.9,47.5,101
2026-08-11 21:59,480840000,15.8,83,47.5,108
2026-08-11 22:01,480960000,15.7,82.8,47.5,118
2026-08-11 22:03,481080000,15.8,82.6,47.5,101
2026-08-11 22:05,481200000,15.9,82.7,48.33,92
2026-08-11 22:07,481320000,15.7,82.6,48.33,96
2026-08-11 22:09,481440000,15.8,82.8,47.5,132
2026-08-11 22:11,481560000,15.7,82.8,47.5,111
2026-08-11 22:13,481680000,15.7,82.7,47.5,109
2026-08-11 22:15,481800000,15.8,83,47.5,103
2026-08-11 22:17,481920000,15.7,82.8,47.5,125
2026-08-11 22:19,482040000,15.8,82.9,47.5,144
2026-08-11 22:21,482160000,15.8,82.9,47.5,94
2026-08-11 22:23,482280000,15.8,82.7,47.5,160
2026-08-11 22:25,482400000,15.7,82.8,47.5,111
2026-08-11 22:27,482520000,15.7,82.9,47.5,113
2026-08-11 22:29,482640000,15.7,82.8,47.5,114
2026-08-11 22:31,482760000,15.7,82.7,48.33,114
2026-08-11 22:33,482880000,15.7,82.8,47.5,111
2026-08-11 22:35,483000000,15.9,82.7,48.33,123
2026-08-11 22:37,483120000,15.8,82.7,48.33,118
2026-08-11 22:39,483240000,15.8,82.8,47.5,110
2026-08-11 22:41,483360000,15.8,82.8,48.33,120
2026-08-11 22:43,483480000,15.8,82.7,47.5,82
2026-08-11 22:45,483600000,15.8,82.8,48.33,148
2026-08-11 22:47,483720000,15.8,82.9,48.33,107
2026-08-11 22:49,483840000,15.7,82.7,47.5,117
2026-08-11 22:51,483960000,15.8,82.7,47.5,119
2026-08-11 22:53,484080000,15.8,83,47.5,96
2026-08-11 22:55,484200000,15.7,83.1,47.5,117
2026-08-11 22:57,484320000,15.7,83.3,47.5,111
2026-08-11 22:59,484440000,15.7,83.3,47.5,93
2026-08-11 23:01,484560000,15.6,83.3,47.5,104
2026-08-11 23:03,484680000,15.6,83.8,47.5,107
2026-08-11 23:05,484800000,15.6,83.4,47.5,143
2026-08-11 23:07,484920000,15.6,83.6,47.5,95
2026-08-11 23:09,485040000,15.6,83.5,47.5,103
2026-08-11 23:11,485160000,15.5,83.5,47.5,111
2026-08-11 23:13,485280000,15.7,83.2,48.33,125
2026-08-11 23:15,485400000,15.7,83.2,47.5,116
2026-08-11 23:17,485520000,15.7,83.1,47.5,104
2026-08-11 23:19,485640000,15.6,83.2,48.33,112
2026-08-11 23:21,485760000,15.6,83.1,47.5,103
2026-08-11 23:23,485880000,15.6,83.8,47.5,107
2026-08-11 23:25,486000000,15.5,83.3,47.5,102
2026-08-11 23:27,486120000,15.6,83.5,48.33,120
2026-08-11 23:29,486240000,15.5,83.8,47.5,135
2026-08-11 23:31,486360000,15.5,83.5,48.33,111
2026-08-11 23:33,486480000,15.6,83.4,48.33,111
2026-08-11 23:35,486600000,15.5,83.5,48.33,112
2026-08-11 23:37,486720000,15.5,83.7,48.33,110
2026-08-11 23:39,486840000,15.5,83.5,48.33,113
2026-08-11 23:41,486960000,15.6,83.4,47.5,89
2026-08-11 23:43,487080000,15.5,83.8,47.5,110
2026-08-11 23:45,487200000,15.5,83.3,47.5,113
2026-08-11 23:47,487320000,15.5,83.3,47.5,109
2026-08-11 23:49,487440000,15.6,83,47.5,100
2026-08-11 23:51,487560000,15.6,83.1,47.5,98
2026-08-11 23:53,487680000,15.6,82.9,47.5,75
2026-08-11 23:55,487800000,15.5,83.1,47.5,94
2026-08-11 23:57,487920000,15.6,83.2,47.5,98
2026-08-11 23:59,488040000,15.6,82.9,48.33,119
2026-08-12 00:01,488160000,15.60,83.00,47.50,113
2026-08-12 00:03,488280000,15.60,83.00,47.50,111
2026-08-12 00:05,488400000,15.60,82.90,47.50,124
2026-08-12 00:07,488520000,15.60,83.10,48.33,153
2026-08-12 00:09,488640000,15.60,83.00,47.50,113
2026-08-12 00:11,488760000,15.60,83.00,48.33,101
2026-08-12 00:13,488880000,15.60,82.80,47.50,107
2026-08-12 00:15,489000000,15.70,83.00,47.50,141
2026-08-12 00:17,489120000,15.70,83.00,0.00,119
2026-08-12 00:19,489240000,15.60,83.20,0.00,125
2026-08-12 00:21,489360000,15.60,83.20,0.00,89
2026-08-12 00:23,489480000,15.60,83.10,0.00,115
2026-08-12 00:25,489600000,15.50,83.20,0.00,118
2026-08-12 00:27,489720000,15.60,83.30,0.00,120
2026-08-12 00:29,489840000,15.60,83.30,0.00,104
2026-08-12 00:31,489960000,15.60,83.50,0.00,136
2026-08-12 00:33,490080000,15.60,83.60,0.00,124
2026-08-12 00:35,490200000,15.50,83.40,0.00,88
2026-08-12 00:37,490320000,15.60,83.70,0.00,96
2026-08-12 00:39,490440000,15.60,83.40,0.00,72
2026-08-12 00:41,490560000,15.60,83.40,0.00,115
2026-08-12 00:43,490680000,15.60,83.10,0.00,119
2026-08-12 00:45,490800000,15.60,83.60,0.00,154
2026-08-12 00:47,490920000,15.60,83.10,0.00,94
2026-08-12 00:49,491040000,15.50,83.30,0.00,110
2026-08-12 00:51,491160000,15.60,83.10,0.00,120
2026-08-12 00:53,491280000,15.50,83.20,0.00,128
2026-08-12 00:55,491400000,15.50,83.40,0.00,109
2026-08-12 00:57,491520000,15.60,83.80,0.00,89
2026-08-12 00:59,491640000,15.60,83.60,0.00,70
2026-08-12 01:01,491760000,15.60,83.50,0.00,106
2026-08-12 01:03,491880000,15.60,83.80,0.00,108
2026-08-12 01:05,492000000,15.60,83.50,0.00,101
2026-08-12 01:07,492120000,15.60,83.30,0.00,105
2026-08-12 01:09,492240000,15.60,83.10,0.00,94
2026-08-12 01:11,492360000,15.70,83.20,0.00,98
2026-08-12 01:13,492480000,15.50,83.20,0.00,87
2026-08-12 01:15,492600000,15.60,83.10,0.00,113
2026-08-12 01:17,492720000,15.60,83.20,0.00,127
2026-08-12 01:19,492840000,15.60,83.20,0.00,117
2026-08-12 01:21,492960000,15.50,83.70,0.00,99
2026-08-12 01:23,493080000,15.60,83.10,0.00,108
2026-08-12 01:25,493200000,15.70,83.40,0.00,95
2026-08-12 01:27,493320000,15.60,83.40,0.00,86
2026-08-12 01:29,493440000,15.60,83.40,0.00,134
2026-08-12 01:31,493560000,15.70,83.40,0.00,103
2026-08-12 01:33,493680000,15.70,83.20,0.00,104
2026-08-12 01:35,493800000,15.60,83.60,0.00,98
2026-08-12 01:37,493920000,15.60,83.60,0.00,93
2026-08-12 01:39,494040000,15.70,83.90,0.00,107
2026-08-12 01:41,494160000,15.60,83.80,0.00,139
2026-08-12 01:43,494280000,15.60,83.50,0.00,102
2026-08-12 01:45,494400000,15.60,83.60,0.00,104
2026-08-12 01:47,494520000,15.60,83.80,0.00,135
2026-08-12 01:49,494640000,15.60,83.70,0.00,108
2026-08-12 01:51,494760000,15.60,83.60,0.00,103
2026-08-12 01:53,494880000,15.60,83.90,0.00,151
2026-08-12 01:55,495000000,15.60,83.90,0.00,90
2026-08-12 01:57,495120000,15.60,83.90,0.00,141
2026-08-12 01:59,495240000,15.70,83.70,0.00,93
2026-08-12 02:01,495360000,15.70,83.70,0.00,91
2026-08-12 02:03,495480000,15.60,83.90,0.00,119
2026-08-12 02:05,495600000,15.70,84.00,0.00,99
2026-08-12 02:07,495720000,15.70,84.10,0.00,110
2026-08-12 02:09,495840000,15.70,84.10,0.00,102
2026-08-12 02:11,495960000,15.70,84.10,0.00,112
2026-08-12 02:13,496080000,15.70,84.20,0.00,93
2026-08-12 02:15,496200000,15.70,84.00,0.00,99
2026-08-12 02:17,496320000,15.70,83.30,0.00,150
2026-08-12 02:19,496440000,15.80,83.20,0.00,119
2026-08-12 02:21,496560000,15.70,83.20,0.00,118
2026-08-12 02:23,496680000,15.70,83.10,0.00,116
2026-08-12 02:25,496800000,15.70,83.20,0.00,104
2026-08-12 02:27,496920000,15.60,83.50,0.00,111
2026-08-12 02:29,497040000,15.70,83.30,0.00,135
2026-08-12 02:31,497160000,15.60,83.20,0.00,112
2026-08-12 02:33,497280000,15.60,83.40,0.00,122
2026-08-12 02:35,497400000,15.50,83.40,0.00,112
2026-08-12 02:37,497520000,15.50,83.40,0.00,109
2026-08-12 02:39,497640000,15.50,83.40,0.00,108
2026-08-12 02:41,497760000,15.50,83.00,0.00,115
2026-08-12 02:43,497880000,15.50,83.20,0.00,126
2026-08-12 02:45,498000000,15.60,82.90,0.00,114
2026-08-12 02:47,498120000,15.50,82.90,0.00,100
2026-08-12 02:49,498240000,15.40,83.40,0.00,123
2026-08-12 02:51,498360000,15.50,83.10,0.00,130
2026-08-12 02:53,498480000,15.40,83.40,0.00,122
2026-08-12 02:55,498600000,15.40,83.30,0.00,142
2026-08-12 02:57,498720000,15.30,83.60,0.00,112
2026-08-12 02:59,498840000,15.40,83.40,0.00,88
2026-08-12 03:01,498960000,15.40,83.50,0.00,137
2026-08-12 03:03,499080000,15.40,83.40,0.00,82
2026-08-12 03:05,499200000,15.50,83.40,0.00,131
2026-08-12 03:07,499320000,15.40,83.40,0.00,104
2026-08-12 03:09,499440000,15.50,83.50,0.00,117
2026-08-12 03:11,499560000,15.40,83.60,0.00,130
2026-08-12 03:13,499680000,15.40,83.50,0.00,128
2026-08-12 03:15,499800000,15.40,83.50,0.00,110
2026-08-12 03:17,499920000,15.40,83.30,0.00,106
2026-08-12 03:19,500040000,15.40,83.50,0.00,139
2026-08-12 03:21,500160000,15.40,83.50,0.00,100
2026-08-12 03:23,500280000,15.50,83.50,0.00,114
2026-08-12 03:25,500400000,15.30,83.60,0.00,97
2026-08-12 03:27,500520000,15.30,83.60,0.00,99
2026-08-12 03:29,500640000,15.40,83.50,0.00,118
2026-08-12 03:31,500760000,15.40,83.60,0.00,111
2026-08-12 03:33,500880000,15.30,83.50,0.00,103
2026-08-12 03:35,501000000,15.40,83.50,52.50,130
2026-08-12 03:37,501120000,15.40,83.70,51.67,128
2026-08-12 03:39,501240000,15.40,83.40,50.00,150
2026-08-12 03:41,501360000,15.50,83.10,50.00,111
2026-08-12 03:43,501480000,15.50,83.50,49.17,102
2026-08-12 03:45,501600000,15.50,83.20,49.17,153
2026-08-12 03:47,501720000,15.50,83.30,49.17,131
2026-08-12 03:49,501840000,15.50,83.40,49.17,103
2026-08-12 03:51,501960000,15.50,83.40,48.33,78
2026-08-12 03:53,502080000,15.50,83.20,48.33,99
2026-08-12 03:55,502200000,15.50,83.30,48.33,94
2026-08-12 03:57,502320000,15.50,83.20,48.33,95
2026-08-12 03:59,502440000,15.50,82.90,47.50,167
2026-08-12 04:01,502560000,15.50,82.90,48.33,99
2026-08-12 04:03,502680000,15.40,83.30,48.33,118
2026-08-12 04:05,502800000,15.40,83.50,48.33,109
2026-08-12 04:07,502920000,15.30,83.50,48.33,114
2026-08-12 04:09,503040000,15.30,83.70,48.33,111
2026-08-12 04:11,503160000,15.30,83.70,47.50,124
2026-08-12 04:13,503280000,15.30,83.50,48.33,94
2026-08-12 04:15,503400000,15.30,83.20,48.33,134
2026-08-12 04:17,503520000,15.30,83.30,47.50,112
2026-08-12 04:19,503640000,15.30,83.30,47.50,135
2026-08-12 04:21,503760000,15.30,83.30,47.50,107
2026-08-12 04:23,503880000,15.30,83.10,47.50,115
2026-08-12 04:25,504000000,15.20,83.40,48.33,120
2026-08-12 04:27,504120000,15.30,83.50,47.50,91
2026-08-12 04:29,504240000,15.30,83.10,48.33,151
2026-08-12 04:31,504360000,15.30,83.00,48.33,117
2026-08-12 04:33,504480000,15.40,83.30,47.50,123
2026-08-12 04:35,504600000,15.30,83.40,47.50,96
2026-08-12 04:37,504720000,15.20,83.30,47.50,124
2026-08-12 04:39,504840000,15.30,83.50,48.33,102
2026-08-12 04:41,504960000,15.20,83.60,47.50,113
2026-08-12 04:43,505080000,15.20,83.60,47.50,118
2026-08-12 04:45,505200000,15.20,83.60,47.50,102
2026-08-12 04:47,505320000,15.20,83.40,48.33,133
2026-08-12 04:49,505440000,15.20,83.30,48.33,97
2026-08-12 04:51,505560000,15.30,83.40,48.33,117
2026-08-12 04:53,505680000,15.30,83.60,47.50,102
2026-08-12 04:55,505800000,15.20,83.40,47.50,143
2026-08-12 04:57,505920000,15.20,83.20,48.33,128
2026-08-12 04:59,506040000,15.20,83.30,47.50,122
2026-08-12 05:01,506160000,15.20,83.20,48.33,95
2026-08-12 05:03,506280000,15.20,83.30,48.33,95
2026-08-12 05:05,506400000,15.30,83.30,48.33,114
2026-08-12 05:07,506520000,15.30,83.10,47.50,94
2026-08-12 05:09,506640000,15.30,83.20,48.33,96
2026-08-12 05:11,506760000,15.30,83.40,47.50,128
2026-08-12 05:13,506880000,15.40,83.40,48.33,94
2026-08-12 05:15,507000000,15.30,83.30,48.33,104
2026-08-12 05:17,507120000,15.20,83.20,48.33,143
2026-08-12 05:19,507240000,15.40,83.10,47.50,145
2026-08-12 05:21,507360000,15.30,83.30,48.33,78
2026-08-12 05:23,507480000,15.40,83.40,47.50,80
2026-08-12 05:25,507600000,15.40,83.30,47.50,107
2026-08-12 05:27,507720000,15.30,83.10,47.50,111
2026-08-12 05:29,507840000,15.40,83.20,48.33,111
2026-08-12 05:31,507960000,15.30,83.00,47.50,116
2026-08-12 05:33,508080000,15.30,83.10,47.50,152
2026-08-12 05:35,508200000,15.30,83.00,47.50,109
2026-08-12 05:37,508320000,15.30,83.30,47.50,128
2026-08-12 05:39,508440000,15.30,83.10,48.33,119
2026-08-12 05:41,508560000,15.20,82.90,47.50,86
2026-08-12 05:43,508680000,15.20,83.20,48.33,114
2026-08-12 05:45,508800000,15.30,83.10,47.50,121
2026-08-12 05:47,508920000,15.30,83.30,47.50,121
2026-08-12 05:49,509040000,15.30,83.10,47.50,110
2026-08-12 05:51,509160000,15.30,83.10,47.50,117
2026-08-12 05:53,509280000,15.30,83.10,47.50,154
2026-08-12 05:55,509400000,15.20,83.10,47.50,109
2026-08-12 05:57,509520000,15.30,83.20,47.50,123
2026-08-12 05:59,509640000,15.20,83.10,48.33,121
2026-08-12 06:01,509760000,15.20,83.20,48.33,85
2026-08-12 06:03,509880000,15.10,83.30,48.33,90
2026-08-12 06:05,510000000,15.10,83.30,47.50,140
2026-08-12 06:07,510120000,15.20,83.20,47.50,87
2026-08-12 06:09,510240000,15.20,83.60,48.33,94
2026-08-12 06:11,510360000,15.20,83.30,47.50,81
2026-08-12 06:13,510480000,15.20,83.20,48.33,104
2026-08-12 06:15,510600000,15.20,83.40,48.33,105
2026-08-12 06:17,510720000,15.20,83.40,47.50,87
2026-08-12 06:19,510840000,15.10,83.30,48.33,97
2026-08-12 06:21,510960000,15.30,83.40,48.33,118
2026-08-12 06:23,511080000,15.20,83.40,47.50,146
2026-08-12 06:25,511200000,15.20,83.60,47.50,121
2026-08-12 06:27,511320000,15.20,83.50,48.33,101
2026-08-12 06:29,511440000,15.30,83.30,47.50,106
2026-08-12 06:31,511560000,15.30,83.40,47.50,94
2026-08-12 06:33,511680000,15.20,83.40,48.33,80
2026-08-12 06:35,511800000,15.30,83.70,48.33,110
2026-08-12 06:37,511920000,15.30,83.50,47.50,90
2026-08-12 06:39,512040000,15.20,83.30,47.50,90
2026-08-12 06:41,512160000,15.20,83.10,47.50,147
2026-08-12 06:43,512280000,15.30,82.80,47.50,87
2026-08-12 06:45,512400000,15.40,82.90,48.33,144
2026-08-12 06:47,512520000,15.40,82.70,48.33,127
2026-08-12 06:49,512640000,15.40,82.30,47.50,93
2026-08-12 06:51,512760000,15.40,82.80,47.50,86
2026-08-12 06:53,512880000,15.40,82.60,48.33,130
2026-08-12 06:55,513000000,15.30,83.00,47.50,103
2026-08-12 06:57,513120000,15.10,83.00,47.50,134
2026-08-12 06:59,513240000,15.30,82.70,47.50,119
2026-08-12 07:01,513360000,15.30,82.90,47.50,110
2026-08-12 07:03,513480000,15.20,83.20,47.50,120
2026-08-12 07:05,513600000,15.20,83.00,47.50,126
2026-08-12 07:07,513720000,15.10,83.20,47.50,126
2026-08-12 07:09,513840000,15.20,83.10,47.50,103
2026-08-12 07:11,513960000,15.20,82.90,48.33,130
2026-08-12 07:13,514080000,15.10,82.70,47.50,143
2026-08-12 07:15,514200000,15.10,82.90,47.50,125
2026-08-12 07:17,514320000,15.10,83.00,47.50,105
2026-08-12 07:19,514440000,15.10,83.00,47.50,118
2026-08-12 07:21,514560000,15.10,82.90,48.33,100
2026-08-12 07:23,514680000,15.10,82.90,48.33,126
2026-08-12 07:25,514800000,15.00,83.20,48.33,126
2026-08-12 07:27,514920000,15.00,83.40,48.33,141
2026-08-12 07:29,515040000,15.00,83.50,49.17,112
2026-08-12 07:31,515160000,14.90,83.60,48.33,112
2026-08-12 07:33,515280000,15.00,83.40,48.33,132
2026-08-12 07:35,515400000,15.00,83.30,49.17,106
2026-08-12 07:37,515520000,15.00,83.30,77.50,140
2026-08-12 07:39,515640000,14.90,83.50,76.67,116
2026-08-12 07:41,515760000,15.00,83.20,76.67,109
2026-08-12 07:43,515880000,15.00,83.30,75.83,121
2026-08-12 07:45,516000000,14.90,83.90,72.50,155
2026-08-12 07:46,516120000,15.00,83.60,71.67,217
2026-08-12 07:49,516285670,15.00,83.60,73.33,48
2026-08-12 07:51,516427286,15.10,83.10,74.17,69
2026-08-12 07:54,516547286,15.00,83.60,74.17,153
2026-08-12 07:56,516667286,15.00,83.40,75.00,107
2026-08-12 07:58,516787286,15.00,83.50,75.83,117
2026-08-12 08:00,516907286,15.00,83.80,75.00,203
2026-08-12 08:02,517027286,15.00,83.80,75.00,99
2026-08-12 08:04,517147286,14.90,83.70,28.33,136
2026-08-12 08:06,517267286,15.10,83.60,28.33,119
2026-08-12 08:08,517387286,15.10,83.60,29.17,141
2026-08-12 08:10,517507286,15.00,83.70,29.17,104
2026-08-12 08:12,517627286,15.00,83.70,27.50,123
2026-08-12 08:14,517747286,15.10,83.60,27.50,129
2026-08-12 08:16,517867286,15.10,83.70,27.50,219
2026-08-12 08:18,517987286,15.00,83.90,27.50,181
2026-08-12 08:20,518107286,15.10,83.80,29.17,133
2026-08-12 08:22,518227286,15.10,83.90,30.83,119
2026-08-12 08:24,518347286,15.20,84.00,30.83,104
2026-08-12 08:26,518467286,15.20,84.00,31.67,94
2026-08-12 08:28,518587286,15.20,84.40,33.33,96
2026-08-12 08:30,518707286,15.20,84.40,37.50,112
2026-08-12 08:32,518827286,15.20,84.10,38.33,106
2026-08-12 08:34,518947286,15.30,84.20,38.33,149
2026-08-12 08:36,519067286,15.30,83.90,39.17,106
2026-08-12 08:38,519187286,15.20,84.30,45.83,115
2026-08-12 08:40,519307286,15.40,84.50,52.50,93
2026-08-12 08:42,519427286,15.40,84.80,50.83,153
2026-08-12 08:44,519547286,15.40,84.60,48.33,144
2026-08-12 08:46,519667286,15.50,84.60,44.17,142
2026-08-12 08:48,519787286,15.60,84.80,40.00,79
2026-08-12 08:50,519907286,15.60,85.00,38.33,99
2026-08-12 08:52,520027286,15.70,84.70,36.67,116
2026-08-12 08:54,520147286,15.70,84.60,34.17,106
2026-08-12 08:56,520267286,15.70,84.70,31.67,111
2026-08-12 08:58,520387286,15.80,84.50,30.83,92
2026-08-12 09:00,520507286,15.70,84.60,30.83,92
2026-08-12 09:02,520627286,15.70,84.60,31.67,105
2026-08-12 09:04,520747286,15.80,84.70,32.50,107
2026-08-12 09:06,520867286,15.80,84.80,32.50,89
2026-08-12 09:08,520987286,15.80,84.70,35.83,163
2026-08-12 09:10,521107286,15.90,84.50,39.17,100
2026-08-12 09:12,521227286,15.90,84.90,40.00,129
2026-08-12 09:14,521347286,15.90,84.90,39.17,137
2026-08-12 09:16,521467286,16.00,85.10,38.33,120
2026-08-12 09:18,521587286,15.90,84.80,41.67,103
2026-08-12 09:20,521707286,16.00,84.50,42.50,100
2026-08-12 09:22,521827286,16.00,84.80,53.33,114
2026-08-12 09:24,521947286,16.00,85.00,53.33,117
2026-08-12 09:26,522067286,16.10,84.90,51.67,121
2026-08-12 09:28,522187286,16.10,84.70,50.83,108
2026-08-12 09:30,522307286,16.20,84.90,50.00,109
2026-08-12 09:32,522427286,16.20,84.60,53.33,127
2026-08-12 09:34,522547286,16.20,84.40,56.67,102
2026-08-12 09:36,522667286,16.30,84.90,61.67,130
2026-08-12 09:38,522787286,16.40,84.60,61.67,105
2026-08-12 09:40,522907286,16.30,84.60,63.33,110
2026-08-12 09:42,523027286,16.40,84.60,60.83,99
2026-08-12 09:44,523147286,16.40,84.50,65.83,100
2026-08-12 09:46,523267286,16.50,84.40,65.00,94
2026-08-12 09:48,523387286,16.50,84.20,63.33,122
2026-08-12 09:50,523507286,16.50,84.20,62.50,100
2026-08-12 09:52,523627286,16.50,84.10,60.83,124
2026-08-12 09:54,523747286,16.60,84.30,59.17,113
2026-08-12 09:56,523867286,16.60,84.30,60.83,115
2026-08-12 09:58,523987286,16.50,84.20,65.00,108
2026-08-12 10:00,524107286,16.60,84.20,63.33,95
2026-08-12 10:02,524227286,16.80,84.70,59.17,110
2026-08-12 10:04,524347286,16.70,84.40,55.00,105
2026-08-12 10:06,524467286,16.80,84.40,54.17,109
2026-08-12 10:08,524587286,16.80,84.20,59.17,91
2026-08-12 10:10,524707286,16.80,84.10,70.00,112
2026-08-12 10:12,524827286,16.90,84.10,77.50,142
2026-08-12 10:14,524947286,17.00,84.50,84.17,112
2026-08-12 10:16,525067286,17.00,84.40,87.50,115
2026-08-12 10:18,525187286,17.00,84.10,90.00,95
2026-08-12 10:20,525307286,17.10,84.10,90.00,103
2026-08-12 10:22,525427286,17.20,84.10,90.00,116
2026-08-12 10:24,525547286,17.30,84.00,90.83,87
2026-08-12 10:26,525667286,17.20,83.90,86.67,101
2026-08-12 10:28,525787286,17.30,83.80,81.67,145
2026-08-12 10:30,525907286,17.40,83.90,80.00,109
2026-08-12 10:32,526027286,17.50,84.00,80.00,88
2026-08-12 10:34,526147286,17.60,84.00,80.83,124
2026-08-12 10:36,526267286,17.50,83.70,85.00,154
2026-08-12 10:38,526387286,17.60,83.90,96.67,136
2026-08-12 10:40,526507286,17.60,83.90,97.50,125
2026-08-12 10:42,526627286,17.60,84.20,90.00,113
2026-08-12 10:44,526747286,17.70,84.30,84.17,120
2026-08-12 10:46,526867286,17.80,84.10,86.67,118
2026-08-12 10:48,526987286,17.80,84.30,91.67,104
2026-08-12 10:50,527107286,17.90,84.10,95.00,102
2026-08-12 10:52,527227286,18.00,84.50,97.50,106
2026-08-12 10:54,527347286,18.00,84.00,105.00,103
2026-08-12 10:56,527467286,18.10,83.90,104.17,105
2026-08-12 10:58,527587286,18.10,83.90,95.00,156
2026-08-12 11:00,527707286,18.10,83.20,92.50,110
2026-08-12 11:02,527827286,18.20,83.00,93.33,120
2026-08-12 11:04,527947286,18.30,83.20,101.67,135
2026-08-12 11:06,528067286,18.30,83.20,103.33,117
2026-08-12 11:08,528187286,18.40,83.10,108.33,106
2026-08-12 11:10,528307286,18.50,83.50,114.17,109
2026-08-12 11:12,528427286,18.40,83.10,115.00,120
2026-08-12 11:14,528547286,18.40,83.00,113.33,105
2026-08-12 11:16,528667286,18.60,83.20,111.67,127
2026-08-12 11:18,528787286,18.50,82.90,105.00,126
2026-08-12 11:20,528907286,18.60,82.50,110.00,153
2026-08-12 11:22,529027286,18.60,83.10,116.67,127
2026-08-12 11:24,529147286,18.70,82.90,128.33,118
2026-08-12 11:26,529267286,18.70,83.00,140.00,125
2026-08-12 11:28,529387286,18.70,83.00,136.67,100
2026-08-12 11:30,529507286,19.00,83.00,136.67,106
2026-08-12 11:32,529627286,19.00,82.60,138.33,136
2026-08-12 11:34,529747286,19.00,82.00,141.67,169
2026-08-12 11:36,529867286,19.10,83.00,138.33,141
2026-08-12 11:38,529987286,19.20,82.10,140.83,132
2026-08-12 11:40,530107286,19.20,82.10,138.33,119
2026-08-12 11:42,530227286,19.20,82.20,126.67,110
2026-08-12 11:44,530347286,19.30,81.60,127.50,138
2026-08-12 11:46,530467286,19.30,82.20,132.50,124
2026-08-12 11:48,530587286,19.40,81.80,132.50,139
2026-08-12 11:50,530707286,19.50,82.30,135.00,113
2026-08-12 11:52,530827286,19.50,81.80,136.67,114
2026-08-12 11:54,530947286,19.60,81.50,150.00,124
2026-08-12 11:56,531067286,19.70,81.70,160.00,109
2026-08-12 11:58,531187286,19.80,81.70,192.50,129
2026-08-12 12:00,531307286,19.80,81.60,151.67,110
2026-08-12 12:02,531427286,19.80,81.20,142.50,177
2026-08-12 12:04,531547286,19.90,81.00,141.67,127
2026-08-12 12:06,531667286,19.90,81.10,151.67,122
2026-08-12 12:08,531787286,20.00,81.10,180.00,102
2026-08-12 12:10,531907286,20.10,81.60,155.83,91
2026-08-12 12:12,532027286,20.10,81.40,161.67,123
2026-08-12 12:14,532147286,20.10,80.70,146.67,108
2026-08-12 12:16,532267286,20.30,80.90,134.17,121
2026-08-12 12:18,532387286,20.30,80.90,130.00,93
2026-08-12 12:20,532507286,20.30,80.70,127.50,137
2026-08-12 12:22,532627286,20.40,81.00,126.67,115
2026-08-12 12:24,532747286,20.40,80.70,143.33,155
2026-08-12 12:26,532867286,20.50,80.90,158.33,110
2026-08-12 12:28,532987286,20.40,81.40,193.33,145
2026-08-12 12:30,533107286,20.50,81.40,225.83,117
2026-08-12 12:32,533227286,20.60,81.60,173.33,103
2026-08-12 12:34,533347286,20.70,81.30,207.50,149
2026-08-12 12:36,533467286,20.70,81.00,153.33,148
2026-08-12 12:38,533587286,20.90,80.70,160.00,141
2026-08-12 12:40,533707286,20.90,80.60,203.33,133
2026-08-12 12:42,533827286,21.00,80.30,206.67,158
2026-08-12 12:44,533947286,21.00,80.10,237.50,161
2026-08-12 12:46,534067286,21.20,80.60,230.00,91
2026-08-12 12:48,534187286,21.20,80.10,224.17,129
2026-08-12 12:50,534307286,21.30,79.60,218.33,123
2026-08-12 12:52,534427286,21.30,79.80,223.33,116
2026-08-12 12:54,534547286,21.50,79.50,217.50,124
2026-08-12 12:56,534667286,21.50,79.00,246.67,129
2026-08-12 12:58,534787286,21.60,79.90,203.33,118
2026-08-12 13:00,534907286,21.70,79.70,203.33,134
2026-08-12 13:02,535027286,21.70,79.50,210.00,148
2026-08-12 13:04,535147286,21.80,78.90,224.17,170
2026-08-12 13:06,535267286,21.90,78.00,213.33,119
2026-08-12 13:08,535387286,21.70,78.00,220.83,141
2026-08-12 13:10,535507286,21.90,78.40,222.50,204
2026-08-12 13:12,535627286,21.90,78.30,208.33,169
2026-08-12 13:14,535747286,22.00,78.10,200.83,140
2026-08-12 13:16,535867286,21.90,78.10,190.00,115
2026-08-12 13:18,535987286,22.10,77.70,177.50,157
2026-08-12 13:20,536107286,22.00,78.20,144.17,135
2026-08-12 13:22,536227286,22.10,78.30,103.33,133
2026-08-12 13:24,536347286,22.00,78.10,99.17,131
2026-08-12 13:26,536467286,22.00,78.20,82.50,115
2026-08-12 13:28,536587286,22.10,78.30,91.67,137
2026-08-12 13:30,536707286,22.00,77.90,158.33,133
2026-08-12 13:32,536827286,22.10,77.90,140.83,126
2026-08-12 13:34,536947286,22.10,78.30,158.33,127
2026-08-12 13:36,537067286,22.00,78.90,150.83,131
2026-08-12 13:38,537187286,22.00,78.90,145.83,147
2026-08-12 13:40,537307286,22.10,78.70,158.33,113
2026-08-12 13:42,537427286,22.10,78.90,179.17,94
2026-08-12 13:44,537547286,22.20,78.80,147.50,104
2026-08-12 13:46,537667286,22.30,78.30,130.00,128
2026-08-12 13:48,537787286,22.30,78.60,116.67,148
2026-08-12 13:50,537907286,22.30,77.80,140.00,135
2026-08-12 13:52,538027286,22.20,77.70,112.50,107
2026-08-12 13:54,538147286,22.30,77.70,113.33,134
2026-08-12 13:56,538267286,22.30,78.10,122.50,176
2026-08-12 13:58,538387286,22.30,78.20,143.33,129
2026-08-12 14:00,538507286,22.30,78.20,179.17,135
2026-08-12 14:02,538627286,22.40,78.20,165.83,125
2026-08-12 14:04,538747286,22.40,78.20,290.00,154
2026-08-12 14:06,538867286,22.60,78.70,252.50,142
2026-08-12 14:08,538987286,22.60,78.00,306.67,134
2026-08-12 14:10,539107286,22.60,78.20,257.50,202
2026-08-12 14:12,539227286,22.80,77.50,156.67,107
2026-08-12 14:14,539347286,22.90,77.70,136.67,140
2026-08-12 14:16,539467286,22.80,76.90,136.67,145
2026-08-12 14:18,539587286,22.90,77.60,142.50,132
2026-08-12 14:20,539707286,22.80,75.40,151.67,113
2026-08-12 14:22,539827286,22.80,76.10,146.67,133
2026-08-12 14:24,539947286,22.80,76.90,167.50,186
2026-08-12 14:26,540067286,23.00,76.80,149.17,182
2026-08-12 14:28,540187286,23.00,76.70,115.83,142
2026-08-12 14:30,540307286,23.10,76.90,119.17,120
2026-08-12 14:32,540427286,23.00,76.20,119.17,175
2026-08-12 14:34,540547286,23.00,76.40,116.67,122
2026-08-12 14:36,540667286,22.90,76.70,115.83,139
2026-08-12 14:38,540787286,23.00,75.90,123.33,117
2026-08-12 14:40,540907286,23.00,76.10,120.83,142
2026-08-12 14:42,541027286,22.90,77.00,126.67,117
2026-08-12 14:44,541147286,22.90,76.80,125.00,130
2026-08-12 14:46,541267286,23.00,76.80,128.33,128
2026-08-12 14:48,541387286,22.90,76.70,120.83,113
2026-08-12 14:50,541507286,22.90,77.10,135.83,130
2026-08-12 14:52,541627286,22.90,77.30,156.67,138
2026-08-12 14:54,541747286,23.00,77.10,304.17,135
2026-08-12 14:56,541867286,23.10,77.20,273.33,131
2026-08-12 14:58,541987286,23.20,77.20,341.67,138
2026-08-12 15:00,542107286,23.30,77.50,262.50,135
2026-08-12 15:02,542227286,23.40,77.00,240.00,151
2026-08-12 15:04,542347286,23.50,76.40,319.17,139
2026-08-12 15:06,542467286,23.60,77.10,226.67,120
2026-08-12 15:08,542587286,23.70,76.50,131.67,180
2026-08-12 15:10,542707286,23.80,75.80,135.00,115
2026-08-12 15:12,542827286,23.80,75.80,141.67,117
2026-08-12 15:14,542947286,23.80,75.40,119.17,141
2026-08-12 15:16,543067286,23.80,75.00,104.17,128
2026-08-12 15:18,543187286,23.80,75.10,110.00,121
2026-08-12 15:20,543307286,23.70,74.70,110.00,143
2026-08-12 15:22,543427286,23.70,75.30,100.00,108
2026-08-12 15:24,543547286,23.70,74.70,96.67,139
2026-08-12 15:26,543667286,23.60,74.60,98.33,144
2026-08-12 15:28,543787286,23.50,75.10,86.67,131
2026-08-12 15:30,543907286,23.50,75.30,110.83,128
2026-08-12 15:32,544027286,23.50,75.80,88.33,127
2026-08-12 15:34,544147286,23.50,75.80,75.83,144
2026-08-12 15:36,544267286,23.60,75.50,69.17,143
2026-08-12 15:38,544387286,23.50,75.30,64.17,136
2026-08-12 15:40,544507286,23.40,75.30,62.50,126
2026-08-12 15:42,544627286,23.40,75.60,61.67,134
2026-08-12 15:44,544747286,23.30,76.30,55.83,153
2026-08-12 15:46,544867286,23.30,75.80,43.33,184
2026-08-12 15:48,544987286,23.20,76.50,42.50,153
2026-08-12 15:50,545107286,23.10,77.00,45.00,127
2026-08-12 15:52,545227286,23.10,77.20,47.50,139
2026-08-12 15:54,545347286,23.10,77.00,47.50,137
2026-08-12 15:56,545467286,23.00,77.50,45.83,129
2026-08-12 15:58,545587286,23.00,77.80,46.67,118
2026-08-12 16:00,545707286,23.10,77.60,47.50,121
2026-08-12 16:02,545827286,23.00,77.50,48.33,150
2026-08-12 16:04,545947286,23.00,77.70,47.50,108
2026-08-12 16:06,546067286,23.00,77.80,45.00,131
2026-08-12 16:08,546187286,22.90,78.00,42.50,158
2026-08-12 16:10,546307286,23.00,78.30,44.17,146
2026-08-12 16:12,546427286,22.90,78.30,45.83,170
2026-08-12 16:14,546547286,23.00,78.40,45.00,107
2026-08-12 16:16,546667286,23.00,78.50,45.83,120
2026-08-12 16:18,546787286,23.00,77.80,45.00,128
2026-08-12 16:20,546907286,22.90,77.80,45.00,121
2026-08-12 16:22,547027286,22.90,78.20,45.00,139
2026-08-12 16:24,547147286,22.90,78.00,46.67,151
2026-08-12 16:26,547267286,23.00,78.50,47.50,118
2026-08-12 16:28,547387286,22.90,78.20,48.33,113
2026-08-12 16:30,547507286,22.90,78.10,47.50,134
2026-08-12 16:32,547627286,22.90,78.10,46.67,117
2026-08-12 16:34,547747286,22.90,78.10,43.33,107
2026-08-12 16:36,547867286,22.80,78.10,42.50,128
2026-08-12 16:38,547987286,22.80,78.00,40.83,160
2026-08-12 16:40,548107286,22.70,78.20,37.50,122
2026-08-12 16:42,548227286,22.70,78.40,34.17,148
2026-08-12 16:44,548347286,22.70,78.50,34.17,132
2026-08-12 16:46,548467286,22.70,78.60,33.33,155
2026-08-12 16:48,548587286,22.70,78.50,34.17,133
2026-08-12 16:50,548707286,22.80,78.80,35.83,123
2026-08-12 16:52,548827286,22.80,78.50,35.83,125
2026-08-12 16:54,548947286,22.70,78.10,36.67,108
2026-08-12 16:56,549067286,22.70,78.50,35.83,132
2026-08-12 16:58,549187286,22.70,78.80,35.00,141
2026-08-12 17:00,549307286,22.70,78.70,35.00,134
2026-08-12 17:02,549427286,22.70,78.80,33.33,132
2026-08-12 17:04,549547286,22.70,78.90,32.50,127
2026-08-12 17:06,549667286,22.70,78.90,31.67,115
2026-08-12 17:08,549787286,22.70,79.00,30.83,136
2026-08-12 17:10,549907286,22.70,79.10,30.83,99
2026-08-12 17:12,550027286,22.70,79.30,29.17,122
2026-08-12 17:14,550147286,22.70,79.20,29.17,133
2026-08-12 17:16,550267286,22.60,79.50,30.00,127
2026-08-12 17:18,550387286,22.60,79.60,30.83,151
2026-08-12 17:20,550507286,22.60,79.50,31.67,134
2026-08-12 17:22,550627286,22.60,80.00,31.67,121
2026-08-12 17:24,550747286,22.50,79.90,30.83,116
2026-08-12 17:26,550867286,22.50,79.90,30.00,106
2026-08-12 17:28,550987286,22.50,80.10,28.33,106
2026-08-12 17:30,551107286,22.50,80.00,28.33,153
2026-08-12 17:32,551227286,22.50,80.00,29.17,145
2026-08-12 17:34,551347286,22.50,80.00,28.33,120
2026-08-12 17:36,551467286,22.50,80.00,28.33,127
2026-08-12 17:38,551587286,22.40,80.00,27.50,176
2026-08-12 17:40,551707286,22.40,80.00,27.50,102
2026-08-12 17:42,551827286,22.40,80.30,27.50,125
2026-08-12 17:44,551947286,22.40,80.00,26.67,172
2026-08-12 17:46,552067286,22.40,80.30,26.67,106
2026-08-12 17:48,552187286,22.40,80.60,26.67,146
2026-08-12 17:50,552307286,22.40,80.40,26.67,143
2026-08-12 17:52,552427286,22.40,80.50,26.67,116
2026-08-12 17:54,552547286,22.40,80.50,25.83,123
2026-08-12 17:56,552667286,22.40,80.50,25.83,124
2026-08-12 17:58,552787286,22.30,80.30,25.83,132
2026-08-12 18:00,552907286,22.30,80.30,25.00,146
2026-08-12 18:02,553027286,22.20,80.40,25.00,90
2026-08-12 18:04,553147286,22.30,80.60,25.00,110
2026-08-12 18:06,553267286,22.30,80.60,24.17,129
2026-08-12 18:08,553387286,22.10,80.50,24.17,139
2026-08-12 18:10,553507286,22.20,80.30,24.17,132
2026-08-12 18:12,553627286,22.20,80.30,24.17,115
2026-08-12 18:14,553747286,22.20,80.30,24.17,115
2026-08-12 18:16,553867286,22.20,80.40,24.17,113
2026-08-12 18:18,553987286,22.10,80.50,24.17,118
2026-08-12 18:20,554107286,22.10,80.50,24.17,108
2026-08-12 18:22,554227286,22.10,80.50,23.33,172
2026-08-12 18:24,554347286,22.10,80.30,24.17,148
2026-08-12 18:26,554467286,22.10,80.50,24.17,141
2026-08-12 18:28,554587286,22.00,80.50,23.33,155
2026-08-12 18:30,554707286,22.00,81.00,23.33,104
2026-08-12 18:32,554827286,21.90,80.50,74.17,136
2026-08-12 18:34,554947286,21.90,80.30,74.17,101
2026-08-12 18:36,555067286,21.90,80.70,73.33,108
2026-08-12 18:38,555187286,21.90,80.70,72.50,116
2026-08-12 18:40,555307286,21.80,80.70,72.50,115
2026-08-12 18:42,555427286,21.80,80.60,71.67,134
2026-08-12 18:44,555547286,21.80,80.70,71.67,108
2026-08-12 18:46,555667286,21.80,80.70,71.67,125
2026-08-12 18:48,555787286,21.80,80.90,72.50,109
2026-08-12 18:50,555907286,21.80,81.00,72.50,149
2026-08-12 18:52,556027286,21.80,81.00,71.67,120
2026-08-12 18:54,556147286,21.80,80.90,71.67,105
2026-08-12 18:56,556267286,21.70,80.90,71.67,114
2026-08-12 18:58,556387286,21.70,81.30,70.83,105
2026-08-12 19:00,556507286,21.70,81.00,70.83,119
2026-08-12 19:02,556627286,21.70,81.20,71.67,103
2026-08-12 19:04,556747286,21.70,81.10,71.67,117
2026-08-12 19:06,556867286,21.70,81.20,71.67,121
2026-08-12 19:08,556987286,21.60,81.20,70.83,172
2026-08-12 19:10,557107286,21.70,81.00,71.67,118
2026-08-12 19:12,557227286,21.60,81.10,70.83,127
2026-08-12 19:14,557347286,21.50,80.80,71.67,133
2026-08-12 19:16,557467286,21.60,80.50,70.83,138
2026-08-12 19:18,557587286,21.60,80.40,70.83,127
2026-08-12 19:20,557707286,21.60,80.70,71.67,177
2026-08-12 19:22,557827286,21.50,80.60,70.83,135
2026-08-12 19:24,557947286,21.40,80.90,71.67,136
2026-08-12 19:26,558067286,21.40,80.70,70.83,143
2026-08-12 19:28,558187286,21.30,80.70,71.67,156
2026-08-12 19:30,558307286,21.30,80.90,70.83,152
2026-08-12 19:32,558427286,21.40,80.90,70.83,127
2026-08-12 19:34,558547286,21.20,80.90,70.83,187
2026-08-12 19:36,558667286,21.30,81.00,71.67,122
2026-08-12 19:38,558787286,21.30,80.90,70.83,150
2026-08-12 19:40,558907286,21.20,81.00,71.67,111
2026-08-12 19:42,559027286,21.20,81.00,71.67,125
2026-08-12 19:44,559147286,21.20,81.30,71.67,143
2026-08-12 19:46,559267286,21.20,81.40,71.67,123
2026-08-12 19:48,559387286,21.10,81.20,71.67,149
2026-08-12 19:50,559507286,21.10,81.40,71.67,127
2026-08-12 19:52,559627286,21.10,81.50,70.83,157
2026-08-12 19:54,559747286,21.00,81.60,71.67,126
2026-08-12 19:56,559867286,20.90,81.90,71.67,116
2026-08-12 19:58,559987286,20.90,81.90,71.67,130
2026-08-12 20:00,560107286,20.90,81.90,70.83,125
2026-08-12 20:02,560227286,20.80,82.00,71.67,132
2026-08-12 20:04,560347286,20.80,82.20,70.83,150
2026-08-12 20:06,560467286,20.80,82.10,71.67,165
2026-08-12 20:08,560587286,20.80,82.40,71.67,126
2026-08-12 20:10,560707286,20.70,82.40,70.83,125
2026-08-12 20:12,560827286,20.70,82.30,71.67,165
2026-08-12 20:14,560947286,20.70,82.50,70.83,157
2026-08-12 20:16,561067286,20.60,82.50,71.67,144
2026-08-12 20:18,561187286,20.60,82.50,71.67,128
2026-08-12 20:20,561307286,20.60,82.70,70.83,126
2026-08-12 20:22,561427286,20.60,82.40,71.67,126
2026-08-12 20:24,561547286,20.60,82.20,70.83,171
2026-08-12 20:26,561667286,20.70,82.50,71.67,144
2026-08-12 20:28,561787286,20.60,82.50,70.83,126
2026-08-12 20:30,561907286,20.70,82.20,70.83,111
2026-08-12 20:32,562027286,20.70,82.30,70.83,116
2026-08-12 20:34,562147286,20.60,82.30,70.83,165
2026-08-12 20:36,562267286,20.60,82.10,70.83,170
2026-08-12 20:38,562387286,20.60,82.00,71.67,126
2026-08-12 20:40,562507286,20.70,82.00,70.83,145
2026-08-12 20:42,562627286,20.60,81.80,70.83,132
2026-08-12 20:44,562747286,20.70,81.90,71.67,164
2026-08-12 20:46,562867286,20.60,81.90,70.83,124
2026-08-12 20:48,562987286,20.70,81.90,71.67,134
2026-08-12 20:50,563107286,20.70,81.90,70.83,174
2026-08-12 20:52,563227286,20.70,81.80,70.83,128
2026-08-12 20:54,563347286,20.60,81.90,70.83,134
2026-08-12 20:56,563467286,20.60,82.20,70.83,110
2026-08-12 20:58,563587286,20.60,82.10,71.67,146
2026-08-12 21:00,563707286,20.60,82.00,70.83,140
2026-08-12 21:02,563827286,20.60,82.00,70.83,127
2026-08-12 21:04,563947286,20.60,81.90,70.83,123
2026-08-12 21:06,564067286,20.70,81.90,70.83,135
2026-08-12 21:08,564187286,20.60,81.80,71.67,208
2026-08-12 21:10,564307286,20.50,82.10,71.67,172
2026-08-12 21:12,564427286,20.50,82.00,70.83,127
2026-08-12 21:14,564547286,20.50,82.00,71.67,128
2026-08-12 21:16,564667286,20.50,82.00,70.83,152
2026-08-12 21:18,564787286,20.40,82.30,71.67,118
2026-08-12 21:20,564907286,20.40,82.20,70.83,137
2026-08-12 21:22,565027286,20.40,82.40,70.83,148
2026-08-12 21:24,565147286,20.30,82.30,71.67,142
2026-08-12 21:26,565267286,20.30,82.50,70.83,125
2026-08-12 21:28,565387286,20.40,82.10,70.83,124
2026-08-12 21:30,565507286,20.30,82.10,70.83,113
2026-08-12 21:32,565627286,20.30,82.00,71.67,138
2026-08-12 21:34,565747286,20.30,82.00,71.67,136
2026-08-12 21:36,565867286,20.30,82.40,70.83,143
2026-08-12 21:38,565987286,20.20,82.10,71.67,128
2026-08-12 21:40,566107286,20.30,82.00,71.67,112
2026-08-12 21:42,566227286,20.20,82.20,70.83,146
2026-08-12 21:44,566347286,20.30,82.00,70.83,153
2026-08-12 21:46,566467286,20.30,82.00,71.67,130
2026-08-12 21:48,566587286,20.30,82.20,70.83,134
2026-08-12 21:50,566707286,20.30,82.30,70.83,127
2026-08-12 21:52,566827286,20.20,82.20,70.83,123
2026-08-12 21:54,566947286,20.20,82.20,70.83,133
2026-08-12 21:56,567067286,20.20,82.40,70.83,122
2026-08-12 21:58,567187286,20.10,82.60,71.67,118
2026-08-12 22:00,567307286,20.10,82.30,70.83,156
2026-08-12 22:02,567427286,20.10,82.50,71.67,151
2026-08-12 22:04,567547286,20.00,82.50,70.83,134
2026-08-12 22:06,567667286,20.00,82.60,70.83,129
2026-08-12 22:08,567787286,20.00,82.80,71.67,166
2026-08-12 22:10,567907286,20.00,82.90,71.67,128
2026-08-12 22:12,568027286,19.80,83.00,71.67,126
2026-08-12 22:14,568147286,19.90,83.00,71.67,198
2026-08-12 22:16,568267286,19.90,83.00,71.67,140
2026-08-12 22:18,568387286,19.80,83.30,70.83,130
2026-08-12 22:20,568507286,19.80,83.10,70.83,111
2026-08-12 22:22,568627286,19.80,83.20,70.83,213
2026-08-12 22:24,568747286,19.80,83.30,70.83,198
2026-08-12 22:26,568867286,19.80,83.40,71.67,139
2026-08-12 22:28,568987286,19.80,83.50,71.67,126
2026-08-12 22:30,569107286,19.70,83.60,71.67,174
2026-08-12 22:32,569227286,19.60,83.90,71.67,151
2026-08-12 22:34,569347286,19.70,83.80,71.67,129
2026-08-12 22:36,569467286,19.60,84.00,70.83,148
2026-08-12 22:38,569587286,19.60,83.80,70.83,148
2026-08-12 22:40,569707286,19.60,83.70,71.67,137
2026-08-12 22:42,569827286,19.60,83.90,71.67,142
2026-08-12 22:44,569947286,19.50,83.80,71.67,134
2026-08-12 22:46,570067286,19.50,83.80,71.67,163
2026-08-12 22:48,570187286,19.50,84.00,70.83,144
2026-08-12 22:50,570307286,19.60,84.00,71.67,122
2026-08-12 22:52,570427286,19.60,83.70,70.83,114
2026-08-12 22:54,570547286,19.60,83.80,70.83,138
2026-08-12 22:56,570667286,19.70,83.90,71.67,119
2026-08-12 22:58,570787286,19.60,83.50,70.83,121
2026-08-12 23:00,570907286,19.60,83.40,70.83,155
2026-08-12 23:02,571027286,19.60,83.70,70.83,140
2026-08-12 23:04,571147286,19.60,83.50,71.67,130
2026-08-12 23:06,571267286,19.60,83.40,71.67,125
2026-08-12 23:08,571387286,19.70,83.70,70.83,173
2026-08-12 23:10,571507286,19.60,83.80,71.67,95
2026-08-12 23:12,571627286,19.60,83.90,70.83,130
2026-08-12 23:14,571747286,19.50,83.50,71.67,136
2026-08-12 23:16,571867286,19.70,83.50,70.83,142
2026-08-12 23:18,571987286,19.70,83.30,70.83,140
2026-08-12 23:20,572107286,19.60,83.30,70.83,128
2026-08-12 23:22,572227286,19.60,83.20,70.83,126
2026-08-12 23:24,572347286,19.70,83.40,70.83,130
2026-08-12 23:26,572467286,19.50,83.40,70.83,115
2026-08-12 23:28,572587286,19.60,83.60,70.83,90
2026-08-12 23:30,572707286,19.60,83.50,70.83,131
2026-08-12 23:32,572827286,19.60,83.80,71.67,115
2026-08-12 23:34,572947286,19.60,84.00,70.83,149
2026-08-12 23:36,573067286,19.60,83.80,70.83,115
2026-08-12 23:38,573187286,19.50,83.50,71.67,146
2026-08-12 23:40,573307286,19.50,83.50,70.83,124
2026-08-12 23:42,573427286,19.50,83.60,70.83,109
2026-08-12 23:44,573547286,19.50,83.50,70.83,129
2026-08-12 23:46,573667286,19.50,84.50,70.83,113
2026-08-12 23:48,573787286,19.50,83.50,70.83,129
2026-08-12 23:50,573907286,19.50,83.70,70.83,122
2026-08-12 23:52,574027286,19.50,83.30,71.67,150
2026-08-12 23:54,574147286,19.50,83.70,70.83,119
2026-08-12 23:56,574267286,19.50,83.50,70.83,127
2026-08-12 23:58,574387286,19.50,83.50,71.67,119
2026-08-13 00:00,574507286,19.40,83.40,70.83,157
2026-08-13 00:02,574627286,19.40,83.40,70.83,146
2026-08-13 00:04,574747286,19.30,83.60,71.67,128
2026-08-13 00:06,574867286,19.40,83.60,71.67,123
2026-08-13 00:08,574987286,19.40,83.20,70.83,154
2026-08-13 00:10,575107286,19.40,83.20,70.83,118
2026-08-13 00:12,575227286,19.40,83.40,71.67,121
2026-08-13 00:14,575347286,19.30,83.40,70.83,120
2026-08-13 00:16,575467286,19.40,83.10,24.17,115
2026-08-13 00:18,575587286,19.30,83.20,24.17,136
2026-08-13 00:20,575707286,19.30,83.30,24.17,118
2026-08-13 00:22,575827286,19.30,83.20,24.17,122
2026-08-13 00:24,575947286,19.20,83.50,24.17,115
2026-08-13 00:26,576067286,19.30,83.30,24.17,147
2026-08-13 00:28,576187286,19.20,84.00,24.17,145
2026-08-13 00:30,576307286,19.20,83.50,24.17,108
2026-08-13 00:32,576427286,19.20,83.70,24.17,137
2026-08-13 00:34,576547286,19.20,83.70,24.17,121
2026-08-13 00:36,576667286,19.20,83.80,24.17,150
2026-08-13 00:38,576787286,19.20,83.50,24.17,126
2026-08-13 00:40,576907286,19.20,83.50,24.17,128
2026-08-13 00:42,577027286,19.10,83.80,24.17,144
2026-08-13 00:44,577147286,19.00,83.60,24.17,133
2026-08-13 00:46,577267286,19.00,83.80,24.17,134
2026-08-13 00:48,577387286,19.00,83.90,24.17,179
2026-08-13 00:50,577507286,19.00,83.90,24.17,124
2026-08-13 00:52,577627286,19.00,83.80,24.17,130
2026-08-13 00:54,577747286,19.00,83.80,24.17,131
2026-08-13 00:56,577867286,19.10,83.80,24.17,117
2026-08-13 00:58,577987286,18.90,84.00,24.17,114
2026-08-13 01:00,578107286,19.00,83.60,24.17,125
2026-08-13 01:02,578227286,19.10,83.70,24.17,110
2026-08-13 01:04,578347286,18.90,83.90,24.17,148
2026-08-13 01:06,578467286,18.90,83.90,24.17,133
2026-08-13 01:08,578587286,18.80,84.00,24.17,171
2026-08-13 01:10,578707286,18.80,84.10,24.17,124
2026-08-13 01:12,578827286,18.70,84.30,24.17,139
2026-08-13 01:14,578947286,18.70,84.20,24.17,123
2026-08-13 01:16,579067286,18.70,84.00,24.17,124
2026-08-13 01:18,579187286,18.70,84.10,24.17,133
2026-08-13 01:20,579307286,18.70,84.10,24.17,123
2026-08-13 01:22,579427286,18.70,83.90,24.17,170
2026-08-13 01:24,579547286,18.70,83.90,24.17,149
2026-08-13 01:26,579667286,18.70,84.00,24.17,137
2026-08-13 01:28,579787286,18.60,83.90,24.17,125
2026-08-13 01:30,579907286,18.60,84.10,24.17,129
2026-08-13 01:32,580027286,18.60,83.90,24.17,170
2026-08-13 01:34,580147286,18.50,83.90,24.17,159
2026-08-13 01:36,580267286,18.50,84.10,24.17,140
2026-08-13 01:38,580387286,18.60,83.80,24.17,117
2026-08-13 01:40,580507286,18.60,83.80,24.17,146
2026-08-13 01:42,580627286,18.50,83.60,24.17,127
2026-08-13 01:44,580747286,18.60,83.50,24.17,134
2026-08-13 01:46,580867286,18.60,83.90,24.17,174
2026-08-13 01:48,580987286,18.50,83.80,24.17,154
2026-08-13 01:50,581107286,18.60,83.60,24.17,124
2026-08-13 01:52,581227286,18.70,83.60,24.17,141
2026-08-13 01:54,581347286,18.60,83.70,24.17,147
2026-08-13 01:56,581467286,18.60,83.80,24.17,141
2026-08-13 01:58,581587286,18.60,83.70,24.17,122
2026-08-13 02:00,581707286,18.60,83.80,24.17,124
2026-08-13 02:02,581827286,18.50,83.70,24.17,99
2026-08-13 02:04,581947286,18.50,83.70,24.17,158
2026-08-13 02:06,582067286,18.60,83.80,24.17,123
2026-08-13 02:08,582187286,18.50,83.80,24.17,159
2026-08-13 02:10,582307286,18.50,83.80,24.17,162
2026-08-13 02:12,582427286,18.60,84.10,24.17,119
2026-08-13 02:14,582547286,18.50,83.80,24.17,121
2026-08-13 02:16,582667286,18.60,83.60,24.17,149
2026-08-13 02:18,582787286,18.60,83.40,24.17,130
2026-08-13 02:20,582907286,18.60,83.00,24.17,207
2026-08-13 02:22,583027286,18.60,83.20,24.17,186
2026-08-13 02:24,583147286,18.60,83.30,24.17,132
2026-08-13 02:26,583267286,18.50,83.40,24.17,130
2026-08-13 02:28,583387286,18.50,83.80,24.17,129
2026-08-13 02:30,583507286,18.60,83.80,24.17,117
2026-08-13 02:32,583627286,18.50,83.80,24.17,116
2026-08-13 02:34,583747286,18.50,83.70,24.17,140
2026-08-13 02:36,583867286,18.40,83.90,24.17,130
2026-08-13 02:38,583987286,18.40,84.20,24.17,127
2026-08-13 02:40,584107286,18.40,84.10,24.17,132
2026-08-13 02:42,584227286,18.30,84.20,24.17,157
2026-08-13 02:44,584347286,18.40,84.00,24.17,148
2026-08-13 02:46,584467286,18.30,84.00,24.17,121
2026-08-13 02:48,584587286,18.30,83.80,24.17,133
2026-08-13 02:50,584707286,18.30,83.80,24.17,128
2026-08-13 02:52,584827286,18.20,83.80,24.17,112
2026-08-13 02:54,584947286,18.20,83.70,24.17,117
2026-08-13 02:56,585067286,18.20,83.90,24.17,118
2026-08-13 02:58,585187286,18.20,84.10,24.17,152
2026-08-13 03:00,585307286,18.20,84.00,24.17,144
2026-08-13 03:02,585427286,18.20,84.00,24.17,125
2026-08-13 03:04,585547286,18.20,83.90,24.17,143
2026-08-13 03:06,585667286,18.10,84.10,24.17,117
2026-08-13 03:08,585787286,18.00,84.10,24.17,132
2026-08-13 03:10,585907286,18.10,84.20,24.17,130
2026-08-13 03:12,586027286,18.00,84.10,24.17,136
2026-08-13 03:14,586147286,18.00,84.30,24.17,98
2026-08-13 03:16,586267286,18.10,84.30,24.17,105
2026-08-13 03:18,586387286,18.00,84.10,24.17,121
2026-08-13 03:20,586507286,18.10,84.10,24.17,131
2026-08-13 03:22,586627286,18.10,84.50,24.17,147
2026-08-13 03:24,586747286,18.00,84.30,24.17,149
2026-08-13 03:26,586867286,18.10,84.20,24.17,103
2026-08-13 03:28,586987286,18.00,84.10,24.17,118
2026-08-13 03:30,587107286,18.10,84.20,24.17,85
2026-08-13 03:32,587227286,18.10,84.30,24.17,103
2026-08-13 03:34,587347286,18.00,84.40,76.67,146
2026-08-13 03:36,587467286,18.00,84.30,75.83,127
2026-08-13 03:38,587587286,18.00,84.30,75.00,131
2026-08-13 03:40,587707286,18.00,84.20,74.17,96
2026-08-13 03:42,587827286,18.00,84.20,74.17,117
2026-08-13 03:44,587947286,18.00,84.10,72.50,119
2026-08-13 03:46,588067286,18.00,84.10,73.33,144
2026-08-13 03:48,588187286,18.00,84.20,72.50,162
2026-08-13 03:50,588307286,18.00,84.10,72.50,117
2026-08-13 03:52,588427286,18.00,84.00,72.50,129
2026-08-13 03:54,588547286,18.00,84.10,72.50,133
2026-08-13 03:56,588667286,18.00,84.30,71.67,126
2026-08-13 03:58,588787286,18.00,84.10,71.67,113
2026-08-13 04:00,588907286,18.00,84.10,71.67,123
2026-08-13 04:02,589027286,18.00,83.90,71.67,141
2026-08-13 04:04,589147286,17.90,84.00,71.67,122
2026-08-13 04:06,589267286,18.00,84.00,72.50,135
2026-08-13 04:08,589387286,17.90,84.00,71.67,142
2026-08-13 04:10,589507286,17.80,84.10,71.67,138
2026-08-13 04:12,589627286,17.90,84.10,71.67,95
2026-08-13 04:14,589747286,17.90,83.90,71.67,120
2026-08-13 04:16,589867286,17.80,84.10,71.67,128
2026-08-13 04:18,589987286,17.80,84.00,71.67,131
2026-08-13 04:20,590107286,17.80,84.10,71.67,124
2026-08-13 04:22,590227286,17.70,84.20,70.83,111
2026-08-13 04:24,590347286,17.70,84.30,71.67,120
2026-08-13 04:26,590467286,17.70,84.40,70.83,120
2026-08-13 04:28,590587286,17.80,84.20,71.67,121
2026-08-13 04:30,590707286,17.70,84.10,71.67,134
2026-08-13 04:32,590827286,17.70,84.10,71.67,135
2026-08-13 04:34,590947286,17.60,84.20,72.50,129
2026-08-13 04:36,591067286,17.70,84.70,71.67,124
2026-08-13 04:38,591187286,17.50,84.50,71.67,105
2026-08-13 04:40,591307286,17.50,84.50,71.67,133
2026-08-13 04:42,591427286,17.40,84.60,72.50,203
2026-08-13 04:44,591547286,17.50,84.60,72.50,127
2026-08-13 04:46,591667286,17.20,84.50,71.67,121
2026-08-13 04:48,591787286,17.30,84.10,71.67,194
2026-08-13 04:50,591907286,17.10,83.90,71.67,118
2026-08-13 04:52,592027286,17.10,83.90,71.67,140
2026-08-13 04:54,592147286,16.90,84.00,71.67,141
2026-08-13 04:56,592267286,17.00,84.00,71.67,124
2026-08-13 04:58,592387286,16.90,84.10,71.67,123
2026-08-13 05:00,592507286,16.80,84.30,71.67,161
2026-08-13 05:02,592627286,16.80,84.00,71.67,120
2026-08-13 05:04,592747286,16.80,84.30,71.67,109
2026-08-13 05:06,592867286,16.90,84.30,71.67,150
2026-08-13 05:08,592987286,16.90,83.80,71.67,109
2026-08-13 05:10,593107286,16.90,83.80,71.67,131
2026-08-13 05:12,593227286,16.90,83.80,71.67,129
2026-08-13 05:14,593347286,16.90,83.60,71.67,173
2026-08-13 05:16,593467286,16.90,82.90,71.67,134
2026-08-13 05:18,593587286,16.90,82.90,71.67,123
2026-08-13 05:20,593707286,16.80,83.10,71.67,149
2026-08-13 05:22,593827286,16.80,83.10,71.67,170
2026-08-13 05:24,593947286,16.80,83.00,71.67,127
2026-08-13 05:26,594067286,16.50,83.20,71.67,147
2026-08-13 05:28,594187286,16.50,83.40,72.50,115
2026-08-13 05:30,594307286,16.40,83.80,72.50,111
2026-08-13 05:32,594427286,16.30,84.00,72.50,127
2026-08-13 05:34,594547286,16.20,84.20,73.33,124
2026-08-13 05:36,594667286,16.20,84.20,72.50,145
2026-08-13 05:38,594787286,16.10,84.40,72.50,118
2026-08-13 05:40,594907286,16.10,84.50,72.50,119
2026-08-13 05:42,595027286,16.10,84.50,71.67,131
2026-08-13 05:44,595147286,16.10,84.60,71.67,191
2026-08-13 05:46,595267286,16.00,84.50,72.50,146
2026-08-13 05:48,595387286,16.00,84.60,72.50,132
2026-08-13 05:50,595507286,16.00,84.70,72.50,125
2026-08-13 05:52,595627286,16.00,84.50,72.50,131
2026-08-13 05:54,595747286,15.90,84.60,72.50,123
2026-08-13 05:56,595867286,16.00,84.70,72.50,126
2026-08-13 05:58,595987286,15.90,84.80,72.50,133
2026-08-13 06:00,596107286,15.90,84.70,71.67,143
2026-08-13 06:02,596227286,15.90,84.70,71.67,130
2026-08-13 06:04,596347286,15.90,84.70,72.50,145
2026-08-13 06:06,596467286,15.90,84.90,71.67,128
2026-08-13 06:08,596587286,15.90,84.80,72.50,132
2026-08-13 06:10,596707286,16.00,84.60,71.67,113
2026-08-13 06:12,596827286,15.90,84.80,72.50,123
2026-08-13 06:14,596947286,15.90,84.70,71.67,137
2026-08-13 06:16,597067286,15.90,84.90,71.67,194
2026-08-13 06:18,597187286,16.00,84.60,71.67,104
2026-08-13 06:20,597307286,16.00,84.40,71.67,137
2026-08-13 06:22,597427286,16.00,84.30,72.50,113
2026-08-13 06:24,597547286,16.00,84.20,71.67,114
2026-08-13 06:26,597667286,16.00,84.10,71.67,174
2026-08-13 06:28,597787286,16.10,84.30,71.67,144
2026-08-13 06:30,597907286,16.10,84.70,71.67,117
2026-08-13 06:32,598027286,16.10,84.40,71.67,124
2026-08-13 06:34,598147286,16.10,84.00,71.67,112
2026-08-13 06:36,598267286,16.10,84.00,71.67,123
2026-08-13 06:38,598387286,16.20,84.10,71.67,113
2026-08-13 06:40,598507286,16.10,84.20,71.67,110
2026-08-13 06:42,598627286,16.20,84.00,71.67,144
2026-08-13 06:44,598747286,16.20,84.00,71.67,103
2026-08-13 06:46,598867286,16.30,84.40,71.67,114
2026-08-13 06:48,598987286,16.30,83.80,71.67,129
2026-08-13 06:50,599107286,16.30,83.90,71.67,114
2026-08-13 06:52,599227286,16.20,83.80,71.67,101
2026-08-13 06:54,599347286,16.20,84.40,71.67,109
2026-08-13 06:56,599467286,16.30,83.70,70.83,115
2026-08-13 06:58,599587286,16.30,83.60,71.67,131
2026-08-13 07:00,599707286,16.30,84.10,70.83,99
2026-08-13 07:02,599827286,16.30,83.90,71.67,113
2026-08-13 07:04,599947286,16.30,84.00,71.67,114
2026-08-13 07:06,600067286,16.30,83.90,71.67,110
2026-08-13 07:08,600187286,16.30,83.70,70.83,120
2026-08-13 07:10,600307286,16.30,84.10,71.67,131
2026-08-13 07:12,600427286,16.30,83.80,71.67,96
2026-08-13 07:14,600547286,16.40,83.70,71.67,122
2026-08-13 07:16,600667286,16.40,83.90,71.67,105
2026-08-13 07:18,600787286,16.30,83.90,71.67,110
2026-08-13 07:20,600907286,16.40,83.80,72.50,103
2026-08-13 07:22,601027286,16.30,83.60,71.67,139
2026-08-13 07:24,601147286,16.40,83.70,72.50,129
2026-08-13 07:26,601267286,16.40,84.00,73.33,122
2026-08-13 07:28,601387286,16.40,84.00,73.33,140
2026-08-13 07:30,601507286,16.40,84.00,74.17,110
2026-08-13 07:32,601627286,16.40,83.90,75.00,92
2026-08-13 07:34,601747286,16.50,83.30,76.67,101
2026-08-13 07:36,601867286,16.50,83.20,76.67,86
2026-08-13 07:38,601987286,16.50,83.50,75.83,158
2026-08-13 07:40,602107286,16.40,83.70,75.00,113
2026-08-13 07:42,602227286,16.40,83.70,75.00,154
2026-08-13 07:44,602347286,16.40,83.80,74.17,119
2026-08-13 07:46,602467286,16.50,83.30,74.17,100
2026-08-13 07:48,602587286,16.60,83.20,74.17,135
2026-08-13 07:50,602707286,16.60,83.00,74.17,96
2026-08-13 07:52,602827286,16.70,83.10,74.17,123
2026-08-13 07:54,602947286,16.60,83.20,75.00,128
2026-08-13 07:56,603067286,16.50,83.40,75.00,119
2026-08-13 07:58,603187286,16.70,83.60,75.00,91
2026-08-13 08:00,603307286,16.70,84.00,75.83,145
2026-08-13 08:02,603427286,16.70,83.50,75.83,112
2026-08-13 08:04,603547286,16.70,83.50,31.67,112
2026-08-13 08:06,603667286,16.70,83.70,33.33,121
2026-08-13 08:08,603787286,16.60,83.40,31.67,114
2026-08-13 08:10,603907286,16.60,83.60,30.83,111
2026-08-13 08:12,604027286,16.60,83.60,30.83,157
2026-08-13 08:14,604147286,16.60,83.70,28.33,198
2026-08-13 08:16,604267286,16.60,83.40,28.33,109
2026-08-13 08:18,604387286,16.60,83.70,28.33,118
2026-08-13 08:20,604507286,16.60,83.70,29.17,100
2026-08-13 08:22,604627286,16.60,83.40,27.50,117
2026-08-13 08:24,604747286,16.60,83.70,27.50,104
2026-08-13 08:26,604867286,16.50,83.70,28.33,110
2026-08-13 08:28,604987286,16.50,83.50,28.33,197
2026-08-13 08:30,605107286,16.50,83.60,28.33,141
2026-08-13 08:32,605227286,16.50,83.90,29.17,121
2026-08-13 08:34,605347286,16.50,83.80,30.00,124
2026-08-13 08:36,605467286,16.60,84.00,30.00,108
2026-08-13 08:38,605587286,16.50,83.80,29.17,104
2026-08-13 08:40,605707286,16.50,83.70,28.33,109
2026-08-13 08:42,605827286,16.60,83.50,28.33,135
2026-08-13 08:44,605947286,16.60,83.50,28.33,122
2026-08-13 08:46,606067286,16.50,83.50,29.17,125
2026-08-13 08:48,606187286,16.50,83.60,30.83,96
2026-08-13 08:50,606307286,16.50,83.70,34.17,160
2026-08-13 08:52,606427286,16.40,83.70,34.17,107
2026-08-13 08:54,606547286,16.50,83.70,35.00,149
2026-08-13 08:56,606667286,16.50,83.80,36.67,174
2026-08-13 08:58,606787286,16.50,83.50,35.00,124
2026-08-13 09:00,606907286,16.50,83.60,33.33,135
2026-08-13 09:02,607027286,16.50,83.50,35.00,97
2026-08-13 09:04,607147286,16.50,83.70,37.50,102
2026-08-13 09:06,607267286,16.60,83.70,35.83,118
2026-08-13 09:08,607387286,16.60,83.50,35.83,116
2026-08-13 09:10,607507286,16.60,83.70,36.67,99
2026-08-13 09:12,607627286,16.60,83.80,36.67,125
2026-08-13 09:14,607747286,16.50,83.80,40.00,152
2026-08-13 09:16,607867286,16.40,84.00,39.17,128
2026-08-13 09:18,607987286,16.50,84.00,41.67,121
2026-08-13 09:20,608107286,16.50,84.20,49.17,112
2026-08-13 09:22,608227286,16.60,84.10,53.33,138
2026-08-13 09:24,608347286,16.60,83.90,51.67,119
2026-08-13 09:26,608467286,16.70,83.80,48.33,115
2026-08-13 09:28,608587286,16.70,83.80,45.00,97
2026-08-13 09:30,608707286,16.70,83.70,47.50,164
2026-08-13 09:32,608827286,16.70,83.60,46.67,111
2026-08-13 09:34,608947286,16.70,83.60,45.00,145
2026-08-13 09:36,609067286,16.80,83.80,45.00,129
2026-08-13 09:38,609187286,16.70,83.20,41.67,137
2026-08-13 09:40,609307286,16.80,83.50,42.50,135
2026-08-13 09:42,609427286,16.80,83.50,44.17,142
2026-08-13 09:44,609547286,16.80,83.40,46.67,81
2026-08-13 09:46,609667286,16.80,84.00,47.50,132
2026-08-13 09:48,609787286,16.90,83.60,45.83,97
2026-08-13 09:50,609907286,17.00,82.90,42.50,144
2026-08-13 09:52,610027286,16.90,82.60,41.67,108
2026-08-13 09:54,610147286,16.80,82.60,42.50,107
2026-08-13 09:56,610267286,16.80,83.00,48.33,114
2026-08-13 09:58,610387286,16.80,83.00,56.67,117
2026-08-13 10:00,610507286,16.80,83.30,62.50,101
2026-08-13 10:02,610627286,16.80,82.70,54.17,120
2026-08-13 10:04,610747286,16.90,82.90,53.33,113
2026-08-13 10:06,610867286,16.80,82.70,50.83,102
2026-08-13 10:08,610987286,16.80,83.00,50.00,115
2026-08-13 10:10,611107286,16.90,82.90,49.17,108
2026-08-13 10:12,611227286,17.10,82.80,52.50,121
2026-08-13 10:14,611347286,17.00,82.90,53.33,119
2026-08-13 10:16,611467286,17.00,82.90,88.33,127
2026-08-13 10:18,611587286,17.10,83.00,93.33,114
2026-08-13 10:20,611707286,17.10,82.60,111.67,140
2026-08-13 10:22,611827286,17.20,82.40,136.67,143
2026-08-13 10:24,611947286,17.30,82.80,130.83,86
2026-08-13 10:26,612067286,17.40,82.40,129.17,96
2026-08-13 10:28,612187286,17.50,81.70,136.67,150
2026-08-13 10:30,612307286,17.50,81.40,106.67,121
2026-08-13 10:32,612427286,17.60,81.60,158.33,123
2026-08-13 10:34,612547286,17.70,82.60,170.00,127
2026-08-13 10:36,612667286,17.80,82.80,198.33,120
2026-08-13 10:38,612787286,17.80,82.90,180.00,150
2026-08-13 10:40,612907286,17.90,83.10,154.17,105
2026-08-13 10:42,613027286,18.10,82.70,150.83,111
2026-08-13 10:44,613147286,18.10,83.00,150.83,129
2026-08-13 10:46,613267286,18.30,82.10,135.83,117
2026-08-13 10:48,613387286,18.40,81.80,158.33,99
2026-08-13 10:50,613507286,18.40,81.60,188.33,111
2026-08-13 10:52,613627286,18.50,82.00,271.67,137
2026-08-13 10:54,613747286,18.60,81.60,179.17,107
2026-08-13 10:56,613867286,18.70,81.90,279.17,132
2026-08-13 10:58,613987286,18.80,81.60,187.50,137
2026-08-13 11:00,614107286,18.90,80.60,165.83,131
2026-08-13 11:02,614227286,18.90,80.90,189.17,120
2026-08-13 11:04,614347286,19.00,81.60,243.33,183
2026-08-13 11:06,614467286,19.10,81.10,141.67,136
2026-08-13 11:08,614587286,19.20,80.80,137.50,87
2026-08-13 11:10,614707286,19.10,79.40,147.50,111
2026-08-13 11:12,614827286,19.10,79.20,189.17,191
2026-08-13 11:14,614947286,19.10,80.20,160.00,125
2026-08-13 11:16,615067286,19.20,79.00,220.83,129
2026-08-13 11:18,615187286,19.20,79.30,224.17,127
2026-08-13 11:20,615307286,19.20,78.70,163.33,134
2026-08-13 11:22,615427286,19.30,78.10,165.83,114
2026-08-13 11:24,615547286,19.40,77.40,280.00,119
2026-08-13 11:26,615667286,19.40,76.90,205.00,145
2026-08-13 11:28,615787286,19.40,76.20,237.50,113
2026-08-13 11:30,615907286,19.40,76.60,237.50,146
2026-08-13 11:32,616027286,19.60,76.50,275.83,120
2026-08-13 11:34,616147286,19.70,77.20,376.67,113
2026-08-13 11:36,616267286,19.70,77.70,368.33,137
2026-08-13 11:38,616387286,19.90,77.70,190.00,115
2026-08-13 11:40,616507286,20.00,77.70,326.67,127
2026-08-13 11:42,616627286,20.20,76.80,382.50,91
2026-08-13 11:44,616747286,20.50,78.50,386.67,157
2026-08-13 11:46,616867286,20.60,78.00,206.67,159
2026-08-13 11:48,616987286,20.70,77.30,385.83,135
2026-08-13 11:50,617107286,20.90,76.80,382.50,135
2026-08-13 11:52,617227286,21.10,76.90,375.00,118
2026-08-13 11:54,617347286,21.10,76.80,184.17,165
2026-08-13 11:56,617467286,21.20,74.80,155.83,128
2026-08-13 11:58,617587286,21.20,74.40,379.17,123
2026-08-13 12:00,617707286,21.20,72.70,363.33,124
2026-08-13 12:02,617827286,21.10,74.30,362.50,110
2026-08-13 12:04,617947286,21.30,74.50,358.33,107
2026-08-13 12:06,618067286,21.40,75.60,345.83,119
2026-08-13 12:08,618187286,21.50,73.50,180.83,149
2026-08-13 12:10,618307286,21.50,72.60,357.50,126
2026-08-13 12:12,618427286,21.60,71.40,355.83,100
2026-08-13 12:14,618547286,21.70,70.90,343.33,169
2026-08-13 12:16,618667286,21.80,72.20,346.67,134
2026-08-13 12:18,618787286,21.80,71.90,356.67,117
2026-08-13 12:20,618907286,21.80,70.70,341.67,138
2026-08-13 12:22,619027286,21.90,70.20,337.50,140
2026-08-13 12:24,619147286,22.00,71.00,355.83,122
2026-08-13 12:26,619267286,22.10,71.80,151.67,123
2026-08-13 12:28,619387286,22.30,70.90,344.17,99
2026-08-13 12:30,619507286,22.20,69.40,351.67,116
2026-08-13 12:32,619627286,22.20,68.80,355.00,135
2026-08-13 12:34,619747286,22.30,69.80,353.33,96
2026-08-13 12:36,619867286,22.50,67.60,355.83,116
2026-08-13 12:38,619987286,22.50,69.10,178.33,113
2026-08-13 12:40,620107286,22.60,69.00,157.50,105
2026-08-13 12:42,620227286,22.60,68.60,124.17,153
2026-08-13 12:44,620347286,22.60,69.40,388.33,97
2026-08-13 12:46,620467286,22.60,68.80,200.83,119
2026-08-13 12:48,620587286,22.70,68.90,390.00,133
2026-08-13 12:50,620707286,22.70,67.30,327.50,132
2026-08-13 12:52,620827286,22.80,67.40,287.50,150
2026-08-13 12:54,620947286,22.90,67.80,295.83,125
2026-08-13 12:56,621067286,22.90,66.70,159.17,115
2026-08-13 12:58,621187286,22.90,67.70,375.00,175
2026-08-13 13:00,621307286,23.00,67.90,365.00,91
2026-08-13 13:02,621427286,23.10,66.30,366.67,160
2026-08-13 13:04,621547286,23.10,67.00,361.67,183
2026-08-13 13:06,621667286,23.20,67.30,360.00,109
2026-08-13 13:08,621787286,23.20,66.30,355.83,148
2026-08-13 13:10,621907286,23.40,65.30,373.33,143
2026-08-13 13:12,622027286,23.40,66.20,330.00,115
2026-08-13 13:14,622147286,23.50,66.30,242.50,180
2026-08-13 13:16,622267286,23.60,65.70,180.00,121
2026-08-13 13:18,622387286,23.50,66.50,364.17,120
2026-08-13 13:20,622507286,23.60,67.10,339.17,125
2026-08-13 13:22,622627286,23.60,66.60,135.83,144
2026-08-13 13:24,622747286,23.50,64.70,150.00,93
2026-08-13 13:26,622867286,23.50,65.10,130.83,113
2026-08-13 13:28,622987286,23.40,66.00,373.33,110
2026-08-13 13:30,623107286,23.40,66.50,363.33,115
2026-08-13 13:32,623227286,23.50,65.50,145.83,175
2026-08-13 13:34,623347286,23.40,64.40,134.17,118
2026-08-13 13:36,623467286,23.20,64.70,162.50,146
2026-08-13 13:38,623587286,23.30,64.70,140.83,104
2026-08-13 13:40,623707286,23.20,65.80,158.33,124
2026-08-13 13:42,623827286,23.10,65.10,136.67,113
2026-08-13 13:44,623947286,23.10,65.20,145.83,132
2026-08-13 13:46,624067286,22.90,66.30,173.33,164
2026-08-13 13:48,624187286,23.00,66.60,365.83,113
2026-08-13 13:50,624307286,22.90,65.80,360.00,116
2026-08-13 13:52,624427286,23.00,65.60,352.50,120
2026-08-13 13:54,624547286,23.10,64.60,359.17,99
2026-08-13 13:56,624667286,23.20,64.40,340.83,117
2026-08-13 13:58,624787286,23.30,64.70,340.83,125
2026-08-13 14:00,624907286,23.40,65.40,271.67,134
2026-08-13 14:02,625027286,23.50,65.00,360.83,100
2026-08-13 14:04,625147286,23.70,64.80,352.50,168
2026-08-13 14:06,625267286,23.70,64.90,351.67,132
2026-08-13 14:08,625387286,23.80,63.60,361.67,124
2026-08-13 14:10,625507286,23.70,62.70,355.83,145
2026-08-13 14:12,625627286,23.90,62.30,343.33,102
2026-08-13 14:14,625747286,24.00,62.70,337.50,114
2026-08-13 14:16,625867286,24.00,62.70,329.17,119
2026-08-13 14:18,625987286,24.10,62.80,328.33,84
2026-08-13 14:20,626107286,24.20,63.10,340.00,117
2026-08-13 14:22,626227286,24.30,63.60,337.50,121
2026-08-13 14:24,626347286,24.40,61.50,305.00,116
2026-08-13 14:26,626467286,24.40,61.70,355.83,130
2026-08-13 14:28,626587286,24.40,61.50,349.17,108
2026-08-13 14:30,626707286,24.50,62.20,335.00,108
2026-08-13 14:32,626827286,24.60,61.80,332.50,131
2026-08-13 14:34,626947286,24.60,62.20,335.00,143
2026-08-13 14:36,627067286,24.60,60.30,330.83,136
2026-08-13 14:38,627187286,24.60,59.40,336.67,173
2026-08-13 14:40,627307286,24.70,59.80,333.33,137
2026-08-13 14:42,627427286,24.60,60.20,325.00,114
2026-08-13 14:44,627547286,24.60,60.70,342.50,158
2026-08-13 14:46,627667286,24.70,61.40,335.00,149
2026-08-13 14:48,627787286,24.80,61.70,162.50,101
2026-08-13 14:50,627907286,24.70,61.70,120.83,117
2026-08-13 14:52,628027286,24.70,61.40,124.17,112
2026-08-13 14:54,628147286,24.60,60.60,122.50,122
2026-08-13 14:56,628267286,24.40,63.90,117.50,143
2026-08-13 14:58,628387286,24.20,64.00,120.00,124
2026-08-13 15:00,628507286,24.00,64.00,140.83,136
2026-08-13 15:02,628627286,24.00,63.60,228.33,120
2026-08-13 15:04,628747286,23.90,65.40,322.50,124
2026-08-13 15:06,628867286,23.90,63.40,329.17,135
2026-08-13 15:08,628987286,23.90,63.50,311.67,113
2026-08-13 15:10,629107286,24.00,62.40,323.33,171
2026-08-13 15:12,629227286,24.10,61.00,323.33,141
2026-08-13 15:14,629347286,24.20,61.10,231.67,110
2026-08-13 15:16,629467286,24.30,61.00,269.17,142
2026-08-13 15:18,629587286,24.40,61.90,307.50,121
2026-08-13 15:20,629707286,24.50,60.10,308.33,120
2026-08-13 15:22,629827286,24.60,60.80,307.50,171
2026-08-13 15:24,629947286,24.50,59.10,310.83,102
2026-08-13 15:26,630067286,24.70,59.70,301.67,179
2026-08-13 15:28,630187286,24.60,58.20,290.83,125
2026-08-13 15:30,630307286,24.60,58.90,282.50,125
2026-08-13 15:32,630427286,24.60,60.10,281.67,110
2026-08-13 15:34,630547286,24.60,60.60,105.83,115
2026-08-13 15:36,630667286,24.70,60.50,120.00,123
2026-08-13 15:38,630787286,24.50,61.70,98.33,120
2026-08-13 15:40,630907286,24.50,60.80,188.33,119
2026-08-13 15:42,631027286,24.40,60.60,250.00,89
2026-08-13 15:44,631147286,24.50,61.00,284.17,112
2026-08-13 15:46,631267286,24.40,61.80,292.50,155
2026-08-13 15:48,631387286,24.40,62.00,285.83,76
2026-08-13 15:50,631507286,24.50,59.80,285.00,151
2026-08-13 15:52,631627286,24.50,60.80,275.83,158
2026-08-13 15:54,631747286,24.50,60.40,282.50,138
2026-08-13 15:56,631867286,24.60,61.00,275.83,132
2026-08-13 15:58,631987286,24.70,61.70,266.67,139
2026-08-13 16:00,632107286,24.70,61.40,259.17,137
2026-08-13 16:02,632227286,24.70,60.50,256.67,148
2026-08-13 16:04,632347286,24.80,61.40,257.50,96
2026-08-13 16:06,632467286,24.70,60.30,259.17,104
2026-08-13 16:08,632587286,24.70,61.50,262.50,122
2026-08-13 16:10,632707286,24.60,61.80,257.50,139
2026-08-13 16:12,632827286,24.60,61.10,83.33,111
2026-08-13 16:14,632947286,24.50,61.20,78.33,128
2026-08-13 16:16,633067286,24.40,61.20,81.67,104
2026-08-13 16:18,633187286,24.20,61.80,79.17,98
2026-08-13 16:20,633307286,24.10,62.40,80.83,177
2026-08-13 16:22,633427286,23.80,62.80,80.83,131
2026-08-13 16:24,633547286,23.90,63.00,80.83,167
2026-08-13 16:26,633667286,23.60,63.30,81.67,108
2026-08-13 16:28,633787286,23.50,63.20,82.50,129
2026-08-13 16:30,633907286,23.50,63.50,89.17,100
2026-08-13 16:32,634027286,23.40,63.80,119.17,111
2026-08-13 16:34,634147286,23.30,63.50,232.50,151
2026-08-13 16:36,634267286,23.30,62.90,218.33,134
2026-08-13 16:38,634387286,23.20,63.90,91.67,99
2026-08-13 16:40,634507286,23.30,63.60,88.33,129
2026-08-13 16:42,634627286,23.30,63.60,87.50,130
2026-08-13 16:44,634747286,23.20,63.20,82.50,136
2026-08-13 16:46,634867286,23.20,63.70,76.67,173
2026-08-13 16:48,634987286,23.10,63.30,75.83,118
2026-08-13 16:50,635107286,23.00,63.60,75.83,166
2026-08-13 16:52,635227286,22.90,64.30,74.17,132
2026-08-13 16:54,635347286,22.90,63.80,76.67,115
2026-08-13 16:56,635467286,22.90,64.50,72.50,110
2026-08-13 16:58,635587286,22.80,64.50,79.17,131
2026-08-13 17:00,635707286,22.70,64.40,167.50,118
2026-08-13 17:02,635827286,22.60,64.90,160.00,73
2026-08-13 17:04,635947286,22.70,65.40,65.00,98
2026-08-13 17:06,636067286,22.70,65.20,62.50,122
2026-08-13 17:08,636187286,22.70,64.90,60.00,104
2026-08-13 17:10,636307286,22.50,65.20,58.33,102
2026-08-13 17:12,636427286,22.50,65.70,59.17,159
2026-08-13 17:14,636547286,22.50,66.30,60.00,148
2026-08-13 17:16,636667286,22.40,65.80,62.50,189
2026-08-13 17:18,636787286,22.40,66.40,63.33,117
2026-08-13 17:20,636907286,22.30,66.10,65.00,119
2026-08-13 17:22,637027286,22.20,66.60,63.33,91
2026-08-13 17:24,637147286,22.10,67.00,60.83,112
2026-08-13 17:26,637267286,22.10,67.20,60.83,115
2026-08-13 17:28,637387286,21.90,67.00,60.00,103
2026-08-13 17:30,637507286,21.80,67.70,60.00,119
2026-08-13 17:32,637627286,21.70,67.90,60.00,98
2026-08-13 17:34,637747286,21.70,67.90,58.33,126
2026-08-13 17:36,637867286,21.60,67.90,30.00,130
2026-08-13 17:38,637987286,21.50,67.60,29.17,153
2026-08-13 17:40,638107286,21.30,67.70,28.33,108
2026-08-13 17:42,638227286,21.30,67.40,27.50,120
2026-08-13 17:44,638347286,21.20,68.00,24.17,156
2026-08-13 17:46,638467286,21.10,67.60,21.67,97
2026-08-13 17:48,638587286,20.90,68.20,20.00,141
2026-08-13 17:50,638707286,20.80,68.40,18.33,149
2026-08-13 17:52,638827286,20.70,68.50,15.00,111
2026-08-13 17:54,638947286,20.50,68.40,14.17,139
2026-08-13 17:56,639067286,20.40,68.70,12.50,148
2026-08-13 17:58,639187286,20.30,68.90,11.67,124
2026-08-13 18:00,639307286,20.20,69.10,9.17,113
2026-08-13 18:02,639427286,20.10,69.30,7.50,134
2026-08-13 18:04,639547286,19.90,69.70,5.83,138
2026-08-13 18:06,639667286,19.80,70.10,5.83,110
2026-08-13 18:08,639787286,19.80,70.00,5.00,128
2026-08-13 18:10,639907286,19.80,70.20,4.17,104
2026-08-13 18:12,640027286,19.70,70.50,3.33,117
2026-08-13 18:14,640147286,19.70,70.50,2.50,123
2026-08-13 18:16,640267286,19.60,70.10,1.67,115
2026-08-13 18:18,640387286,19.40,70.60,1.67,148
2026-08-13 18:20,640507286,19.40,70.50,0.83,121
2026-08-13 18:22,640627286,19.30,70.40,0.83,137
2026-08-13 18:24,640747286,19.20,70.50,0.00,166
2026-08-13 18:26,640867286,19.20,70.70,0.00,129
2026-08-13 18:28,640987286,19.10,70.80,0.00,109
2026-08-13 18:30,641107286,19.00,70.60,0.00,121
2026-08-13 18:32,641227286,18.90,70.90,50.83,132
2026-08-13 18:34,641347286,18.80,71.20,50.83,109
2026-08-13 18:36,641467286,18.80,70.80,50.00,138
2026-08-13 18:38,641587286,18.70,71.00,50.00,185
2026-08-13 18:40,641707286,18.70,71.40,50.00,107
2026-08-13 18:42,641827286,18.70,70.90,49.17,116
2026-08-13 18:44,641947286,18.60,71.30,49.17,259
2026-08-13 18:46,642067286,18.50,70.90,48.33,181
2026-08-13 18:48,642187286,18.60,71.50,48.33,191
2026-08-13 18:50,642307286,18.40,71.00,48.33,105
2026-08-13 18:52,642427286,18.40,71.40,48.33,144
2026-08-13 18:54,642547286,18.40,71.60,47.50,142
2026-08-13 18:56,642667286,18.30,71.50,48.33,114
2026-08-13 18:58,642787286,18.30,72.10,48.33,111
2026-08-13 19:00,642907286,18.30,72.10,47.50,121
2026-08-13 19:02,643027286,18.30,72.50,47.50,125
2026-08-13 19:04,643147286,18.20,72.90,48.33,129
2026-08-13 19:06,643267286,18.20,72.60,47.50,117
2026-08-13 19:08,643387286,18.30,72.90,47.50,106
2026-08-13 19:10,643507286,18.20,72.50,48.33,102
2026-08-13 19:12,643627286,18.30,72.70,48.33,133
2026-08-13 19:14,643747286,18.20,72.50,48.33,173
2026-08-13 19:16,643867286,18.20,72.70,48.33,95
2026-08-13 19:18,643987286,18.10,72.50,48.33,108
2026-08-13 19:20,644107286,18.10,72.70,47.50,126
2026-08-13 19:22,644227286,18.00,73.30,47.50,138
2026-08-13 19:24,644347286,18.00,73.50,47.50,114
2026-08-13 19:26,644467286,18.10,73.60,47.50,95
2026-08-13 19:28,644587286,18.00,73.20,47.50,116
2026-08-13 19:30,644707286,18.10,73.40,47.50,102
2026-08-13 19:32,644827286,18.00,73.50,47.50,99
2026-08-13 19:34,644947286,18.00,73.90,47.50,96
2026-08-13 19:36,645067286,18.10,73.20,48.33,110
2026-08-13 19:38,645187286,18.00,73.20,47.50,124
2026-08-13 19:40,645307286,18.00,73.10,47.50,142
2026-08-13 19:42,645427286,18.00,73.20,48.33,128
2026-08-13 19:44,645547286,18.00,74.10,47.50,133
2026-08-13 19:46,645667286,17.90,73.80,47.50,122
2026-08-13 19:48,645787286,18.00,73.40,47.50,126
2026-08-13 19:50,645907286,18.00,73.50,47.50,155
2026-08-13 19:52,646027286,17.90,73.70,47.50,131
2026-08-13 19:54,646147286,17.80,74.20,47.50,132
2026-08-13 19:56,646267286,17.80,74.10,47.50,173
2026-08-13 19:58,646387286,17.80,73.70,47.50,117
2026-08-13 20:00,646507286,17.70,73.70,47.50,145
2026-08-13 20:02,646627286,17.70,73.50,47.50,154
2026-08-13 20:04,646747286,17.60,73.40,47.50,137
2026-08-13 20:06,646867286,17.60,73.30,47.50,132
2026-08-13 20:08,646987286,17.60,73.40,47.50,139
2026-08-13 20:10,647107286,17.70,73.30,48.33,118
2026-08-13 20:12,647227286,17.60,73.50,47.50,117
2026-08-13 20:14,647347286,17.50,73.50,47.50,82
2026-08-13 20:16,647467286,17.50,73.70,47.50,136
2026-08-13 20:18,647587286,17.50,73.80,47.50,128
2026-08-13 20:20,647707286,17.40,73.90,47.50,96
2026-08-13 20:22,647827286,17.50,74.30,47.50,123
2026-08-13 20:24,647947286,17.40,74.20,47.50,118
2026-08-13 20:26,648067286,17.40,74.20,47.50,140
2026-08-13 20:28,648187286,17.40,74.80,47.50,161
2026-08-13 20:30,648307286,17.30,75.20,48.33,152
2026-08-13 20:32,648427286,17.30,74.90,47.50,172
2026-08-13 20:34,648547286,17.40,74.90,47.50,116
2026-08-13 20:36,648667286,17.20,76.60,48.33,143
2026-08-13 20:38,648787286,17.30,76.00,47.50,101
2026-08-13 20:40,648907286,17.30,75.40,47.50,120
2026-08-13 20:42,649027286,17.20,75.70,47.50,91
2026-08-13 20:44,649147286,17.30,76.00,48.33,88
2026-08-13 20:46,649267286,17.30,76.20,47.50,132
2026-08-13 20:48,649387286,17.20,76.30,47.50,104
2026-08-13 20:50,649507286,17.30,76.40,48.33,133
2026-08-13 20:52,649627286,17.20,76.30,47.50,128
2026-08-13 20:54,649747286,17.00,76.00,47.50,121
2026-08-13 20:56,649867286,17.00,75.80,47.50,99
2026-08-13 20:58,649987286,17.00,76.10,47.50,119
2026-08-13 21:00,650107286,16.90,75.60,48.33,99
2026-08-13 21:02,650227286,16.80,76.30,47.50,137
2026-08-13 21:04,650347286,16.90,76.10,48.33,134
2026-08-13 21:06,650467286,16.90,75.80,47.50,114
2026-08-13 21:08,650587286,16.80,76.10,48.33,127
2026-08-13 21:10,650707286,16.80,76.50,47.50,108
2026-08-13 21:12,650827286,16.80,77.50,47.50,118
2026-08-13 21:14,650947286,16.70,76.70,47.50,124
2026-08-13 21:16,651067286,16.80,77.20,47.50,111
2026-08-13 21:18,651187286,16.80,77.40,48.33,119
2026-08-13 21:20,651307286,16.70,77.20,47.50,124
2026-08-13 21:22,651427286,16.80,77.00,47.50,83
2026-08-13 21:24,651547286,16.70,76.90,47.50,83
2026-08-13 21:26,651667286,16.50,77.40,48.33,130
2026-08-13 21:28,651787286,16.60,77.30,47.50,109
2026-08-13 21:30,651907286,16.60,77.20,48.33,140
2026-08-13 21:32,652027286,16.50,77.10,47.50,101
2026-08-13 21:34,652147286,16.50,77.20,48.33,127
2026-08-13 21:36,652267286,16.50,77.00,47.50,106
2026-08-13 21:38,652387286,16.40,77.10,47.50,100
2026-08-13 21:40,652507286,16.40,77.10,48.33,118
2026-08-13 21:42,652627286,16.40,77.20,48.33,112
2026-08-13 21:44,652747286,16.30,77.70,47.50,107
2026-08-13 21:46,652867286,16.30,77.80,47.50,111
2026-08-13 21:48,652987286,16.20,78.20,47.50,124
2026-08-13 21:50,653107286,16.20,78.00,47.50,137
2026-08-13 21:52,653227286,16.30,77.10,47.50,96
2026-08-13 21:54,653347286,16.20,77.60,47.50,85
2026-08-13 21:56,653467286,16.10,77.70,47.50,117
2026-08-13 21:58,653587286,16.10,77.20,48.33,91
2026-08-13 22:00,653707286,16.10,78.00,48.33,111
2026-08-13 22:02,653827286,16.10,78.10,47.50,136
2026-08-13 22:04,653947286,16.10,77.90,48.33,104
2026-08-13 22:06,654067286,16.00,78.00,47.50,102
2026-08-13 22:08,654187286,16.00,78.10,48.33,113
2026-08-13 22:10,654307286,16.10,78.50,47.50,148
2026-08-13 22:12,654427286,16.00,78.80,47.50,94
2026-08-13 22:14,654547286,16.00,78.90,47.50,159
2026-08-13 22:16,654667286,15.90,78.70,47.50,87
2026-08-13 22:18,654787286,15.90,79.10,47.50,134
2026-08-13 22:20,654907286,16.00,78.90,47.50,82
2026-08-13 22:22,655027286,15.90,78.70,47.50,113
2026-08-13 22:24,655147286,15.90,78.20,47.50,118
2026-08-13 22:26,655267286,15.80,78.00,47.50,97
2026-08-13 22:28,655387286,15.80,78.20,48.33,135
2026-08-13 22:30,655507286,15.80,78.20,47.50,122
2026-08-13 22:32,655627286,15.80,79.00,47.50,80
2026-08-13 22:34,655747286,15.70,78.80,47.50,99
2026-08-13 22:36,655867286,15.70,78.50,47.50,111
2026-08-13 22:38,655987286,15.70,78.80,48.33,104
2026-08-13 22:40,656107286,15.60,78.50,47.50,118
2026-08-13 22:42,656227286,15.60,78.70,48.33,94
2026-08-13 22:44,656347286,15.50,78.80,48.33,106
2026-08-13 22:46,656467286,15.60,78.30,47.50,99
2026-08-13 22:48,656587286,15.50,78.70,47.50,132
2026-08-13 22:50,656707286,15.50,78.90,48.33,111
2026-08-13 22:52,656827286,15.40,78.70,47.50,95
2026-08-13 22:54,656947286,15.50,78.80,47.50,170
2026-08-13 22:56,657067286,15.50,78.60,47.50,112
2026-08-13 22:58,657187286,15.40,78.50,47.50,143
2026-08-13 23:00,657307286,15.30,78.80,47.50,111
2026-08-13 23:02,657427286,15.30,78.70,47.50,121
2026-08-13 23:04,657547286,15.30,78.80,48.33,124
2026-08-13 23:06,657667286,15.20,79.00,48.33,112
2026-08-13 23:08,657787286,15.20,79.80,47.50,110
2026-08-13 23:10,657907286,15.20,79.30,48.33,84
2026-08-13 23:12,658027286,15.20,79.10,48.33,97
2026-08-13 23:14,658147286,15.20,79.00,47.50,131
2026-08-13 23:16,658267286,15.20,79.20,48.33,101
2026-08-13 23:18,658387286,15.10,79.10,47.50,126
2026-08-13 23:20,658507286,15.20,79.60,47.50,103
2026-08-13 23:22,658627286,15.10,79.20,47.50,132
2026-08-13 23:24,658747286,15.10,79.90,47.50,80
2026-08-13 23:26,658867286,15.00,79.00,48.33,114
2026-08-13 23:28,658987286,15.10,79.40,48.33,132
2026-08-13 23:30,659107286,15.00,79.40,48.33,114
2026-08-13 23:32,659227286,15.00,79.20,48.33,108
2026-08-13 23:34,659347286,14.90,79.20,47.50,96
2026-08-13 23:36,659467286,15.00,79.40,47.50,86
2026-08-13 23:38,659587286,15.00,79.50,47.50,78
2026-08-13 23:40,659707286,14.90,79.30,48.33,153
2026-08-13 23:42,659827286,14.90,79.40,47.50,119
2026-08-13 23:44,659947286,14.90,79.50,47.50,108
2026-08-13 23:46,660067286,14.80,79.50,47.50,120
2026-08-13 23:48,660187286,14.80,80.00,47.50,128
2026-08-13 23:50,660307286,14.80,80.00,47.50,95
2026-08-13 23:52,660427286,14.70,80.10,48.33,66
2026-08-13 23:54,660547286,14.80,79.90,47.50,113
2026-08-13 23:56,660667286,14.80,79.70,48.33,164
2026-08-13 23:58,660787286,14.80,80.00,47.50,146
2026-08-14 00:00,660907286,14.80,80.10,47.50,75
2026-08-14 00:02,661027286,14.80,80.60,48.33,95
2026-08-14 00:04,661147286,14.80,80.70,47.50,96
2026-08-14 00:06,661267286,14.90,80.50,48.33,93
2026-08-14 00:08,661387286,15.00,80.90,48.33,102
2026-08-14 00:10,661507286,14.90,81.00,47.50,92
2026-08-14 00:12,661627286,15.00,80.60,48.33,100
2026-08-14 00:14,661747286,15.10,81.10,47.50,100
2026-08-14 00:16,661867286,15.10,81.30,0.00,105
2026-08-14 00:18,661987286,15.10,81.10,0.00,82
2026-08-14 00:20,662107286,15.10,81.10,0.00,108
2026-08-14 00:22,662227286,15.10,80.70,0.00,110
2026-08-14 00:24,662347286,15.10,80.90,0.00,92
2026-08-14 00:26,662467286,15.20,81.00,0.00,99
2026-08-14 00:28,662587286,15.20,81.00,0.00,138
2026-08-14 00:30,662707286,15.10,81.10,0.00,103
2026-08-14 00:32,662827286,15.00,80.90,0.00,153
2026-08-14 00:34,662947286,15.00,81.10,0.00,127
2026-08-14 00:36,663067286,15.20,81.30,0.00,123
2026-08-14 00:38,663187286,15.10,81.40,0.00,116
2026-08-14 00:40,663307286,15.20,81.20,0.00,109
2026-08-14 00:42,663427286,15.10,81.00,0.00,126
2026-08-14 00:44,663547286,15.20,81.00,0.00,156
2026-08-14 00:46,663667286,15.10,81.40,0.00,152
2026-08-14 00:48,663787286,15.10,81.30,0.00,100
2026-08-14 00:50,663907286,15.30,81.20,0.00,107
2026-08-14 00:52,664027286,15.20,81.20,0.00,146
2026-08-14 00:54,664147286,15.20,81.30,0.00,116
2026-08-14 00:56,664267286,15.30,81.20,0.00,108
2026-08-14 00:58,664387286,15.30,81.10,0.00,103
2026-08-14 01:00,664507286,15.20,81.40,0.00,157
2026-08-14 01:02,664627286,15.30,81.00,0.00,135
2026-08-14 01:04,664747286,15.30,80.90,0.00,143
2026-08-14 01:06,664867286,15.30,80.60,0.00,101
2026-08-14 01:08,664987286,15.30,81.00,0.00,105
2026-08-14 01:10,665107286,15.30,81.60,0.00,140
2026-08-14 01:12,665227286,15.30,80.80,0.00,112
2026-08-14 01:14,665347286,15.20,80.40,0.00,80
2026-08-14 01:16,665467286,15.20,80.90,0.00,106
2026-08-14 01:18,665587286,15.10,80.70,0.00,111
2026-08-14 01:20,665707286,15.20,80.60,0.00,115
2026-08-14 01:22,665827286,15.00,80.40,0.00,82
2026-08-14 01:24,665947286,15.00,80.40,0.00,96
2026-08-14 01:26,666067286,15.00,80.60,0.00,110
2026-08-14 01:28,666187286,14.90,80.30,0.00,107
2026-08-14 01:30,666307286,14.90,80.30,0.00,134
2026-08-14 01:32,666427286,14.90,80.00,0.00,92
2026-08-14 01:34,666547286,14.90,80.30,0.00,101
2026-08-14 01:36,666667286,14.80,80.10,0.00,143
2026-08-14 01:38,666787286,14.80,80.40,0.00,127
2026-08-14 01:40,666907286,14.70,80.70,0.00,116
2026-08-14 01:42,667027286,14.80,80.70,0.00,146
2026-08-14 01:44,667147286,14.70,80.60,0.00,93
2026-08-14 01:46,667267286,14.70,80.40,0.00,86
2026-08-14 01:48,667387286,14.60,80.40,0.00,90
2026-08-14 01:50,667507286,14.60,80.40,0.00,87
2026-08-14 01:52,667627286,14.60,80.10,0.00,106
2026-08-14 01:54,667747286,14.60,80.80,0.00,75
2026-08-14 01:56,667867286,14.50,80.40,0.00,93
2026-08-14 01:58,667987286,14.50,80.70,0.00,107
2026-08-14 02:00,668107286,14.40,80.70,0.00,116
2026-08-14 02:02,668227286,14.50,80.90,0.00,124
2026-08-14 02:04,668347286,14.40,80.60,0.00,104
2026-08-14 02:06,668467286,14.40,80.50,0.00,92
2026-08-14 02:08,668587286,14.40,80.60,0.00,97
2026-08-14 02:10,668707286,14.40,80.70,0.00,127
2026-08-14 02:12,668827286,14.50,81.20,0.00,98
2026-08-14 02:14,668947286,14.50,81.50,0.00,71
2026-08-14 02:16,669067286,14.50,81.00,0.00,107
2026-08-14 02:18,669187286,14.50,81.00,0.00,84
2026-08-14 02:20,669307286,14.60,81.30,0.00,133
2026-08-14 02:22,669427286,14.50,81.40,0.00,111
2026-08-14 02:24,669547286,14.50,81.40,0.00,96
2026-08-14 02:26,669667286,14.60,81.50,0.00,89
2026-08-14 02:28,669787286,14.60,81.50,0.00,97
2026-08-14 02:30,669907286,14.70,82.40,0.00,122
2026-08-14 02:32,670027286,14.70,82.10,0.00,93
2026-08-14 02:34,670147286,14.60,81.80,0.00,96
2026-08-14 02:36,670267286,14.60,81.50,0.00,90
2026-08-14 02:38,670387286,14.80,81.70,0.00,85
2026-08-14 02:40,670507286,14.80,81.50,0.00,95
2026-08-14 02:42,670627286,14.80,81.80,0.00,90
2026-08-14 02:44,670747286,14.80,82.00,0.00,108
2026-08-14 02:46,670867286,14.80,82.20,0.00,141
2026-08-14 02:48,670987286,14.90,82.20,0.00,92
2026-08-14 02:50,671107286,14.90,81.90,0.00,113
2026-08-14 02:52,671227286,14.90,81.90,0.00,88
2026-08-14 02:54,671347286,15.00,81.70,0.00,92
2026-08-14 02:56,671467286,15.00,81.80,0.00,113
2026-08-14 02:58,671587286,14.90,81.90,0.00,94
2026-08-14 03:00,671707286,14.90,82.00,0.00,99
2026-08-14 03:02,671827286,14.90,81.80,0.00,72
2026-08-14 03:04,671947286,14.90,81.80,0.00,104
2026-08-14 03:06,672067286,14.90,82.20,0.00,93
2026-08-14 03:08,672187286,15.00,82.70,0.00,116
2026-08-14 03:10,672307286,15.00,82.00,0.00,77
2026-08-14 03:12,672427286,15.00,82.20,0.00,130
2026-08-14 03:14,672547286,15.00,82.50,0.00,119
2026-08-14 03:16,672667286,15.10,82.60,0.00,108
2026-08-14 03:18,672787286,15.00,82.40,0.00,115
2026-08-14 03:20,672907286,15.20,82.30,0.00,100
2026-08-14 03:22,673027286,15.10,82.30,0.00,109
2026-08-14 03:24,673147286,15.20,82.20,0.00,78
2026-08-14 03:26,673267286,15.10,82.60,0.00,112
2026-08-14 03:28,673387286,15.10,82.60,0.00,150
2026-08-14 03:30,673507286,15.10,82.60,0.00,138
2026-08-14 03:32,673627286,15.20,82.70,0.00,107
2026-08-14 03:34,673747286,15.30,82.60,52.50,147
2026-08-14 03:36,673867286,15.30,82.50,51.67,105
2026-08-14 03:38,673987286,15.30,82.20,50.83,69
2026-08-14 03:40,674107286,15.20,81.90,50.00,111
2026-08-14 03:42,674227286,15.40,81.80,49.17,86
2026-08-14 03:44,674347286,15.30,82.00,49.17,116
2026-08-14 03:46,674467286,15.30,81.70,49.17,117
2026-08-14 03:48,674587286,15.40,82.70,48.33,108
2026-08-14 03:50,674707286,15.60,82.80,48.33,101
2026-08-14 03:52,674827286,15.50,81.90,48.33,94
2026-08-14 03:54,674947286,15.50,81.90,48.33,124
2026-08-14 03:56,675067286,15.60,81.70,48.33,117
2026-08-14 03:58,675187286,15.60,82.10,47.50,123
2026-08-14 04:00,675307286,15.60,82.10,47.50,119
2026-08-14 04:02,675427286,15.50,82.10,48.33,94
2026-08-14 04:04,675547286,15.60,82.60,47.50,92
2026-08-14 04:06,675667286,15.60,82.10,48.33,83
2026-08-14 04:08,675787286,15.60,82.00,48.33,119
2026-08-14 04:10,675907286,15.70,81.60,48.33,101
2026-08-14 04:12,676027286,15.70,81.70,48.33,94
2026-08-14 04:14,676147286,15.60,81.70,48.33,81
2026-08-14 04:16,676267286,15.70,82.00,47.50,90
2026-08-14 04:18,676387286,15.70,81.70,48.33,124
2026-08-14 04:20,676507286,15.70,81.80,48.33,105
2026-08-14 04:22,676627286,15.70,82.10,47.50,112
2026-08-14 04:24,676747286,15.60,82.00,48.33,88
2026-08-14 04:26,676867286,15.60,82.00,47.50,118
2026-08-14 04:28,676987286,15.80,82.10,47.50,113
2026-08-14 04:30,677107286,15.80,82.30,47.50,91
2026-08-14 04:32,677227286,15.70,81.90,47.50,141
2026-08-14 04:34,677347286,15.80,82.30,47.50,85
2026-08-14 04:36,677467286,15.80,81.80,47.50,107
2026-08-14 04:38,677587286,15.70,81.90,47.50,107
2026-08-14 04:40,677707286,15.70,82.00,48.33,92
2026-08-14 04:42,677827286,15.70,82.10,47.50,130
2026-08-14 04:44,677947286,15.70,82.20,47.50,95
2026-08-14 04:46,678067286,15.70,81.90,48.33,136
2026-08-14 04:48,678187286,15.70,82.10,48.33,94
2026-08-14 04:50,678307286,15.70,82.00,48.33,91
2026-08-14 04:52,678427286,15.70,81.90,47.50,139
2026-08-14 04:54,678547286,15.60,81.90,47.50,98
2026-08-14 04:56,678667286,15.60,82.00,48.33,160
2026-08-14 04:58,678787286,15.60,81.80,48.33,93
2026-08-14 05:00,678907286,15.60,81.90,47.50,106
2026-08-14 05:02,679027286,15.70,82.00,48.33,93
2026-08-14 05:04,679147286,15.60,81.90,47.50,135
2026-08-14 05:06,679267286,15.60,81.80,48.33,99
2026-08-14 05:08,679387286,15.60,81.80,48.33,86
2026-08-14 05:10,679507286,15.60,81.70,47.50,108
2026-08-14 05:12,679627286,15.60,81.80,47.50,100
2026-08-14 05:14,679747286,15.60,81.50,47.50,107
2026-08-14 05:16,679867286,15.60,81.80,47.50,90
2026-08-14 05:18,679987286,15.60,81.60,47.50,130
2026-08-14 05:20,680107286,15.60,81.70,48.33,112
2026-08-14 05:22,680227286,15.60,81.80,47.50,128
2026-08-14 05:24,680347286,15.60,81.90,48.33,82
2026-08-14 05:26,680467286,15.50,82.00,47.50,102
2026-08-14 05:28,680587286,15.60,81.90,48.33,109
2026-08-14 05:30,680707286,15.60,82.20,47.50,121
2026-08-14 05:32,680827286,15.50,82.10,48.33,92
2026-08-14 05:34,680947286,15.60,82.00,47.50,102
2026-08-14 05:36,681067286,15.60,82.40,47.50,94
2026-08-14 05:38,681187286,15.60,82.20,47.50,143
2026-08-14 05:40,681307286,15.60,82.50,48.33,120
2026-08-14 05:42,681427286,15.60,82.40,47.50,80
2026-08-14 05:44,681547286,15.60,82.40,48.33,139
2026-08-14 05:46,681667286,15.60,82.20,47.50,125
2026-08-14 05:48,681787286,15.60,82.30,47.50,64
2026-08-14 05:50,681907286,15.60,82.60,47.50,98
2026-08-14 05:52,682027286,15.60,82.50,47.50,102
2026-08-14 05:54,682147286,15.70,82.10,48.33,133
2026-08-14 05:56,682267286,15.60,82.40,47.50,101
2026-08-14 05:58,682387286,15.60,82.30,47.50,178
2026-08-14 06:00,682507286,15.70,82.20,47.50,108
2026-08-14 06:02,682627286,15.60,82.30,47.50,92
2026-08-14 06:04,682747286,15.70,82.30,47.50,103
2026-08-14 06:06,682867286,15.70,82.50,47.50,115
2026-08-14 06:08,682987286,15.70,82.50,47.50,123
2026-08-14 06:10,683107286,15.70,82.30,47.50,100
2026-08-14 06:12,683227286,15.70,82.40,47.50,186
2026-08-14 06:14,683347286,15.70,82.30,47.50,128
2026-08-14 06:16,683467286,15.70,82.30,48.33,102
2026-08-14 06:18,683587286,15.70,82.20,47.50,120
2026-08-14 06:20,683707286,15.70,82.10,47.50,110
2026-08-14 06:22,683827286,15.70,82.20,47.50,94
2026-08-14 06:24,683947286,15.70,82.10,48.33,111
2026-08-14 06:26,684067286,15.70,81.90,47.50,115
2026-08-14 06:28,684187286,15.70,82.00,48.33,103
2026-08-14 06:30,684307286,15.70,82.00,48.33,80
2026-08-14 06:32,684427286,15.70,82.00,47.50,125
2026-08-14 06:34,684547286,15.70,82.20,48.33,73
2026-08-14 06:36,684667286,15.70,82.30,47.50,136
2026-08-14 06:38,684787286,15.70,82.30,47.50,105
2026-08-14 06:40,684907286,15.60,82.40,48.33,105
2026-08-14 06:42,685027286,15.70,82.40,48.33,101
2026-08-14 06:44,685147286,15.70,82.40,47.50,162
2026-08-14 06:46,685267286,15.70,82.50,47.50,83
2026-08-14 06:48,685387286,15.70,82.40,47.50,113
2026-08-14 06:50,685507286,15.70,82.40,47.50,102
2026-08-14 06:52,685627286,15.70,82.40,48.33,90
2026-08-14 06:54,685747286,15.70,82.40,47.50,113
2026-08-14 06:56,685867286,15.80,82.80,47.50,89
2026-08-14 06:58,685987286,15.80,82.50,47.50,91
2026-08-14 07:00,686107286,15.80,82.40,47.50,111
2026-08-14 07:02,686227286,15.90,82.40,47.50,124
2026-08-14 07:04,686347286,15.90,82.30,48.33,131
2026-08-14 07:06,686467286,15.90,82.40,48.33,102
2026-08-14 07:08,686587286,15.90,82.30,48.33,87
2026-08-14 07:10,686707286,15.90,82.20,48.33,87
2026-08-14 07:12,686827286,15.90,82.30,48.33,93
2026-08-14 07:14,686947286,16.00,82.10,49.17,138
2026-08-14 07:16,687067286,16.00,82.10,50.00,108
2026-08-14 07:18,687187286,16.00,82.20,50.00,91
2026-08-14 07:20,687307286,15.90,82.40,50.00,102
2026-08-14 07:22,687427286,15.90,82.40,50.00,117
2026-08-14 07:24,687547286,15.90,82.40,51.67,97
2026-08-14 07:26,687667286,16.00,82.40,53.33,112
2026-08-14 07:28,687787286,15.90,82.40,53.33,161
2026-08-14 07:30,687907286,16.00,82.30,51.67,100
2026-08-14 07:32,688027286,16.10,82.20,51.67,93
2026-08-14 07:34,688147286,16.00,82.40,51.67,112
2026-08-14 07:36,688267286,16.10,82.30,51.67,96
2026-08-14 07:38,688387286,16.10,82.50,53.33,118
2026-08-14 07:40,688507286,16.10,82.50,54.17,120
2026-08-14 07:42,688627286,16.20,82.20,82.50,110
2026-08-14 07:44,688747286,16.10,82.10,80.00,106
2026-08-14 07:46,688867286,16.20,82.60,78.33,116
2026-08-14 07:48,688987286,16.20,82.20,77.50,132
2026-08-14 07:50,689107286,16.20,82.30,75.83,98
2026-08-14 07:52,689227286,16.20,82.30,76.67,113
2026-08-14 07:54,689347286,16.20,82.70,78.33,124
2026-08-14 07:56,689467286,16.30,82.60,80.00,102
2026-08-14 07:58,689587286,16.20,82.60,84.17,156
2026-08-14 08:00,689707286,16.30,82.50,85.83,120
2026-08-14 08:02,689827286,16.30,82.50,88.33,93
2026-08-14 08:04,689947286,16.30,82.60,40.00,181
2026-08-14 08:06,690067286,16.40,82.50,39.17,117
2026-08-14 08:08,690187286,16.50,82.70,39.17,100
2026-08-14 08:10,690307286,16.50,82.40,39.17,132
2026-08-14 08:12,690427286,16.50,82.90,41.67,119
2026-08-14 08:14,690547286,16.50,82.80,43.33,94
2026-08-14 08:16,690667286,16.60,82.90,44.17,136
2026-08-14 08:18,690787286,16.60,83.10,43.33,156
2026-08-14 08:20,690907286,16.70,83.00,40.00,106
2026-08-14 08:22,691027286,16.80,83.40,41.67,112
2026-08-14 08:24,691147286,16.80,83.30,40.83,121
2026-08-14 08:26,691267286,16.70,83.30,41.67,111
2026-08-14 08:28,691387286,16.80,83.50,41.67,121
2026-08-14 08:30,691507286,16.70,83.20,41.67,123
2026-08-14 08:32,691627286,16.80,83.80,39.17,134
2026-08-14 08:34,691747286,16.90,83.50,40.00,108
2026-08-14 08:36,691867286,17.00,83.80,40.00,87
2026-08-14 08:38,691987286,16.90,83.40,37.50,100
2026-08-14 08:40,692107286,16.90,83.10,37.50,122
2026-08-14 08:42,692227286,17.00,83.20,38.33,117
2026-08-14 08:44,692347286,17.00,83.10,37.50,104
2026-08-14 08:46,692467286,17.10,83.10,36.67,76
2026-08-14 08:48,692587286,17.10,83.20,37.50,106
2026-08-14 08:50,692707286,17.00,83.10,39.17,86
2026-08-14 08:52,692827286,17.20,82.70,40.00,109
2026-08-14 08:54,692947286,17.30,82.80,40.83,101
2026-08-14 08:56,693067286,17.20,83.10,40.00,119
2026-08-14 08:58,693187286,17.20,83.00,40.83,105
2026-08-14 09:00,693307286,17.30,82.90,44.17,103
2026-08-14 09:02,693427286,17.30,83.00,44.17,113
2026-08-14 09:04,693547286,17.20,82.90,49.17,106
2026-08-14 09:06,693667286,17.40,83.00,51.67,97
2026-08-14 09:08,693787286,17.40,83.00,53.33,108
2026-08-14 09:10,693907286,17.40,82.90,55.00,107
2026-08-14 09:12,694027286,17.50,83.20,55.83,99
2026-08-14 09:14,694147286,17.50,82.90,58.33,121
2026-08-14 09:16,694267286,17.50,82.80,55.83,142
2026-08-14 09:18,694387286,17.50,82.90,47.50,136
2026-08-14 09:20,694507286,17.50,83.30,46.67,111
2026-08-14 09:22,694627286,17.60,82.90,45.00,124
2026-08-14 09:24,694747286,17.60,82.90,45.00,117
2026-08-14 09:26,694867286,17.60,82.60,47.50,106
2026-08-14 09:28,694987286,17.70,82.60,53.33,114
2026-08-14 09:30,695107286,17.70,82.30,43.33,102
2026-08-14 09:32,695227286,17.70,82.60,47.50,120
2026-08-14 09:34,695347286,17.70,82.30,53.33,121
2026-08-14 09:36,695467286,17.70,82.30,53.33,91
2026-08-14 09:38,695587286,17.70,82.20,50.83,120
2026-08-14 09:40,695707286,17.70,82.40,47.50,160
2026-08-14 09:42,695827286,17.70,82.80,58.33,96
2026-08-14 09:44,695947286,17.70,82.40,60.00,118
2026-08-14 09:46,696067286,17.80,82.40,65.83,111
2026-08-14 09:48,696187286,17.80,82.90,46.67,130
2026-08-14 09:50,696307286,17.80,82.50,57.50,119
2026-08-14 09:52,696427286,17.80,82.50,47.50,121
2026-08-14 09:54,696547286,17.80,82.60,51.67,108
2026-08-14 09:56,696667286,17.80,82.50,53.33,136
2026-08-14 09:58,696787286,17.90,82.50,49.17,102
2026-08-14 10:00,696907286,17.90,82.10,50.83,117
2026-08-14 10:02,697027286,18.00,82.10,53.33,177
2026-08-14 10:04,697147286,18.00,82.10,50.83,102
2026-08-14 10:06,697267286,18.00,82.20,47.50,114
2026-08-14 10:08,697387286,17.90,82.30,43.33,92
2026-08-14 10:10,697507286,18.00,82.30,45.00,107
2026-08-14 10:12,697627286,18.10,82.20,49.17,108
2026-08-14 10:14,697747286,18.00,81.80,50.00,129
2026-08-14 10:16,697867286,18.10,82.00,50.83,93
2026-08-14 10:18,697987286,18.10,82.10,51.67,108
2026-08-14 10:20,698107286,18.10,81.90,53.33,104
2026-08-14 10:22,698227286,18.00,82.00,53.33,99
2026-08-14 10:24,698347286,18.10,81.60,51.67,110
2026-08-14 10:26,698467286,18.10,81.80,53.33,141
2026-08-14 10:28,698587286,18.00,81.50,53.33,129
2026-08-14 10:30,698707286,18.20,81.60,50.83,119
2026-08-14 10:32,698827286,18.00,81.50,49.17,129
2026-08-14 10:34,698947286,18.10,81.30,51.67,162
2026-08-14 10:36,699067286,18.10,81.80,53.33,93
2026-08-14 10:38,699187286,18.10,81.50,54.17,123
2026-08-14 10:40,699307286,18.10,81.40,53.33,120
2026-08-14 10:42,699427286,18.10,81.40,53.33,107
2026-08-14 10:44,699547286,18.00,81.50,53.33,137
2026-08-14 10:46,699667286,18.10,81.50,55.83,147
2026-08-14 10:48,699787286,18.10,81.50,57.50,112
2026-08-14 10:50,699907286,18.20,81.80,55.00,122
2026-08-14 10:52,700027286,18.10,81.50,54.17,88
2026-08-14 10:54,700147286,18.20,81.20,54.17,140
2026-08-14 10:56,700267286,18.10,81.60,54.17,117
2026-08-14 10:58,700387286,18.20,81.60,55.83,145
2026-08-14 11:00,700507286,18.20,81.50,54.17,124
2026-08-14 11:02,700627286,18.20,81.10,59.17,146
2026-08-14 11:04,700747286,18.20,81.10,60.83,107
2026-08-14 11:06,700867286,18.20,81.00,62.50,102
2026-08-14 11:08,700987286,18.20,81.20,66.67,125
2026-08-14 11:10,701107286,18.30,81.20,74.17,121
2026-08-14 11:12,701227286,18.20,81.90,84.17,129
2026-08-14 11:14,701347286,18.30,82.00,96.67,106
2026-08-14 11:16,701467286,18.40,81.80,108.33,143
2026-08-14 11:18,701587286,18.40,81.60,113.33,118
2026-08-14 11:20,701707286,18.60,81.70,104.17,115
2026-08-14 11:22,701827286,18.50,81.40,82.50,146
2026-08-14 11:24,701947286,18.70,80.80,75.00,114
2026-08-14 11:26,702067286,18.70,80.20,82.50,116
2026-08-14 11:28,702187286,18.80,80.70,80.83,93
2026-08-14 11:30,702307286,18.70,80.30,85.83,117
2026-08-14 11:32,702427286,18.80,80.60,102.50,101
2026-08-14 11:34,702547286,18.80,80.40,90.83,123
2026-08-14 11:36,702667286,18.80,80.80,93.33,210
2026-08-14 11:38,702787286,18.90,80.60,95.83,125
2026-08-14 11:40,702907286,19.00,80.60,95.00,97
2026-08-14 11:42,703027286,19.00,80.20,96.67,119
2026-08-14 11:44,703147286,18.90,79.90,100.83,119
2026-08-14 11:46,703267286,19.00,79.70,114.17,105
2026-08-14 11:48,703387286,19.00,80.10,110.83,129
2026-08-14 11:50,703507286,19.20,80.10,105.83,109
2026-08-14 11:52,703627286,19.10,79.70,110.83,83
2026-08-14 11:54,703747286,19.20,79.90,130.00,151
2026-08-14 11:56,703867286,19.30,79.70,137.50,139
2026-08-14 11:58,703987286,19.30,79.90,146.67,123
2026-08-14 12:00,704107286,19.40,79.50,128.33,129
2026-08-14 12:02,704227286,19.50,79.10,120.83,119
2026-08-14 12:04,704347286,19.50,79.70,134.17,98
2026-08-14 12:06,704467286,19.60,79.50,128.33,111
2026-08-14 12:08,704587286,19.70,79.60,132.50,126
2026-08-14 12:10,704707286,19.80,78.10,133.33,114
2026-08-14 12:12,704827286,19.80,77.90,159.17,105
2026-08-14 12:14,704947286,19.90,78.50,140.83,225
2026-08-14 12:16,705067286,20.10,78.70,163.33,110
2026-08-14 12:18,705187286,20.10,78.90,153.33,130
2026-08-14 12:20,705307286,20.20,78.60,167.50,103
2026-08-14 12:22,705427286,20.40,78.00,175.00,133
2026-08-14 12:24,705547286,20.50,79.30,156.67,111
2026-08-14 12:26,705667286,20.60,78.60,145.83,126
2026-08-14 12:28,705787286,20.70,78.90,145.83,119
2026-08-14 12:30,705907286,20.80,78.20,132.50,128
2026-08-14 12:32,706027286,20.90,78.10,142.50,154
2026-08-14 12:34,706147286,21.00,77.40,131.67,144
2026-08-14 12:36,706267286,20.90,76.80,133.33,124
2026-08-14 12:38,706387286,21.00,76.80,120.00,122
2026-08-14 12:40,706507286,21.10,77.20,99.17,112
2026-08-14 12:42,706627286,21.10,76.90,103.33,105
2026-08-14 12:44,706747286,21.10,76.90,110.00,132
2026-08-14 12:46,706867286,21.10,76.50,122.50,121
2026-08-14 12:48,706987286,21.10,77.20,136.67,121
2026-08-14 12:50,707107286,21.10,76.50,138.33,106
2026-08-14 12:52,707227286,21.10,77.00,129.17,133
2026-08-14 12:54,707347286,21.20,77.00,261.67,135
2026-08-14 12:56,707467286,21.30,77.60,213.33,204
2026-08-14 12:58,707587286,21.40,77.00,190.00,142
2026-08-14 13:00,707707286,21.40,76.90,174.17,160
2026-08-14 13:02,707827286,21.50,77.10,174.17,120
2026-08-14 13:04,707947286,21.60,76.70,232.50,123
2026-08-14 13:06,708067286,21.70,76.40,202.50,138
2026-08-14 13:08,708187286,21.70,76.20,221.67,145
2026-08-14 13:10,708307286,21.90,76.90,202.50,149
2026-08-14 13:12,708427286,21.90,74.70,239.17,135
2026-08-14 13:14,708547286,22.00,75.30,221.67,145
2026-08-14 13:16,708667286,22.10,76.00,201.67,193
2026-08-14 13:18,708787286,22.30,75.90,282.50,153
2026-08-14 13:20,708907286,22.30,75.40,289.17,138
2026-08-14 13:22,709027286,22.50,74.70,160.83,140
2026-08-14 13:24,709147286,22.60,74.50,170.83,152
2026-08-14 13:26,709267286,22.70,72.70,233.33,145
2026-08-14 13:28,709387286,22.60,73.30,207.50,131
2026-08-14 13:30,709507286,22.80,73.20,267.50,146
2026-08-14 13:32,709627286,22.80,73.30,264.17,166
2026-08-14 13:34,709747286,22.80,73.20,208.33,113
2026-08-14 13:36,709867286,22.90,73.50,225.83,121
2026-08-14 13:38,709987286,23.00,72.90,191.67,107
2026-08-14 13:40,710107286,23.00,73.60,175.83,128
2026-08-14 13:42,710227286,23.10,73.30,174.17,169
2026-08-14 13:44,710347286,23.10,74.00,175.83,117
2026-08-14 13:46,710467286,23.10,73.50,188.33,173
2026-08-14 13:48,710587286,23.20,72.30,184.17,140
2026-08-14 13:50,710707286,23.20,70.80,150.00,133
2026-08-14 13:52,710827286,23.20,71.70,127.50,126
2026-08-14 13:54,710947286,23.20,72.10,117.50,142
2026-08-14 13:56,711067286,23.10,71.50,115.00,158
2026-08-14 13:58,711187286,23.20,72.10,120.00,155
2026-08-14 14:00,711307286,23.10,71.80,126.67,169
2026-08-14 14:02,711427286,23.10,70.70,130.00,165
2026-08-14 14:04,711547286,23.10,71.40,134.17,147
2026-08-14 14:06,711667286,23.00,71.00,115.00,159
2026-08-14 14:08,711787286,23.00,71.80,107.50,203
2026-08-14 14:10,711907286,22.90,71.30,102.50,131
2026-08-14 14:12,712027286,22.90,71.40,97.50,169
2026-08-14 14:14,712147286,23.00,70.20,100.83,139
2026-08-14 14:16,712267286,22.80,69.90,97.50,155
2026-08-14 14:18,712387286,22.90,70.00,102.50,139
2026-08-14 14:20,712507286,22.90,71.00,108.33,155
2026-08-14 14:22,712627286,22.70,71.30,110.00,132
2026-08-14 14:24,712747286,22.80,71.20,113.33,188
2026-08-14 14:26,712867286,22.80,71.30,111.67,106
2026-08-14 14:28,712987286,22.80,72.40,109.17,123
2026-08-14 14:30,713107286,22.80,72.30,110.00,141
2026-08-14 14:32,713227286,22.80,72.60,110.83,143
2026-08-14 14:34,713347286,22.90,73.20,106.67,135
2026-08-14 14:36,713467286,22.90,73.30,103.33,134
2026-08-14 14:38,713587286,22.90,72.40,103.33,103
2026-08-14 14:40,713707286,22.90,72.30,101.67,138
2026-08-14 14:42,713827286,23.00,72.40,98.33,157
2026-08-14 14:44,713947286,23.00,73.70,95.00,154
2026-08-14 14:46,714067286,23.00,73.20,93.33,137
2026-08-14 14:48,714187286,23.00,73.00,87.50,131
2026-08-14 14:50,714307286,22.90,73.30,80.83,146
2026-08-14 14:52,714427286,22.90,73.50,74.17,153
2026-08-14 14:54,714547286,22.90,73.40,68.33,114
2026-08-14 14:56,714667286,22.80,72.70,64.17,205
2026-08-14 14:58,714787286,22.80,72.80,63.33,159
2026-08-14 15:00,714907286,22.70,72.80,62.50,150
2026-08-14 15:02,715027286,22.70,72.90,59.17,155
2026-08-14 15:04,715147286,22.70,73.30,58.33,137
2026-08-14 15:06,715267286,22.60,73.00,55.00,184
2026-08-14 15:08,715387286,22.50,73.10,53.33,134
2026-08-14 15:10,715507286,22.50,73.20,50.00,146
2026-08-14 15:12,715627286,22.50,73.20,48.33,136
2026-08-14 15:14,715747286,22.40,73.20,47.50,133
2026-08-14 15:16,715867286,22.40,72.90,47.50,162
2026-08-14 15:18,715987286,22.30,73.00,47.50,142
2026-08-14 15:20,716107286,22.20,73.60,45.83,154
2026-08-14 15:22,716227286,22.20,74.70,45.83,132
2026-08-14 15:24,716347286,22.10,74.90,45.00,152
2026-08-14 15:26,716467286,22.00,74.90,44.17,140
2026-08-14 15:28,716587286,22.10,75.20,42.50,183
2026-08-14 15:30,716707286,22.00,74.80,41.67,194
2026-08-14 15:32,716827286,21.90,75.10,40.83,119
2026-08-14 15:34,716947286,21.80,75.30,40.83,149
2026-08-14 15:36,717067286,21.70,75.60,40.83,117
2026-08-14 15:38,717187286,21.70,75.80,42.50,139
2026-08-14 15:40,717307286,21.70,75.60,45.83,108
2026-08-14 15:42,717427286,21.70,75.80,50.00,145
2026-08-14 15:44,717547286,21.60,76.10,55.00,135
2026-08-14 15:46,717667286,21.60,76.20,63.33,124
2026-08-14 15:48,717787286,21.60,76.20,72.50,147
2026-08-14 15:50,717907286,21.50,76.10,75.83,156
2026-08-14 15:52,718027286,21.60,76.30,73.33,135
2026-08-14 15:54,718147286,21.50,76.40,70.00,135
2026-08-14 15:56,718267286,21.50,77.00,63.33,153
2026-08-14 15:58,718387286,21.40,76.60,55.83,144
2026-08-14 16:00,718507286,21.50,76.50,51.67,139
2026-08-14 16:02,718627286,21.50,76.10,50.00,169
2026-08-14 16:04,718747286,21.50,76.10,49.17,182
2026-08-14 16:06,718867286,21.50,76.00,49.17,131
2026-08-14 16:08,718987286,21.50,76.50,50.83,263
2026-08-14 16:10,719107286,21.40,76.20,51.67,149
2026-08-14 16:12,719227286,21.50,76.40,50.83,179
2026-08-14 16:14,719347286,21.50,76.50,50.00,154
2026-08-14 16:16,719467286,21.30,76.50,47.50,189
2026-08-14 16:18,719587286,21.40,76.80,44.17,128
2026-08-14 16:20,719707286,21.40,77.30,40.83,146
2026-08-14 16:22,719827286,21.40,76.80,39.17,131
2026-08-14 16:24,719947286,21.40,76.70,39.17,133
2026-08-14 16:26,720067286,21.30,77.20,38.33,142
2026-08-14 16:28,720187286,21.30,76.80,35.83,144
2026-08-14 16:30,720307286,21.30,77.40,32.50,141
2026-08-14 16:32,720427286,21.10,76.60,30.83,168
2026-08-14 16:34,720547286,21.20,76.60,30.00,128
2026-08-14 16:36,720667286,21.10,76.80,30.00,148
2026-08-14 16:38,720787286,21.10,76.60,30.00,166
2026-08-14 16:40,720907286,21.10,76.70,30.00,138
2026-08-14 16:42,721027286,21.00,77.00,31.67,145
2026-08-14 16:44,721147286,21.10,76.70,32.50,147
2026-08-14 16:46,721267286,21.10,76.90,31.67,122
2026-08-14 16:48,721387286,21.10,76.90,31.67,141
2026-08-14 16:50,721507286,20.90,77.10,30.83,143
2026-08-14 16:52,721627286,20.90,77.40,30.83,147
2026-08-14 16:54,721747286,20.90,77.40,30.83,139
2026-08-14 16:56,721867286,20.80,77.50,31.67,122
2026-08-14 16:58,721987286,20.80,77.40,35.00,148
2026-08-14 17:00,722107286,20.80,77.50,39.17,160
2026-08-14 17:02,722227286,20.80,77.50,45.00,200
2026-08-14 17:04,722347286,20.80,77.70,50.83,183
2026-08-14 17:06,722467286,20.70,77.90,53.33,188
2026-08-14 17:08,722587286,20.70,78.10,57.50,195
2026-08-14 17:10,722707286,20.70,78.10,56.67,202
2026-08-14 17:12,722827286,20.60,78.10,54.17,177
2026-08-14 17:14,722947286,20.70,78.10,53.33,186
2026-08-14 17:16,723067286,20.60,78.20,48.33,164
2026-08-14 17:18,723187286,20.60,78.30,43.33,192
2026-08-14 17:20,723307286,20.70,78.30,40.83,177
2026-08-14 17:22,723427286,20.60,78.40,40.00,189
2026-08-14 17:24,723547286,20.60,78.60,39.17,161
2026-08-14 17:26,723667286,20.60,78.60,38.33,191
2026-08-14 17:28,723787286,20.60,78.50,36.67,171
2026-08-14 17:30,723907286,20.60,78.40,35.83,209
2026-08-14 17:32,724027286,20.50,78.60,35.00,156
2026-08-14 17:34,724147286,20.50,78.60,33.33,197
2026-08-14 17:36,724267286,20.50,78.90,30.83,170
2026-08-14 17:38,724387286,20.50,78.70,29.17,182
2026-08-14 17:40,724507286,20.50,78.80,28.33,156
2026-08-14 17:42,724627286,20.40,78.70,27.50,187
2026-08-14 17:44,724747286,20.40,78.60,26.67,158
2026-08-14 17:46,724867286,20.50,78.90,26.67,211
2026-08-14 17:48,724987286,20.40,78.90,26.67,155
2026-08-14 17:50,725107286,20.30,78.90,26.67,183
2026-08-14 17:52,725227286,20.20,78.70,25.83,203
2026-08-14 17:54,725347286,20.30,79.40,26.67,171
2026-08-14 17:56,725467286,20.20,79.30,26.67,165
2026-08-14 17:58,725587286,20.20,79.50,25.83,217
2026-08-14 18:00,725707286,20.20,79.50,25.83,173
2026-08-14 18:02,725827286,20.10,79.60,25.00,183
2026-08-14 18:04,725947286,20.00,79.70,24.17,167
2026-08-14 18:06,726067286,20.10,79.60,24.17,193
2026-08-14 18:08,726187286,20.10,79.50,24.17,160
2026-08-14 18:10,726307286,20.00,79.40,24.17,192
2026-08-14 18:12,726427286,20.00,79.40,24.17,174
2026-08-14 18:14,726547286,20.00,79.40,24.17,186
2026-08-14 18:16,726667286,20.00,79.50,24.17,192
2026-08-14 18:18,726787286,20.00,79.50,24.17,159
2026-08-14 18:20,726907286,20.00,79.70,24.17,170
2026-08-14 18:22,727027286,20.00,79.30,24.17,189
2026-08-14 18:24,727147286,19.90,79.80,24.17,170
2026-08-14 18:26,727267286,20.00,79.50,24.17,148
2026-08-14 18:28,727387286,19.90,79.60,24.17,218
2026-08-14 18:30,727507286,19.90,79.40,24.17,159
2026-08-14 18:32,727627286,20.00,79.70,75.83,177
2026-08-14 18:34,727747286,19.90,79.70,74.17,179
2026-08-14 18:36,727867286,19.90,79.90,73.33,166
2026-08-14 18:38,727987286,19.90,79.80,73.33,182
2026-08-14 18:40,728107286,19.90,79.90,72.50,170
2026-08-14 18:42,728227286,19.90,79.80,72.50,165
2026-08-14 18:44,728347286,19.80,80.10,72.50,174
2026-08-14 18:46,728467286,19.70,80.00,72.50,172
2026-08-14 18:48,728587286,19.80,80.00,71.67,164
2026-08-14 18:50,728707286,19.80,79.80,71.67,170
2026-08-14 18:52,728827286,19.80,80.00,71.67,194
2026-08-14 18:54,728947286,19.70,79.90,71.67,141
2026-08-14 18:56,729067286,19.70,80.00,70.83,178
2026-08-14 18:58,729187286,19.80,79.80,71.67,178
2026-08-14 19:00,729307286,19.70,80.10,70.83,149
2026-08-14 19:02,729427286,19.70,80.40,71.67,142
2026-08-14 19:04,729547286,19.70,80.60,71.67,140
2026-08-14 19:06,729667286,19.70,80.70,71.67,162
2026-08-14 19:08,729787286,19.70,80.90,71.67,165
2026-08-14 19:10,729907286,19.70,80.90,70.83,220
2026-08-14 19:12,730027286,19.60,80.60,71.67,163
2026-08-14 19:14,730147286,19.60,80.60,71.67,179
2026-08-14 19:16,730267286,19.60,80.40,71.67,156
2026-08-14 19:18,730387286,19.60,80.40,70.83,174
2026-08-14 19:20,730507286,19.50,80.40,71.67,166
2026-08-14 19:22,730627286,19.50,80.20,71.67,174
2026-08-14 19:24,730747286,19.50,80.80,71.67,153
2026-08-14 19:26,730867286,19.40,80.50,70.83,159
2026-08-14 19:28,730987286,19.50,80.70,70.83,179
2026-08-14 19:30,731107286,19.50,80.40,70.83,168
2026-08-14 19:32,731227286,19.50,80.50,70.83,148
2026-08-14 19:34,731347286,19.50,80.40,70.83,165
2026-08-14 19:36,731467286,19.50,80.60,70.83,166
2026-08-14 19:38,731587286,19.50,80.40,70.83,218
2026-08-14 19:40,731707286,19.50,80.30,70.83,146
2026-08-14 19:42,731827286,19.50,80.30,71.67,198
2026-08-14 19:44,731947286,19.50,80.50,70.83,164
2026-08-14 19:46,732067286,19.40,80.40,71.67,147
2026-08-14 19:48,732187286,19.50,81.00,71.67,179
2026-08-14 19:50,732307286,19.50,80.60,70.83,183
2026-08-14 19:52,732427286,19.50,80.60,71.67,159
2026-08-14 19:54,732547286,19.40,80.90,71.67,196
2026-08-14 19:56,732667286,19.40,80.80,71.67,185
2026-08-14 19:58,732787286,19.40,80.60,71.67,140
2026-08-14 20:00,732907286,19.40,80.60,71.67,170
2026-08-14 20:02,733027286,19.40,80.50,70.83,167
2026-08-14 20:04,733147286,19.30,80.50,70.83,177
2026-08-14 20:06,733267286,19.40,80.90,70.83,143
2026-08-14 20:08,733387286,19.40,80.70,70.83,175
2026-08-14 20:10,733507286,19.40,81.10,71.67,156
2026-08-14 20:12,733627286,19.40,80.70,71.67,186
2026-08-14 20:14,733747286,19.40,80.70,70.83,164
2026-08-14 20:16,733867286,19.40,80.60,71.67,151
2026-08-14 20:18,733987286,19.30,80.60,70.83,167
2026-08-14 20:20,734107286,19.30,80.80,70.83,132
2026-08-14 20:22,734227286,19.30,81.10,70.83,176
2026-08-14 20:24,734347286,19.20,80.80,70.83,150
2026-08-14 20:26,734467286,19.30,80.70,70.83,242
2026-08-14 20:28,734587286,19.20,80.60,70.83,140
2026-08-14 20:30,734707286,19.30,80.70,70.83,141
2026-08-14 20:32,734827286,19.20,80.90,70.83,149
2026-08-14 20:34,734947286,19.20,80.70,70.83,153
2026-08-14 20:36,735067286,19.30,80.90,70.83,160
2026-08-14 20:38,735187286,19.30,80.90,70.83,128
2026-08-14 20:40,735307286,19.10,80.60,71.67,155
2026-08-14 20:42,735427286,19.20,80.80,71.67,182
2026-08-14 20:44,735547286,19.20,81.10,70.83,152
2026-08-14 20:46,735667286,19.20,80.90,70.83,158
2026-08-14 20:48,735787286,19.20,81.10,71.67,165
2026-08-14 20:50,735907286,19.20,81.10,71.67,158
2026-08-14 20:52,736027286,19.20,81.00,70.83,154
2026-08-14 20:54,736147286,19.20,80.80,70.83,180
2026-08-14 20:56,736267286,19.20,81.00,70.83,170
2026-08-14 20:58,736387286,19.20,81.40,71.67,157
2026-08-14 21:00,736507286,19.20,80.80,70.83,131
2026-08-14 21:02,736627286,19.20,81.00,70.83,169
2026-08-14 21:04,736747286,19.20,80.80,70.83,159
2026-08-14 21:06,736867286,19.20,81.00,70.83,147
2026-08-14 21:08,736987286,19.20,80.80,71.67,163
2026-08-14 21:10,737107286,19.20,80.90,71.67,193
2026-08-14 21:12,737227286,19.10,80.80,71.67,163
2026-08-14 21:14,737347286,19.10,81.00,70.83,142
2026-08-14 21:16,737467286,19.10,81.10,71.67,173
2026-08-14 21:18,737587286,19.10,80.90,71.67,172
2026-08-14 21:20,737707286,19.00,81.20,70.83,117
2026-08-14 21:22,737827286,19.10,81.20,70.83,145
2026-08-14 21:24,737947286,19.10,81.20,70.83,162
2026-08-14 21:26,738067286,19.10,81.30,70.83,166
2026-08-14 21:28,738187286,19.10,81.50,71.67,161
2026-08-14 21:30,738307286,19.00,81.30,70.83,155
2026-08-14 21:32,738427286,18.90,81.40,71.67,164
2026-08-14 21:34,738547286,19.10,81.50,71.67,170
2026-08-14 21:36,738667286,19.00,81.50,70.83,166
2026-08-14 21:38,738787286,19.00,81.50,70.83,167
2026-08-14 21:40,738907286,19.00,81.40,70.83,189
2026-08-14 21:42,739027286,19.00,81.40,70.83,153
2026-08-14 21:44,739147286,18.90,81.30,70.83,118
2026-08-14 21:46,739267286,18.90,81.20,70.83,170
2026-08-14 21:48,739387286,19.00,81.50,70.83,165
2026-08-14 21:50,739507286,18.90,81.50,70.83,191
2026-08-14 21:52,739627286,18.90,81.20,70.83,153
2026-08-14 21:54,739747286,18.90,81.10,70.83,163
2026-08-14 21:56,739867286,18.90,81.20,70.83,145
2026-08-14 21:58,739987286,18.90,81.70,70.83,161
2026-08-14 22:00,740107286,18.90,81.20,70.83,153
2026-08-14 22:02,740227286,19.00,81.30,70.83,220
2026-08-14 22:04,740347286,18.90,81.50,70.83,166
2026-08-14 22:06,740467286,18.90,81.30,71.67,165
2026-08-14 22:08,740587286,18.80,81.40,70.83,155
2026-08-14 22:10,740707286,19.00,81.50,71.67,146
2026-08-14 22:12,740827286,18.90,81.70,71.67,164
2026-08-14 22:14,740947286,18.80,81.60,71.67,181
2026-08-14 22:16,741067286,18.90,81.40,71.67,160
2026-08-14 22:18,741187286,18.90,81.40,70.83,203
2026-08-14 22:20,741307286,18.80,81.40,71.67,164
2026-08-14 22:22,741427286,18.90,81.40,70.83,156
2026-08-14 22:24,741547286,18.80,81.40,71.67,194
2026-08-14 22:26,741667286,18.80,81.30,70.83,147
2026-08-14 22:28,741787286,18.80,81.50,71.67,180
2026-08-14 22:30,741907286,18.80,81.50,71.67,217
2026-08-14 22:32,742027286,18.70,81.60,70.83,174
2026-08-14 22:34,742147286,18.70,81.50,71.67,158
2026-08-14 22:36,742267286,18.80,81.30,71.67,156
2026-08-14 22:38,742387286,18.70,81.50,71.67,171
2026-08-14 22:40,742507286,18.70,81.60,71.67,178
2026-08-14 22:42,742627286,18.70,81.60,71.67,162
2026-08-14 22:44,742747286,18.60,81.70,70.83,170
2026-08-14 22:46,742867286,18.70,81.90,71.67,171
2026-08-14 22:48,742987286,18.70,81.90,70.83,167
2026-08-14 22:50,743107286,18.60,82.00,70.83,176
2026-08-14 22:52,743227286,18.70,81.80,71.67,149
2026-08-14 22:54,743347286,18.70,81.90,71.67,202
2026-08-14 22:56,743467286,18.70,81.80,70.83,161
2026-08-14 22:58,743587286,18.70,82.10,70.83,178
2026-08-14 23:00,743707286,18.70,81.90,71.67,175
2026-08-14 23:02,743827286,18.60,82.00,70.83,180
2026-08-14 23:04,743947286,18.80,81.90,70.83,148
2026-08-14 23:06,744067286,18.70,82.20,70.83,174
2026-08-14 23:08,744187286,18.60,81.80,71.67,183
2026-08-14 23:10,744307286,18.60,81.90,70.83,209
2026-08-14 23:12,744427286,18.60,81.80,71.67,147
2026-08-14 23:14,744547286,18.60,81.80,71.67,175
2026-08-14 23:16,744667286,18.60,82.10,71.67,197
2026-08-14 23:18,744787286,18.60,82.30,71.67,150
2026-08-14 23:20,744907286,18.60,82.10,70.83,166
2026-08-14 23:22,745027286,18.60,82.20,71.67,135
2026-08-14 23:24,745147286,18.60,82.30,71.67,158
2026-08-14 23:26,745267286,18.60,82.20,71.67,144
2026-08-14 23:28,745387286,18.60,82.30,71.67,142
2026-08-14 23:30,745507286,18.60,82.30,70.83,137
2026-08-14 23:32,745627286,18.60,82.20,71.67,191
2026-08-14 23:34,745747286,18.60,81.90,71.67,174
2026-08-14 23:36,745867286,18.50,82.00,71.67,162
2026-08-14 23:38,745987286,18.60,82.10,71.67,175
2026-08-14 23:40,746107286,18.50,82.60,71.67,164
2026-08-14 23:42,746227286,18.60,82.30,70.83,131
2026-08-14 23:44,746347286,18.50,82.40,71.67,173
2026-08-14 23:46,746467286,18.50,82.20,71.67,157
2026-08-14 23:48,746587286,18.50,82.00,71.67,236
2026-08-14 23:50,746707286,18.50,82.00,71.67,173
2026-08-14 23:52,746827286,18.50,82.10,71.67,157
2026-08-14 23:54,746947286,18.50,82.20,71.67,156
2026-08-14 23:56,747067286,18.50,82.00,71.67,143
2026-08-14 23:58,747187286,18.60,82.30,71.67,147
2026-08-15 00:00,747307286,18.50,82.30,70.83,157
2026-08-15 00:02,747427286,18.50,82.20,71.67,140
2026-08-15 00:04,747547286,18.50,82.50,71.67,173
2026-08-15 00:06,747667286,18.60,82.80,70.83,186
2026-08-15 00:08,747787286,18.50,82.90,71.67,142
2026-08-15 00:10,747907286,18.60,82.40,71.67,201
2026-08-15 00:12,748027286,18.50,82.30,71.67,170
2026-08-15 00:14,748147286,18.60,82.10,70.83,166
2026-08-15 00:16,748267286,18.50,82.20,24.17,155
2026-08-15 00:18,748387286,18.50,82.10,24.17,182
2026-08-15 00:20,748507286,18.50,82.30,24.17,165
2026-08-15 00:22,748627286,18.50,82.60,24.17,151
2026-08-15 00:24,748747286,18.40,82.90,24.17,152
2026-08-15 00:26,748867286,18.40,82.80,24.17,156
2026-08-15 00:28,748987286,18.50,82.80,24.17,150
2026-08-15 00:30,749107286,18.50,82.70,24.17,148
2026-08-15 00:32,749227286,18.50,82.60,24.17,160
2026-08-15 00:34,749347286,18.50,82.60,24.17,194
2026-08-15 00:36,749467286,18.50,82.40,24.17,137
2026-08-15 00:38,749587286,18.40,82.40,24.17,148
2026-08-15 00:40,749707286,18.40,82.30,24.17,159
2026-08-15 00:42,749827286,18.40,82.50,24.17,152
2026-08-15 00:44,749947286,18.40,82.40,24.17,161
2026-08-15 00:46,750067286,18.40,82.60,24.17,177
2026-08-15 00:48,750187286,18.40,82.80,24.17,156
2026-08-15 00:50,750307286,18.40,82.50,24.17,161
2026-08-15 00:52,750427286,18.40,83.00,24.17,182
2026-08-15 00:54,750547286,18.40,83.00,24.17,170
2026-08-15 00:56,750667286,18.40,82.70,24.17,155
2026-08-15 00:58,750787286,18.30,82.80,24.17,179
2026-08-15 01:00,750907286,18.40,82.80,24.17,180
2026-08-15 01:02,751027286,18.30,82.70,24.17,161
2026-08-15 01:04,751147286,18.40,82.70,24.17,160
2026-08-15 01:06,751267286,18.30,82.60,24.17,184
2026-08-15 01:08,751387286,18.30,82.50,24.17,178
2026-08-15 01:10,751507286,18.40,82.70,24.17,183
2026-08-15 01:12,751627286,18.20,82.80,24.17,176
2026-08-15 01:14,751747286,18.30,82.70,24.17,179
2026-08-15 01:16,751867286,18.30,83.10,24.17,169
2026-08-15 01:18,751987286,18.30,83.10,24.17,157
2026-08-15 01:20,752107286,18.30,83.00,24.17,146
2026-08-15 01:22,752227286,18.30,83.60,24.17,156
2026-08-15 01:24,752347286,18.30,83.50,24.17,140
2026-08-15 01:26,752467286,18.30,83.40,24.17,159
2026-08-15 01:28,752587286,18.40,83.90,24.17,153
2026-08-15 01:30,752707286,18.40,83.60,24.17,170
2026-08-15 01:32,752827286,18.40,83.10,24.17,190
2026-08-15 01:34,752947286,18.40,83.00,24.17,178
2026-08-15 01:36,753067286,18.40,82.90,24.17,158
2026-08-15 01:38,753187286,18.30,83.00,24.17,160
2026-08-15 01:40,753307286,18.40,83.00,24.17,175
2026-08-15 01:42,753427286,18.40,82.90,24.17,160
2026-08-15 01:44,753547286,18.40,82.80,24.17,167
2026-08-15 01:46,753667286,18.40,82.80,24.17,182
2026-08-15 01:48,753787286,18.40,83.20,24.17,160
2026-08-15 01:50,753907286,18.50,83.30,24.17,197
2026-08-15 01:52,754027286,18.40,82.90,24.17,180
2026-08-15 01:54,754147286,18.40,83.00,24.17,158
2026-08-15 01:56,754267286,18.30,82.70,24.17,164
2026-08-15 01:58,754387286,18.30,82.90,24.17,172
2026-08-15 02:00,754507286,18.30,82.80,24.17,163
2026-08-15 02:02,754627286,18.40,82.80,24.17,161
2026-08-15 02:04,754747286,18.30,83.30,24.17,159
2026-08-15 02:06,754867286,18.30,82.90,24.17,168
2026-08-15 02:08,754987286,18.40,83.20,24.17,164
2026-08-15 02:10,755107286,18.40,83.60,24.17,166
2026-08-15 02:12,755227286,18.30,83.20,24.17,160
2026-08-15 02:14,755347286,18.40,83.10,24.17,180
2026-08-15 02:16,755467286,18.30,83.10,24.17,153
2026-08-15 02:18,755587286,18.20,83.30,24.17,147
2026-08-15 02:20,755707286,18.30,83.10,24.17,159
2026-08-15 02:22,755827286,18.40,83.10,24.17,189
2026-08-15 02:24,755947286,18.30,82.90,24.17,141
2026-08-15 02:26,756067286,18.40,82.90,24.17,123
2026-08-15 02:28,756187286,18.40,83.80,24.17,142
2026-08-15 02:30,756307286,18.40,83.60,24.17,206
2026-08-15 02:32,756427286,18.30,83.00,24.17,154
2026-08-15 02:34,756547286,18.30,83.10,24.17,146
2026-08-15 02:36,756667286,18.40,83.50,24.17,145
2026-08-15 02:38,756787286,18.30,83.30,24.17,153
2026-08-15 02:40,756907286,18.30,83.00,24.17,215
2026-08-15 02:42,757027286,18.30,83.40,24.17,127
2026-08-15 02:44,757147286,18.20,83.00,24.17,167
2026-08-15 02:46,757267286,18.30,83.10,24.17,151
2026-08-15 02:48,757387286,18.30,83.10,24.17,188
2026-08-15 02:50,757507286,18.20,83.40,24.17,163
2026-08-15 02:52,757627286,18.20,83.50,24.17,173
2026-08-15 02:54,757747286,18.20,83.30,24.17,198
2026-08-15 02:56,757867286,18.20,83.10,24.17,165
2026-08-15 02:58,757987286,18.20,83.20,24.17,173
2026-08-15 03:00,758107286,18.20,83.10,24.17,149
2026-08-15 03:02,758227286,18.20,83.30,24.17,168
2026-08-15 03:04,758347286,18.30,83.20,24.17,180
2026-08-15 03:06,758467286,18.10,83.40,24.17,173
2026-08-15 03:08,758587286,18.20,83.40,24.17,205
2026-08-15 03:10,758707286,18.20,83.40,24.17,213
2026-08-15 03:12,758827286,18.20,83.30,24.17,129
2026-08-15 03:14,758947286,18.20,83.20,24.17,149
2026-08-15 03:16,759067286,18.20,83.20,24.17,187
2026-08-15 03:18,759187286,18.20,83.10,24.17,168
2026-08-15 03:20,759307286,18.20,83.00,24.17,153
2026-08-15 03:22,759427286,18.20,83.30,24.17,186
2026-08-15 03:24,759547286,18.20,82.90,24.17,156
2026-08-15 03:26,759667286,18.20,83.00,24.17,198
2026-08-15 03:28,759787286,18.20,83.00,24.17,151
2026-08-15 03:30,759907286,18.10,83.00,24.17,157
2026-08-15 03:32,760027286,18.10,83.30,24.17,146
2026-08-15 03:34,760147286,18.20,83.10,75.83,190
2026-08-15 03:36,760267286,18.20,83.20,75.00,207
2026-08-15 03:38,760387286,18.10,83.60,75.00,166
2026-08-15 03:40,760507286,18.30,83.40,74.17,182
2026-08-15 03:42,760627286,18.20,83.20,73.33,144
2026-08-15 03:44,760747286,18.20,83.40,73.33,161
2026-08-15 03:46,760867286,18.20,83.00,73.33,167
2026-08-15 03:48,760987286,18.20,83.00,72.50,149
2026-08-15 03:50,761107286,18.20,83.40,72.50,161
2026-08-15 03:52,761227286,18.30,83.30,71.67,158
2026-08-15 03:54,761347286,18.30,83.50,72.50,176
2026-08-15 03:56,761467286,18.20,83.50,71.67,164
2026-08-15 03:58,761587286,18.30,83.10,71.67,195
2026-08-15 04:00,761707286,18.30,83.30,71.67,172
2026-08-15 04:02,761827286,18.20,83.40,71.67,221
2026-08-15 04:04,761947286,18.30,83.30,71.67,193
2026-08-15 04:06,762067286,18.30,83.20,71.67,180
2026-08-15 04:08,762187286,18.20,83.40,71.67,159
2026-08-15 04:10,762307286,18.20,83.10,71.67,157
2026-08-15 04:12,762427286,18.30,83.30,71.67,145
2026-08-15 04:14,762547286,18.20,83.60,71.67,161
2026-08-15 04:16,762667286,18.30,83.40,70.83,161
2026-08-15 04:18,762787286,18.20,84.00,71.67,183
2026-08-15 04:20,762907286,18.30,83.40,71.67,182
2026-08-15 04:22,763027286,18.20,83.40,71.67,182
2026-08-15 04:24,763147286,18.20,83.30,71.67,178
2026-08-15 04:26,763267286,18.20,83.30,70.83,139
2026-08-15 04:28,763387286,18.20,83.10,71.67,173
2026-08-15 04:30,763507286,18.20,83.30,71.67,166
2026-08-15 04:32,763627286,18.20,83.50,71.67,159
2026-08-15 04:34,763747286,18.20,83.20,70.83,147
2026-08-15 04:36,763867286,18.20,83.10,71.67,182
2026-08-15 04:38,763987286,18.20,83.20,71.67,161
2026-08-15 04:40,764107286,18.20,83.60,71.67,165
2026-08-15 04:42,764227286,18.20,83.60,71.67,174
2026-08-15 04:44,764347286,18.30,83.20,71.67,157
2026-08-15 04:46,764467286,18.20,83.40,71.67,199
2026-08-15 04:48,764587286,18.30,83.30,71.67,196
2026-08-15 04:50,764707286,18.20,83.40,71.67,167
2026-08-15 04:52,764827286,18.20,83.40,71.67,223
2026-08-15 04:54,764947286,18.10,83.40,71.67,169
2026-08-15 04:56,765067286,18.20,83.70,71.67,164
2026-08-15 04:58,765187286,18.20,83.40,71.67,155
2026-08-15 05:00,765307286,18.20,83.20,71.67,189
2026-08-15 05:02,765427286,18.30,83.30,71.67,162
2026-08-15 05:04,765547286,18.20,83.40,70.83,178
2026-08-15 05:06,765667286,18.30,83.40,71.67,165
2026-08-15 05:08,765787286,18.20,83.20,70.83,143
2026-08-15 05:10,765907286,18.20,83.20,70.83,140
2026-08-15 05:12,766027286,18.20,83.20,71.67,184
2026-08-15 05:14,766147286,18.20,83.20,71.67,174
2026-08-15 05:16,766267286,18.20,83.40,71.67,150
2026-08-15 05:18,766387286,18.30,83.30,70.83,168
2026-08-15 05:20,766507286,18.20,83.10,70.83,142
2026-08-15 05:22,766627286,18.30,83.20,71.67,190
2026-08-15 05:24,766747286,18.30,83.20,71.67,148
2026-08-15 05:26,766867286,18.20,83.10,71.67,179
2026-08-15 05:28,766987286,18.20,83.00,70.83,143
2026-08-15 05:30,767107286,18.30,83.30,71.67,157
2026-08-15 05:32,767227286,18.30,83.20,71.67,164
2026-08-15 05:34,767347286,18.20,83.40,71.67,163
2026-08-15 05:36,767467286,18.20,83.20,71.67,172
2026-08-15 05:38,767587286,18.20,83.50,71.67,132
2026-08-15 05:40,767707286,18.20,83.30,71.67,133
2026-08-15 05:42,767827286,18.10,83.20,70.83,125
2026-08-15 05:44,767947286,18.20,83.30,71.67,161
2026-08-15 05:46,768067286,18.20,83.30,71.67,160
2026-08-15 05:48,768187286,18.20,83.30,71.67,180
2026-08-15 05:50,768307286,18.10,83.30,70.83,152
2026-08-15 05:52,768427286,18.10,83.20,71.67,156
2026-08-15 05:54,768547286,18.20,83.30,70.83,132
2026-08-15 05:56,768667286,18.10,83.40,70.83,216
2026-08-15 05:58,768787286,18.20,83.20,71.67,168
2026-08-15 06:00,768907286,18.20,83.10,71.67,164
2026-08-15 06:02,769027286,18.10,83.10,71.67,142
2026-08-15 06:04,769147286,18.10,83.00,71.67,198
2026-08-15 06:06,769267286,18.10,83.10,71.67,202
2026-08-15 06:08,769387286,18.10,83.20,71.67,141
2026-08-15 06:10,769507286,18.00,83.20,71.67,165
2026-08-15 06:12,769627286,18.10,84.10,71.67,123
2026-08-15 06:14,769747286,18.10,83.60,70.83,170
2026-08-15 06:16,769867286,18.00,83.60,71.67,141
2026-08-15 06:18,769987286,18.00,83.60,71.67,162
2026-08-15 06:20,770107286,18.00,83.60,71.67,151
2026-08-15 06:22,770227286,18.10,83.60,71.67,160
2026-08-15 06:24,770347286,18.00,83.60,71.67,131
2026-08-15 06:26,770467286,18.10,83.60,71.67,144
2026-08-15 06:28,770587286,17.90,83.90,71.67,173
2026-08-15 06:30,770707286,18.00,83.40,71.67,182
2026-08-15 06:32,770827286,18.00,83.30,70.83,165
2026-08-15 06:34,770947286,18.00,83.40,71.67,140
2026-08-15 06:36,771067286,18.00,83.60,71.67,151
2026-08-15 06:38,771187286,17.90,83.70,70.83,112
2026-08-15 06:40,771307286,18.00,83.90,70.83,189
2026-08-15 06:42,771427286,17.90,84.00,71.67,214
2026-08-15 06:44,771547286,18.00,84.20,70.83,152
2026-08-15 06:46,771667286,18.00,83.90,71.67,138
2026-08-15 06:48,771787286,18.00,83.80,70.83,171
2026-08-15 06:50,771907286,18.10,83.90,71.67,145
2026-08-15 06:52,772027286,18.00,83.90,71.67,142
2026-08-15 06:54,772147286,18.00,83.80,70.83,133
2026-08-15 06:56,772267286,17.90,83.90,70.83,143
2026-08-15 06:58,772387286,18.00,84.00,71.67,134
2026-08-15 07:00,772507286,18.00,83.90,71.67,153
2026-08-15 07:02,772627286,18.00,83.80,70.83,139
2026-08-15 07:04,772747286,18.00,83.90,70.83,180
2026-08-15 07:06,772867286,18.10,84.10,71.67,155
2026-08-15 07:08,772987286,18.00,83.90,72.50,191
2026-08-15 07:10,773107286,18.10,84.10,72.50,148
2026-08-15 07:12,773227286,18.10,83.90,71.67,119
2026-08-15 07:14,773347286,18.10,83.70,72.50,144
2026-08-15 07:16,773467286,18.10,83.70,72.50,141
2026-08-15 07:18,773587286,18.10,83.60,72.50,155
2026-08-15 07:20,773707286,18.10,83.70,72.50,161
2026-08-15 07:22,773827286,18.20,83.60,72.50,153
2026-08-15 07:24,773947286,18.10,83.90,73.33,228
2026-08-15 07:26,774067286,18.00,83.90,73.33,133
2026-08-15 07:28,774187286,18.10,83.60,74.17,141
2026-08-15 07:30,774307286,18.20,83.70,74.17,169
2026-08-15 07:32,774427286,18.20,83.50,75.00,162
2026-08-15 07:34,774547286,18.10,83.60,75.83,159
2026-08-15 07:36,774667286,18.10,83.60,77.50,143
2026-08-15 07:38,774787286,18.20,83.60,78.33,246
2026-08-15 07:40,774907286,18.10,83.50,80.00,119
2026-08-15 07:42,775027286,18.20,83.50,80.83,178
2026-08-15 07:44,775147286,18.20,83.60,80.83,170
2026-08-15 07:46,775267286,18.10,83.80,83.33,138
2026-08-15 07:48,775387286,18.20,83.70,84.17,151
2026-08-15 07:50,775507286,18.20,83.70,87.50,134
2026-08-15 07:52,775627286,18.20,83.50,89.17,134
2026-08-15 07:54,775747286,18.30,83.70,91.67,144
2026-08-15 07:56,775867286,18.30,83.70,99.17,147
2026-08-15 07:58,775987286,18.30,83.80,104.17,139
2026-08-15 08:00,776107286,18.30,83.70,82.50,177
2026-08-15 08:02,776227286,18.30,83.80,85.00,159
2026-08-15 08:04,776347286,18.40,83.90,39.17,131
2026-08-15 08:06,776467286,18.40,83.70,37.50,139
2026-08-15 08:08,776587286,18.50,83.80,40.83,143
2026-08-15 08:10,776707286,18.40,83.70,39.17,155
2026-08-15 08:12,776827286,18.50,83.70,36.67,167
2026-08-15 08:14,776947286,18.50,83.80,39.17,221
2026-08-15 08:16,777067286,18.60,83.90,43.33,139
2026-08-15 08:18,777187286,18.60,84.10,43.33,136
2026-08-15 08:20,777307286,18.60,83.90,45.83,160
2026-08-15 08:22,777427286,18.60,83.70,48.33,189
2026-08-15 08:24,777547286,18.60,83.80,50.83,156
2026-08-15 08:26,777667286,18.70,84.20,53.33,142
2026-08-15 08:28,777787286,18.70,84.00,54.17,142
2026-08-15 08:30,777907286,18.70,83.90,54.17,131
2026-08-15 08:32,778027286,18.70,84.00,58.33,145
2026-08-15 08:34,778147286,18.80,83.90,58.33,180
2026-08-15 08:36,778267286,18.90,84.00,55.83,142
2026-08-15 08:38,778387286,18.80,83.90,62.50,148
2026-08-15 08:40,778507286,18.90,83.80,59.17,126
2026-08-15 08:42,778627286,18.90,83.70,73.33,162
2026-08-15 08:44,778747286,19.00,83.90,79.17,136
2026-08-15 08:46,778867286,19.00,84.20,78.33,135
2026-08-15 08:48,778987286,19.00,84.00,99.17,135
2026-08-15 08:50,779107286,19.10,84.00,74.17,213
2026-08-15 08:52,779227286,19.20,84.20,72.50,137
2026-08-15 08:54,779347286,19.30,84.10,90.83,148
2026-08-15 08:56,779467286,19.40,84.30,119.17,126
2026-08-15 08:58,779587286,19.50,84.40,139.17,141
2026-08-15 09:00,779707286,19.60,84.30,101.67,135
2026-08-15 09:02,779827286,19.70,84.40,138.33,134
2026-08-15 09:04,779947286,19.80,84.40,129.17,151
2026-08-15 09:06,780067286,19.80,84.70,82.50,174
2026-08-15 09:08,780187286,20.00,84.20,81.67,172
2026-08-15 09:10,780307286,20.00,84.30,121.67,172
2026-08-15 09:12,780427286,20.20,84.20,127.50,164
2026-08-15 09:14,780547286,20.30,84.40,150.00,165
2026-08-15 09:16,780667286,20.30,83.90,170.83,137
2026-08-15 09:18,780787286,20.50,84.00,148.33,145
2026-08-15 09:20,780907286,20.60,83.90,183.33,149
2026-08-15 09:22,781027286,20.70,83.60,190.83,170
2026-08-15 09:24,781147286,20.80,83.50,194.17,161
2026-08-15 09:26,781267286,20.90,83.60,187.50,163
2026-08-15 09:28,781387286,21.00,83.30,196.67,147
2026-08-15 09:30,781507286,21.10,82.90,203.33,154
2026-08-15 09:32,781627286,21.30,83.30,170.00,153
2026-08-15 09:34,781747286,21.50,82.80,148.33,156
2026-08-15 09:36,781867286,21.60,82.90,195.83,187
2026-08-15 09:38,781987286,21.70,82.30,200.83,194
2026-08-15 09:40,782107286,21.80,82.60,191.67,159
2026-08-15 09:42,782227286,21.90,82.10,215.83,208
2026-08-15 09:44,782347286,22.10,82.20,213.33,143
2026-08-15 09:46,782467286,22.30,82.10,216.67,166
2026-08-15 09:48,782587286,22.30,81.50,221.67,149
2026-08-15 09:50,782707286,22.50,81.30,215.00,163
2026-08-15 09:52,782827286,22.60,80.70,237.50,173
2026-08-15 09:54,782947286,22.70,80.50,177.50,164
2026-08-15 09:56,783067286,22.80,80.60,139.17,142
2026-08-15 09:58,783187286,22.90,80.00,193.33,166
2026-08-15 10:00,783307286,22.90,80.20,107.50,191
2026-08-15 10:02,783427286,23.00,80.20,100.83,139
2026-08-15 10:04,783547286,23.10,80.30,84.17,173
2026-08-15 10:06,783667286,23.10,80.20,95.00,149
2026-08-15 10:08,783787286,23.10,80.20,102.50,168
2026-08-15 10:10,783907286,23.20,80.10,102.50,157
2026-08-15 10:12,784027286,23.20,80.20,265.00,135
2026-08-15 10:14,784147286,23.30,80.20,231.67,167
2026-08-15 10:16,784267286,23.30,80.50,269.17,165
2026-08-15 10:18,784387286,23.50,80.30,243.33,187
2026-08-15 10:20,784507286,23.70,80.30,189.17,147
2026-08-15 10:22,784627286,23.80,79.80,242.50,168
2026-08-15 10:24,784747286,23.80,79.40,199.17,179
2026-08-15 10:26,784867286,24.00,79.40,211.67,144
2026-08-15 10:28,784987286,24.10,78.80,215.83,168
2026-08-15 10:30,785107286,24.20,78.80,302.50,195
2026-08-15 10:32,785227286,24.30,78.60,205.83,171
2026-08-15 10:34,785347286,24.40,78.70,148.33,167
2026-08-15 10:36,785467286,24.40,78.30,150.83,165
2026-08-15 10:38,785587286,24.60,78.10,160.00,202
2026-08-15 10:40,785707286,24.70,77.50,128.33,169
2026-08-15 10:42,785827286,24.70,77.60,137.50,220
2026-08-15 10:44,785947286,24.70,77.40,148.33,170
2026-08-15 10:46,786067286,24.80,77.60,160.83,154
2026-08-15 10:48,786187286,24.90,77.60,162.50,236
2026-08-15 10:50,786307286,24.90,77.80,150.83,172
2026-08-15 10:52,786427286,25.00,76.30,325.83,199
2026-08-15 10:54,786547286,25.10,77.30,288.33,173
2026-08-15 10:56,786667286,25.30,77.60,175.83,198
2026-08-15 10:58,786787286,25.40,77.10,145.83,173
2026-08-15 11:00,786907286,25.40,77.00,157.50,159
2026-08-15 11:02,787027286,25.50,76.50,142.50,150
2026-08-15 11:04,787147286,25.60,76.20,127.50,175
2026-08-15 11:06,787267286,25.70,76.00,128.33,164
2026-08-15 11:08,787387286,25.70,75.40,125.00,180
2026-08-15 11:10,787507286,25.70,75.50,108.33,180
2026-08-15 11:12,787627286,25.70,75.40,101.67,159
2026-08-15 11:14,787747286,25.70,75.70,110.00,147
2026-08-15 11:16,787867286,25.70,75.00,112.50,171
2026-08-15 11:18,787987286,25.60,74.60,107.50,162
2026-08-15 11:20,788107286,25.60,74.70,102.50,195
2026-08-15 11:22,788227286,25.50,75.30,105.00,178
2026-08-15 11:24,788347286,25.60,75.50,102.50,152
2026-08-15 11:26,788467286,25.50,75.70,99.17,167
2026-08-15 11:28,788587286,25.50,75.30,88.33,179
2026-08-15 11:30,788707286,25.50,76.10,94.17,177
2026-08-15 11:32,788827286,25.70,75.60,99.17,147
2026-08-15 11:34,788947286,25.60,75.70,105.00,175
2026-08-15 11:36,789067286,25.50,75.90,100.83,151
2026-08-15 11:38,789187286,25.60,75.50,105.00,183
2026-08-15 11:40,789307286,25.50,75.70,103.33,163
2026-08-15 11:42,789427286,25.60,76.10,101.67,158
2026-08-15 11:44,789547286,25.70,75.10,100.00,168
2026-08-15 11:46,789667286,25.60,75.30,96.67,179
2026-08-15 11:48,789787286,25.60,75.30,98.33,165
2026-08-15 11:50,789907286,25.70,75.60,95.83,157
2026-08-15 11:52,790027286,25.70,76.00,93.33,157
2026-08-15 11:54,790147286,25.70,75.80,97.50,147
2026-08-15 11:56,790267286,25.70,75.90,106.67,195
2026-08-15 11:58,790387286,25.80,75.90,101.67,158
2026-08-15 12:00,790507286,25.80,75.70,110.00,166
2026-08-15 12:02,790627286,25.80,75.60,114.17,161
2026-08-15 12:04,790747286,25.80,75.60,106.67,154
2026-08-15 12:06,790867286,25.90,75.90,109.17,161
2026-08-15 12:08,790987286,25.90,73.70,113.33,178
2026-08-15 12:10,791107286,25.90,75.10,125.00,162
2026-08-15 12:12,791227286,25.90,73.70,130.00,145
2026-08-15 12:14,791347286,26.00,73.50,118.33,155
2026-08-15 12:16,791467286,26.00,73.60,103.33,211
2026-08-15 12:18,791587286,26.00,73.60,95.83,184
2026-08-15 12:20,791707286,26.00,73.40,90.00,205
2026-08-15 12:22,791827286,26.00,73.80,95.00,165
2026-08-15 12:24,791947286,26.00,73.40,93.33,161
2026-08-15 12:26,792067286,25.90,73.70,110.00,157
2026-08-15 12:28,792187286,26.00,73.30,119.17,176
2026-08-15 12:30,792307286,26.00,74.20,150.00,171
2026-08-15 12:32,792427286,26.10,73.90,308.33,190
2026-08-15 12:34,792547286,26.20,74.50,214.17,158
2026-08-15 12:36,792667286,26.20,74.10,196.67,146
2026-08-15 12:38,792787286,26.30,73.00,126.67,174
2026-08-15 12:40,792907286,26.30,71.70,125.00,163
2026-08-15 12:42,793027286,26.30,71.10,121.67,186
2026-08-15 12:44,793147286,26.40,71.80,113.33,163
2026-08-15 12:46,793267286,26.40,71.70,108.33,173
2026-08-15 12:48,793387286,26.30,71.10,109.17,178
2026-08-15 12:50,793507286,26.30,72.50,125.00,212
2026-08-15 12:52,793627286,26.30,72.40,128.33,193
2026-08-15 12:54,793747286,26.40,72.10,140.00,168
2026-08-15 12:56,793867286,26.40,72.60,167.50,146
2026-08-15 12:58,793987286,26.50,72.90,196.67,176
2026-08-15 13:00,794107286,26.60,72.60,174.17,147
2026-08-15 13:02,794227286,26.70,71.70,160.83,167
2026-08-15 13:04,794347286,26.80,72.60,178.33,164
2026-08-15 13:06,794467286,26.80,72.20,161.67,176
2026-08-15 13:08,794587286,26.80,71.70,170.83,176
2026-08-15 13:10,794707286,26.90,71.90,183.33,181
2026-08-15 13:12,794827286,27.00,72.40,155.83,197
2026-08-15 13:14,794947286,27.10,71.70,150.83,230
2026-08-15 13:16,795067286,27.20,71.00,150.83,165
2026-08-15 13:18,795187286,27.20,71.90,168.33,165
2026-08-15 13:20,795307286,27.30,72.20,198.33,180
2026-08-15 13:22,795427286,27.30,71.40,188.33,168
2026-08-15 13:24,795547286,27.40,71.80,188.33,161
2026-08-15 13:26,795667286,27.50,72.40,167.50,180
2026-08-15 13:28,795787286,27.60,70.70,178.33,160
2026-08-15 13:30,795907286,27.70,70.60,178.33,156
2026-08-15 13:32,796027286,27.70,69.90,198.33,192
2026-08-15 13:34,796147286,27.90,69.90,215.83,185
2026-08-15 13:36,796267286,27.90,69.80,264.17,175
2026-08-15 13:38,796387286,28.00,69.90,232.50,184
2026-08-15 13:40,796507286,28.10,70.00,240.83,173
2026-08-15 13:42,796627286,28.20,70.30,214.17,173
2026-08-15 13:44,796747286,28.20,69.60,165.83,223
2026-08-15 13:46,796867286,28.20,69.40,211.67,147
2026-08-15 13:48,796987286,28.30,68.20,217.50,148
2026-08-15 13:50,797107286,28.40,68.50,244.17,189
2026-08-15 13:52,797227286,28.40,68.80,172.50,164
2026-08-15 13:54,797347286,28.50,68.80,210.83,166
2026-08-15 13:56,797467286,28.40,68.10,270.00,145
2026-08-15 13:58,797587286,28.50,69.60,294.17,168
2026-08-15 14:00,797707286,28.60,69.20,287.50,213
2026-08-15 14:02,797827286,28.60,68.60,268.33,178
2026-08-15 14:04,797947286,28.70,68.80,317.50,155
2026-08-15 14:06,798067286,28.90,67.90,250.00,155
2026-08-15 14:08,798187286,28.90,68.10,329.17,183
2026-08-15 14:10,798307286,29.10,66.50,281.67,206
2026-08-15 14:12,798427286,29.10,67.70,325.83,161
2026-08-15 14:14,798547286,29.20,68.80,310.00,163
2026-08-15 14:16,798667286,29.30,67.10,324.17,183
2026-08-15 14:18,798787286,29.50,66.30,301.67,165
2026-08-15 14:20,798907286,29.40,67.20,298.33,192
2026-08-15 14:22,799027286,29.60,66.40,274.17,172
2026-08-15 14:24,799147286,29.70,66.80,247.50,157
2026-08-15 14:26,799267286,29.70,64.90,281.67,179
2026-08-15 14:28,799387286,29.80,65.90,277.50,129
2026-08-15 14:30,799507286,29.80,64.80,302.50,158
2026-08-15 14:32,799627286,30.10,64.70,318.33,169
2026-08-15 14:34,799747286,30.10,65.20,300.83,178
2026-08-15 14:36,799867286,30.30,65.20,283.33,163
2026-08-15 14:38,799987286,30.30,63.80,277.50,161
2026-08-15 14:40,800107286,30.40,64.50,302.50,151
2026-08-15 14:42,800227286,30.30,63.60,307.50,162
2026-08-15 14:44,800347286,30.50,63.90,289.17,178
2026-08-15 14:46,800467286,30.50,64.20,292.50,167
2026-08-15 14:48,800587286,30.50,64.40,297.50,228
2026-08-15 14:50,800707286,30.60,64.30,275.00,164
2026-08-15 14:52,800827286,30.70,62.70,288.33,185
2026-08-15 14:54,800947286,30.80,63.90,301.67,200
2026-08-15 14:56,801067286,30.80,64.30,285.00,160
2026-08-15 14:58,801187286,30.90,62.50,273.33,191
2026-08-15 15:00,801307286,30.90,62.10,142.50,168
2026-08-15 15:02,801427286,30.90,63.30,304.17,143
2026-08-15 15:04,801547286,31.00,63.50,258.33,174
2026-08-15 15:06,801667286,31.00,63.30,275.00,159
2026-08-15 15:08,801787286,31.10,63.60,277.50,178
2026-08-15 15:10,801907286,31.10,63.10,258.33,171
2026-08-15 15:12,802027286,31.20,63.00,280.83,165
2026-08-15 15:14,802147286,31.20,62.20,290.00,148
2026-08-15 15:16,802267286,31.30,62.70,252.50,217
2026-08-15 15:18,802387286,31.30,62.50,261.67,158
2026-08-15 15:20,802507286,31.30,63.70,266.67,160
2026-08-15 15:22,802627286,31.20,63.00,256.67,170
2026-08-15 15:24,802747286,31.30,62.80,275.83,171
2026-08-15 15:26,802867286,31.30,61.40,276.67,159
2026-08-15 15:28,802987286,31.20,61.70,255.00,167
2026-08-15 15:30,803107286,31.20,62.10,226.67,156
2026-08-15 15:32,803227286,31.10,61.90,195.83,149
2026-08-15 15:34,803347286,31.10,62.20,242.50,179
2026-08-15 15:36,803467286,31.20,62.40,241.67,168
2026-08-15 15:38,803587286,31.10,62.60,228.33,165
2026-08-15 15:40,803707286,31.10,63.50,194.17,137
2026-08-15 15:42,803827286,31.10,62.90,240.00,178
2026-08-15 15:44,803947286,31.10,62.30,125.83,181
2026-08-15 15:46,804067286,31.00,63.70,178.33,161
2026-08-15 15:48,804187286,31.10,64.10,228.33,208
2026-08-15 15:50,804307286,31.00,63.40,214.17,176
2026-08-15 15:52,804427286,30.90,63.80,106.67,118
2026-08-15 15:54,804547286,30.90,64.10,198.33,191
2026-08-15 15:56,804667286,31.00,62.90,181.67,157
2026-08-15 15:58,804787286,31.00,64.30,161.67,183
2026-08-15 16:00,804907286,31.00,63.90,110.83,180
2026-08-15 16:02,805027286,30.80,63.80,120.83,182
2026-08-15 16:04,805147286,30.90,63.70,115.00,150
2026-08-15 16:06,805267286,30.90,64.50,89.17,141
2026-08-15 16:08,805387286,30.80,63.80,86.67,125
2026-08-15 16:10,805507286,30.80,64.30,117.50,162
2026-08-15 16:12,805627286,30.70,64.00,96.67,133
2026-08-15 16:14,805747286,30.60,64.50,85.83,152
2026-08-15 16:16,805867286,30.60,65.10,93.33,138
2026-08-15 16:18,805987286,30.50,65.80,79.17,134
2026-08-15 16:20,806107286,30.40,65.40,66.67,142
2026-08-15 16:22,806227286,30.40,65.90,58.33,157
2026-08-15 16:24,806347286,30.30,65.10,60.00,145
2026-08-15 16:26,806467286,30.30,65.70,58.33,181
2026-08-15 16:28,806587286,30.30,65.90,69.17,186
2026-08-15 16:30,806707286,30.20,67.00,73.33,166
2026-08-15 16:32,806827286,30.10,66.90,144.17,174
2026-08-15 16:34,806947286,30.20,67.00,124.17,167
2026-08-15 16:36,807067286,30.10,66.40,66.67,152
2026-08-15 16:38,807187286,30.00,66.90,90.83,161
2026-08-15 16:40,807307286,30.00,66.40,53.33,174
2026-08-15 16:42,807427286,30.10,66.40,50.00,168
2026-08-15 16:44,807547286,29.90,66.30,50.83,167
2026-08-15 16:46,807667286,29.90,66.30,129.17,172
2026-08-15 16:48,807787286,29.80,67.70,118.33,149
2026-08-15 16:50,807907286,29.90,67.70,127.50,183
2026-08-15 16:52,808027286,29.90,68.50,57.50,131
2026-08-15 16:54,808147286,29.80,68.00,60.83,138
2026-08-15 16:56,808267286,29.90,68.40,58.33,152
2026-08-15 16:58,808387286,29.70,68.40,55.00,210
2026-08-15 17:00,808507286,29.70,68.70,45.83,147
2026-08-15 17:02,808627286,29.60,69.10,40.00,145
2026-08-15 17:04,808747286,29.60,69.00,36.67,159
2026-08-15 17:06,808867286,29.60,69.40,37.50,159
2026-08-15 17:08,808987286,29.50,69.40,40.83,138
2026-08-15 17:10,809107286,29.50,70.00,45.83,140
2026-08-15 17:12,809227286,29.50,70.10,47.50,139
2026-08-15 17:14,809347286,29.40,69.90,44.17,183
2026-08-15 17:16,809467286,29.30,70.10,40.00,131
2026-08-15 17:18,809587286,29.30,70.90,36.67,154
2026-08-15 17:20,809707286,29.30,70.10,35.83,149
2026-08-15 17:22,809827286,29.20,70.80,32.50,148
2026-08-15 17:24,809947286,29.10,71.10,34.17,173
2026-08-15 17:26,810067286,29.10,70.70,30.83,135
2026-08-15 17:28,810187286,29.00,70.30,27.50,142
2026-08-15 17:30,810307286,29.00,70.80,25.00,177
2026-08-15 17:32,810427286,29.00,71.00,22.50,193
2026-08-15 17:34,810547286,29.00,70.60,20.83,149
2026-08-15 17:36,810667286,28.90,70.90,20.00,137
2026-08-15 17:38,810787286,28.80,71.10,18.33,138
2026-08-15 17:40,810907286,28.70,71.00,16.67,160
2026-08-15 17:42,811027286,28.70,71.90,17.50,195
2026-08-15 17:44,811147286,28.70,72.20,18.33,151
2026-08-15 17:46,811267286,28.50,71.90,16.67,128
2026-08-15 17:48,811387286,28.50,71.60,14.17,157
2026-08-15 17:50,811507286,28.50,71.40,12.50,156
2026-08-15 17:52,811627286,28.30,71.90,10.00,162
2026-08-15 17:54,811747286,28.30,72.50,8.33,148
2026-08-15 17:56,811867286,28.10,72.20,6.67,149
2026-08-15 17:58,811987286,28.10,72.70,5.83,153
2026-08-15 18:00,812107286,27.90,73.30,5.00,155
2026-08-15 18:02,812227286,27.90,73.90,3.33,155
2026-08-15 18:04,812347286,27.80,73.30,2.50,135
2026-08-15 18:06,812467286,27.80,72.90,2.50,121
2026-08-15 18:08,812587286,27.70,72.80,1.67,161
2026-08-15 18:10,812707286,27.60,72.40,0.83,142
2026-08-15 18:12,812827286,27.70,72.70,0.83,165
2026-08-15 18:14,812947286,27.60,72.50,0.83,187
2026-08-15 18:16,813067286,27.50,72.50,0.00,121
2026-08-15 18:18,813187286,27.50,72.60,0.00,177
2026-08-15 18:20,813307286,27.40,72.50,0.00,155
2026-08-15 18:22,813427286,27.40,72.80,0.00,156
2026-08-15 18:24,813547286,27.30,73.50,0.00,153
2026-08-15 18:26,813667286,27.20,73.50,0.00,131
2026-08-15 18:28,813787286,27.20,73.60,0.00,146
2026-08-15 18:30,813907286,27.10,74.00,0.00,143
2026-08-15 18:32,814027286,27.10,73.70,50.83,152
2026-08-15 18:34,814147286,27.00,74.00,50.00,124
2026-08-15 18:36,814267286,27.00,73.50,49.17,181
2026-08-15 18:38,814387286,26.80,73.90,49.17,134
2026-08-15 18:40,814507286,26.80,74.10,48.33,147
2026-08-15 18:42,814627286,26.80,74.00,49.17,161
2026-08-15 18:44,814747286,26.70,74.30,48.33,166
2026-08-15 18:46,814867286,26.60,75.30,48.33,148
2026-08-15 18:48,814987286,26.60,74.90,48.33,133
2026-08-15 18:50,815107286,26.50,74.50,47.50,138
2026-08-15 18:52,815227286,26.50,74.80,47.50,230
2026-08-15 18:54,815347286,26.50,74.80,47.50,118
2026-08-15 18:56,815467286,26.40,74.70,47.50,142
2026-08-15 18:58,815587286,26.40,74.70,47.50,117
2026-08-15 19:00,815707286,26.30,74.40,47.50,177
2026-08-15 19:02,815827286,26.30,75.20,47.50,144
2026-08-15 19:04,815947286,26.20,74.70,47.50,140
2026-08-15 19:06,816067286,26.20,74.80,46.67,170
2026-08-15 19:08,816187286,26.10,74.90,47.50,145
2026-08-15 19:10,816307286,26.00,75.10,47.50,126
2026-08-15 19:12,816427286,26.10,75.40,47.50,145
2026-08-15 19:14,816547286,26.00,75.20,47.50,129
2026-08-15 19:16,816667286,26.00,75.30,47.50,133
2026-08-15 19:18,816787286,26.00,75.70,46.67,127
2026-08-15 19:20,816907286,25.90,76.40,47.50,121
2026-08-15 19:22,817027286,25.80,75.90,47.50,151
2026-08-15 19:24,817147286,25.90,76.60,46.67,135
2026-08-15 19:26,817267286,25.70,76.60,47.50,159
2026-08-15 19:28,817387286,25.80,77.10,46.67,129
2026-08-15 19:30,817507286,25.70,76.70,47.50,128
2026-08-15 19:32,817627286,25.70,76.70,47.50,141
2026-08-15 19:34,817747286,25.50,76.70,47.50,126
2026-08-15 19:36,817867286,25.60,76.30,46.67,126
2026-08-15 19:38,817987286,25.60,76.40,47.50,151
2026-08-15 19:40,818107286,25.50,76.60,46.67,138
2026-08-15 19:42,818227286,25.50,76.60,46.67,138
2026-08-15 19:44,818347286,25.40,77.00,46.67,168
2026-08-15 19:46,818467286,25.50,77.40,46.67,136
2026-08-15 19:48,818587286,25.40,77.50,46.67,144
2026-08-15 19:50,818707286,25.30,77.50,47.50,135
2026-08-15 19:52,818827286,25.30,77.70,46.67,192
2026-08-15 19:54,818947286,25.30,77.70,47.50,183
2026-08-15 19:56,819067286,25.30,77.60,46.67,141
2026-08-15 19:58,819187286,25.20,77.50,46.67,191
2026-08-15 20:00,819307286,25.20,78.00,47.50,150
2026-08-15 20:02,819427286,25.10,77.50,47.50,126
2026-08-15 20:04,819547286,25.10,77.80,46.67,136
2026-08-15 20:06,819667286,25.10,77.60,46.67,145
2026-08-15 20:08,819787286,25.00,77.80,47.50,132
2026-08-15 20:10,819907286,24.90,77.80,47.50,125
2026-08-15 20:12,820027286,24.90,78.00,46.67,137
2026-08-15 20:14,820147286,24.90,77.90,46.67,128
2026-08-15 20:16,820267286,24.90,77.90,47.50,122
2026-08-15 20:18,820387286,24.90,77.60,47.50,125
2026-08-15 20:20,820507286,24.90,78.10,47.50,127
2026-08-15 20:22,820627286,24.80,77.90,47.50,125
2026-08-15 20:24,820747286,24.80,78.50,46.67,148
2026-08-15 20:26,820867286,24.80,78.60,47.50,133
2026-08-15 20:28,820987286,24.70,78.90,46.67,172
2026-08-15 20:30,821107286,24.70,78.90,46.67,118
2026-08-15 20:32,821227286,24.60,79.00,47.50,148
2026-08-15 20:34,821347286,24.60,79.10,47.50,112
2026-08-15 20:36,821467286,24.70,79.30,47.50,132
2026-08-15 20:38,821587286,24.70,79.30,46.67,196
2026-08-15 20:40,821707286,24.70,78.90,47.50,102
2026-08-15 20:42,821827286,24.60,78.80,47.50,141
2026-08-15 20:44,821947286,24.60,78.60,47.50,153
2026-08-15 20:46,822067286,24.60,78.80,46.67,127
2026-08-15 20:48,822187286,24.50,79.20,46.67,152
2026-08-15 20:50,822307286,24.60,79.30,47.50,142
2026-08-15 20:52,822427286,24.50,79.10,47.50,155
2026-08-15 20:54,822547286,24.60,79.10,46.67,142
2026-08-15 20:56,822667286,24.50,79.20,47.50,141
2026-08-15 20:58,822787286,24.50,79.30,46.67,179
2026-08-15 21:00,822907286,24.50,79.70,47.50,169
2026-08-15 21:02,823027286,24.40,79.90,46.67,132
2026-08-15 21:04,823147286,24.50,79.50,47.50,142
2026-08-15 21:06,823267286,24.40,79.60,47.50,133
2026-08-15 21:08,823387286,24.40,79.80,47.50,160
2026-08-15 21:10,823507286,24.50,79.40,47.50,139
2026-08-15 21:12,823627286,24.50,79.30,46.67,149
2026-08-15 21:14,823747286,24.40,79.70,47.50,178
2026-08-15 21:16,823867286,24.40,79.40,47.50,195
2026-08-15 21:18,823987286,24.40,79.50,47.50,128
2026-08-15 21:20,824107286,24.30,79.50,47.50,133
2026-08-15 21:22,824227286,24.30,79.20,47.50,156
2026-08-15 21:24,824347286,24.20,79.60,47.50,133
2026-08-15 21:26,824467286,24.20,79.50,47.50,131
2026-08-15 21:28,824587286,24.20,79.70,47.50,149
2026-08-15 21:30,824707286,24.10,79.40,47.50,121
2026-08-15 21:32,824827286,24.10,79.80,46.67,149
2026-08-15 21:34,824947286,24.20,80.00,47.50,117
2026-08-15 21:36,825067286,24.20,80.00,47.50,220
2026-08-15 21:38,825187286,24.10,79.60,47.50,156
2026-08-15 21:40,825307286,24.20,80.20,47.50,128
2026-08-15 21:42,825427286,24.10,79.60,47.50,142
2026-08-15 21:44,825547286,24.00,79.70,47.50,115
2026-08-15 21:46,825667286,24.00,79.60,47.50,148
2026-08-15 21:48,825787286,24.00,79.60,47.50,146
2026-08-15 21:50,825907286,23.90,79.60,47.50,118
2026-08-15 21:52,826027286,23.90,79.60,47.50,141
2026-08-15 21:54,826147286,23.90,79.60,47.50,137
2026-08-15 21:56,826267286,23.80,79.50,46.67,134
2026-08-15 21:58,826387286,23.90,79.60,47.50,194
2026-08-15 22:00,826507286,23.90,79.70,47.50,170
2026-08-15 22:02,826627286,23.80,79.70,47.50,125
2026-08-15 22:04,826747286,23.80,80.10,47.50,156
2026-08-15 22:06,826867286,23.80,79.90,47.50,143
2026-08-15 22:08,826987286,23.80,80.10,47.50,123
2026-08-15 22:10,827107286,23.70,80.20,47.50,128
2026-08-15 22:12,827227286,23.70,80.00,47.50,138
2026-08-15 22:14,827347286,23.60,79.80,47.50,169
2026-08-15 22:16,827467286,23.60,80.10,46.67,147
2026-08-15 22:18,827587286,23.70,80.30,47.50,147
2026-08-15 22:20,827707286,23.60,79.90,47.50,143
2026-08-15 22:22,827827286,23.60,80.30,47.50,139
2026-08-15 22:24,827947286,23.60,80.00,47.50,138
2026-08-15 22:26,828067286,23.50,79.80,47.50,160
2026-08-15 22:28,828187286,23.60,79.90,47.50,135
2026-08-15 22:30,828307286,23.50,80.00,47.50,160
2026-08-15 22:32,828427286,23.50,80.10,47.50,133
2026-08-15 22:34,828547286,23.50,80.10,47.50,150
2026-08-15 22:36,828667286,23.50,79.90,47.50,168
2026-08-15 22:38,828787286,23.40,80.10,46.67,178
2026-08-15 22:40,828907286,23.40,79.90,47.50,161
2026-08-15 22:42,829027286,23.40,80.10,46.67,140
2026-08-15 22:44,829147286,23.30,80.20,47.50,122
2026-08-15 22:46,829267286,23.30,80.40,47.50,191
2026-08-15 22:48,829387286,23.30,80.30,47.50,124
2026-08-15 22:50,829507286,23.20,80.10,47.50,151
2026-08-15 22:52,829627286,23.30,80.10,47.50,106
2026-08-15 22:54,829747286,23.30,80.50,46.67,123
2026-08-15 22:56,829867286,23.30,80.50,46.67,163
2026-08-15 22:58,829987286,23.30,80.50,47.50,172
2026-08-15 23:00,830107286,23.20,80.50,47.50,166
2026-08-15 23:02,830227286,23.20,80.50,47.50,177
2026-08-15 23:04,830347286,23.20,80.70,47.50,138
2026-08-15 23:06,830467286,23.30,80.70,46.67,136
2026-08-15 23:08,830587286,23.30,80.40,47.50,165
2026-08-15 23:10,830707286,23.30,80.20,47.50,114
2026-08-15 23:12,830827286,23.30,80.30,47.50,172
2026-08-15 23:14,830947286,23.30,80.10,47.50,162
2026-08-15 23:16,831067286,23.20,80.30,47.50,139
2026-08-15 23:18,831187286,23.30,80.20,47.50,138
2026-08-15 23:20,831307286,23.20,80.00,47.50,154
2026-08-15 23:22,831427286,23.10,80.30,47.50,135
2026-08-15 23:24,831547286,23.20,80.10,47.50,142
2026-08-15 23:26,831667286,23.20,80.00,47.50,151
2026-08-15 23:28,831787286,23.10,80.20,47.50,169
2026-08-15 23:30,831907286,23.10,80.30,47.50,155
2026-08-15 23:32,832027286,23.10,80.30,47.50,142
2026-08-15 23:34,832147286,23.10,80.50,46.67,132
2026-08-15 23:36,832267286,23.10,80.60,47.50,109
2026-08-15 23:38,832387286,23.10,80.20,47.50,184
2026-08-15 23:40,832507286,23.10,80.40,47.50,134
2026-08-15 23:42,832627286,23.20,80.50,47.50,154
2026-08-15 23:44,832747286,23.10,80.10,46.67,126
2026-08-15 23:46,832867286,23.10,80.10,46.67,132
2026-08-15 23:48,832987286,23.10,80.40,46.67,136
2026-08-15 23:50,833107286,23.00,80.40,47.50,149
2026-08-15 23:52,833227286,23.00,80.20,46.67,135
2026-08-15 23:54,833347286,23.00,80.10,46.67,140
2026-08-15 23:56,833467286,23.00,80.60,46.67,172
2026-08-15 23:58,833587286,23.00,80.20,47.50,147
2026-08-16 00:00,833707286,23.00,80.60,47.50,135
2026-08-16 00:02,833827286,23.00,80.60,47.50,143
2026-08-16 00:04,833947286,23.00,80.60,47.50,153
2026-08-16 00:06,834067286,23.00,80.70,46.67,163
2026-08-16 00:08,834187286,23.00,80.80,47.50,137
2026-08-16 00:10,834307286,23.00,80.90,46.67,120
2026-08-16 00:12,834427286,22.90,80.60,46.67,121
2026-08-16 00:14,834547286,23.10,81.00,47.50,147
2026-08-16 00:16,834667286,23.00,81.00,0.00,124
2026-08-16 00:18,834787286,23.10,81.20,0.00,151
2026-08-16 00:20,834907286,23.10,81.00,0.00,143
2026-08-16 00:22,835027286,23.10,81.30,0.00,133
2026-08-16 00:24,835147286,23.10,81.30,0.00,151
2026-08-16 00:26,835267286,23.20,81.10,0.00,131
2026-08-16 00:28,835387286,23.20,81.10,0.00,114
2026-08-16 00:30,835507286,23.20,80.70,0.00,194
2026-08-16 00:32,835627286,23.20,80.80,0.00,122
2026-08-16 00:34,835747286,23.20,81.00,0.00,113
2026-08-16 00:36,835867286,23.10,81.00,0.00,133
2026-08-16 00:38,835987286,23.20,80.90,0.00,168
2026-08-16 00:40,836107286,23.20,81.00,0.00,149
2026-08-16 00:42,836227286,23.20,80.80,0.00,118
2026-08-16 00:44,836347286,23.20,80.90,0.00,137
2026-08-16 00:46,836467286,23.30,80.90,0.00,141
2026-08-16 00:48,836587286,23.30,81.30,0.00,138
2026-08-16 00:50,836707286,23.30,81.00,0.00,142
2026-08-16 00:52,836827286,23.30,81.00,0.00,133
2026-08-16 00:54,836947286,23.30,80.90,0.00,153
2026-08-16 00:56,837067286,23.30,81.10,0.00,143
2026-08-16 00:58,837187286,23.30,81.00,0.00,145
2026-08-16 01:00,837307286,23.30,81.00,0.00,169
2026-08-16 01:02,837427286,23.40,81.00,0.00,132
2026-08-16 01:04,837547286,23.40,81.00,0.00,154
2026-08-16 01:06,837667286,23.40,80.80,0.00,133
2026-08-16 01:08,837787286,23.40,80.70,0.00,131
2026-08-16 01:10,837907286,23.50,80.70,0.00,153
2026-08-16 01:12,838027286,23.50,80.50,0.00,151
2026-08-16 01:14,838147286,23.50,80.70,0.00,128
2026-08-16 01:16,838267286,23.50,80.60,0.00,127
2026-08-16 01:18,838387286,23.50,80.60,0.00,141
2026-08-16 01:20,838507286,23.50,80.70,0.00,127
2026-08-16 01:22,838627286,23.50,80.50,0.00,159
2026-08-16 01:24,838747286,23.60,80.70,0.00,194
2026-08-16 01:26,838867286,23.60,80.60,0.00,138
2026-08-16 01:28,838987286,23.60,80.60,0.00,139
2026-08-16 01:30,839107286,23.50,80.60,0.00,155
2026-08-16 01:32,839227286,23.60,80.60,0.00,149
2026-08-16 01:34,839347286,23.60,80.70,0.00,137
2026-08-16 01:36,839467286,23.60,80.60,0.00,141
2026-08-16 01:38,839587286,23.60,80.70,0.00,162
2026-08-16 01:40,839707286,23.60,80.40,0.00,139
2026-08-16 01:42,839827286,23.70,80.70,0.00,155
2026-08-16 01:44,839947286,23.60,80.50,0.00,130
2026-08-16 01:46,840067286,23.70,80.80,0.00,150
2026-08-16 01:48,840187286,23.60,80.70,0.00,142
2026-08-16 01:50,840307286,23.70,80.50,0.00,159
2026-08-16 01:52,840427286,23.70,80.70,0.00,144
2026-08-16 01:54,840547286,23.70,80.60,0.00,138
2026-08-16 01:56,840667286,23.70,80.50,0.00,196
2026-08-16 01:58,840787286,23.80,80.70,0.00,139
2026-08-16 02:00,840907286,23.70,80.60,0.00,173
2026-08-16 02:02,841027286,23.60,80.60,0.00,113
2026-08-16 02:04,841147286,23.60,80.60,0.00,159
2026-08-16 02:06,841267286,23.70,80.70,0.00,172
2026-08-16 02:08,841387286,23.70,80.70,0.00,150
2026-08-16 02:10,841507286,23.70,80.70,0.00,149
2026-08-16 02:12,841627286,23.70,80.70,0.00,124
2026-08-16 02:14,841747286,23.70,80.70,0.00,149
2026-08-16 02:16,841867286,23.70,80.60,0.00,141
2026-08-16 02:18,841987286,23.80,80.60,0.00,143
2026-08-16 02:20,842107286,23.80,80.80,0.00,187
2026-08-16 02:22,842227286,23.70,81.00,0.00,136
2026-08-16 02:24,842347286,23.70,80.80,0.00,154
2026-08-16 02:26,842467286,23.70,80.70,0.00,151
2026-08-16 02:28,842587286,23.60,80.40,0.00,116
2026-08-16 02:30,842707286,23.70,80.80,0.00,140
2026-08-16 02:32,842827286,23.60,81.00,0.00,163
2026-08-16 02:34,842947286,23.60,80.70,0.00,148
2026-08-16 02:36,843067286,23.70,81.00,0.00,153
2026-08-16 02:38,843187286,23.60,80.90,0.00,157
2026-08-16 02:40,843307286,23.60,80.90,0.00,155
2026-08-16 02:42,843427286,23.70,80.90,0.00,146
2026-08-16 02:44,843547286,23.70,80.80,0.00,153
2026-08-16 02:46,843667286,23.70,80.90,0.00,135
2026-08-16 02:48,843787286,23.70,81.00,0.00,137
2026-08-16 02:50,843907286,23.60,80.80,0.00,163
2026-08-16 02:52,844027286,23.70,81.00,0.00,165
2026-08-16 02:54,844147286,23.60,80.90,0.00,186
2026-08-16 02:56,844267286,23.60,81.30,0.00,198
2026-08-16 02:58,844387286,23.50,80.90,0.00,193
2026-08-16 03:00,844507286,23.60,80.80,0.00,127
2026-08-16 03:02,844627286,23.60,81.00,0.00,132
2026-08-16 03:04,844747286,23.60,80.90,0.00,150
2026-08-16 03:06,844867286,23.60,81.00,0.00,162
2026-08-16 03:08,844987286,23.50,80.90,0.00,128
2026-08-16 03:10,845107286,23.50,80.90,0.00,143
2026-08-16 03:12,845227286,23.60,81.20,0.00,144
2026-08-16 03:14,845347286,23.50,80.90,0.00,137
2026-08-16 03:16,845467286,23.60,80.80,0.00,213
2026-08-16 03:18,845587286,23.60,80.90,0.00,176
2026-08-16 03:20,845707286,23.60,81.00,0.00,155
2026-08-16 03:22,845827286,23.50,80.90,0.00,126
2026-08-16 03:24,845947286,23.50,81.10,0.00,152
2026-08-16 03:26,846067286,23.40,80.90,0.00,128
2026-08-16 03:28,846187286,23.40,81.20,0.00,149
2026-08-16 03:30,846307286,23.30,81.20,0.00,140
2026-08-16 03:32,846427286,23.40,81.20,0.00,163
2026-08-16 03:34,846547286,23.40,81.30,51.67,177
2026-08-16 03:36,846667286,23.40,81.30,51.67,125
2026-08-16 03:38,846787286,23.40,81.20,50.00,189
2026-08-16 03:40,846907286,23.50,81.20,50.00,176
2026-08-16 03:42,847027286,23.40,81.30,50.00,141
2026-08-16 03:44,847147286,23.50,81.00,49.17,210
2026-08-16 03:46,847267286,23.50,81.20,49.17,130
2026-08-16 03:48,847387286,23.40,81.40,48.33,151
2026-08-16 03:50,847507286,23.40,81.20,48.33,177
2026-08-16 03:52,847627286,23.40,81.40,47.50,168
2026-08-16 03:54,847747286,23.40,81.30,47.50,133
2026-08-16 03:56,847867286,23.40,81.60,47.50,170
2026-08-16 03:58,847987286,23.40,81.30,48.33,147
2026-08-16 04:00,848107286,23.30,81.40,47.50,146
2026-08-16 04:02,848227286,23.40,81.40,47.50,127
2026-08-16 04:04,848347286,23.30,81.20,47.50,172
2026-08-16 04:06,848467286,23.30,81.30,47.50,120
2026-08-16 04:08,848587286,23.30,81.30,47.50,142
2026-08-16 04:10,848707286,23.40,81.20,48.33,145
2026-08-16 04:12,848827286,23.30,81.20,47.50,146
2026-08-16 04:14,848947286,23.40,81.10,47.50,162
2026-08-16 04:16,849067286,23.30,81.20,47.50,168
2026-08-16 04:18,849187286,23.40,81.10,47.50,138
2026-08-16 04:20,849307286,23.40,81.00,47.50,158
2026-08-16 04:22,849427286,23.30,81.00,47.50,128
2026-08-16 04:24,849547286,23.30,81.00,47.50,139
2026-08-16 04:26,849667286,23.30,81.00,47.50,139
2026-08-16 04:28,849787286,23.30,81.10,47.50,162
2026-08-16 04:30,849907286,23.30,81.10,47.50,132
2026-08-16 04:32,850027286,23.30,81.00,47.50,135
2026-08-16 04:34,850147286,23.20,81.00,47.50,198
2026-08-16 04:36,850267286,23.20,81.20,48.33,163
2026-08-16 04:38,850387286,23.20,81.20,47.50,157
2026-08-16 04:40,850507286,23.10,81.20,47.50,134
2026-08-16 04:42,850627286,23.20,81.50,47.50,124
2026-08-16 04:44,850747286,23.10,81.30,47.50,152
2026-08-16 04:46,850867286,23.10,81.30,47.50,144
2026-08-16 04:48,850987286,23.20,81.30,47.50,135
2026-08-16 04:50,851107286,23.10,81.30,47.50,152
2026-08-16 04:52,851227286,23.10,81.40,47.50,134
2026-08-16 04:54,851347286,23.20,81.50,47.50,131
2026-08-16 04:56,851467286,23.10,81.30,47.50,188
2026-08-16 04:58,851587286,23.10,81.20,47.50,170
2026-08-16 05:00,851707286,23.20,81.30,47.50,160
2026-08-16 05:02,851827286,23.00,81.20,47.50,209
2026-08-16 05:04,851947286,23.10,81.40,47.50,167
2026-08-16 05:06,852067286,23.10,81.30,47.50,132
2026-08-16 05:08,852187286,23.00,81.40,47.50,161
2026-08-16 05:10,852307286,23.00,81.40,47.50,154
2026-08-16 05:12,852427286,23.00,81.30,47.50,216
2026-08-16 05:14,852547286,23.00,81.30,47.50,159
2026-08-16 05:16,852667286,23.00,81.40,47.50,154
2026-08-16 05:18,852787286,23.10,81.40,47.50,161
2026-08-16 05:20,852907286,23.00,81.30,47.50,157
2026-08-16 05:22,853027286,23.10,81.30,47.50,160
2026-08-16 05:24,853147286,23.00,81.10,47.50,142
2026-08-16 05:26,853267286,23.10,81.10,47.50,204
2026-08-16 05:28,853387286,23.00,81.20,47.50,130
2026-08-16 05:30,853507286,23.10,81.10,47.50,166
2026-08-16 05:32,853627286,23.10,81.00,47.50,157
2026-08-16 05:34,853747286,23.10,81.00,47.50,156
2026-08-16 05:36,853867286,23.10,80.80,47.50,144
2026-08-16 05:38,853987286,23.10,80.90,47.50,216
2026-08-16 05:40,854107286,23.00,81.00,47.50,143
2026-08-16 05:42,854227286,23.10,80.80,47.50,162
2026-08-16 05:44,854347286,23.00,80.80,47.50,189
2026-08-16 05:46,854467286,22.90,80.80,47.50,145
2026-08-16 05:48,854587286,23.00,80.80,47.50,146
2026-08-16 05:50,854707286,23.00,80.90,47.50,160
2026-08-16 05:52,854827286,23.00,80.80,47.50,180
2026-08-16 05:54,854947286,23.10,80.90,47.50,153
2026-08-16 05:56,855067286,23.00,81.00,47.50,131
2026-08-16 05:58,855187286,23.00,80.90,47.50,144
2026-08-16 06:00,855307286,23.00,80.80,47.50,143
2026-08-16 06:02,855427286,23.00,80.90,47.50,156
2026-08-16 06:04,855547286,22.90,81.00,47.50,139
2026-08-16 06:06,855667286,22.90,80.90,47.50,129
2026-08-16 06:08,855787286,23.00,81.00,47.50,149
2026-08-16 06:10,855907286,23.00,80.80,47.50,151
2026-08-16 06:12,856027286,23.00,80.50,47.50,156
2026-08-16 06:14,856147286,23.00,80.70,47.50,214
2026-08-16 06:16,856267286,22.90,80.80,47.50,156
2026-08-16 06:18,856387286,23.00,80.80,47.50,157
2026-08-16 06:20,856507286,22.90,80.70,47.50,153
2026-08-16 06:22,856627286,23.00,80.70,47.50,142
2026-08-16 06:24,856747286,23.00,80.80,47.50,157
2026-08-16 06:26,856867286,22.90,80.90,47.50,158
2026-08-16 06:28,856987286,23.00,80.80,47.50,165
2026-08-16 06:30,857107286,23.00,80.60,47.50,134
2026-08-16 06:32,857227286,23.00,80.30,46.67,164
2026-08-16 06:34,857347286,23.00,80.60,47.50,137
2026-08-16 06:36,857467286,22.90,80.30,47.50,148
2026-08-16 06:38,857587286,23.00,80.30,47.50,143
2026-08-16 06:40,857707286,23.00,80.30,47.50,195
2026-08-16 06:42,857827286,22.90,80.20,47.50,146
2026-08-16 06:44,857947286,23.00,80.20,47.50,168
2026-08-16 06:46,858067286,23.00,80.20,47.50,182
2026-08-16 06:48,858187286,23.00,80.00,47.50,158
2026-08-16 06:50,858307286,23.00,80.20,47.50,176
2026-08-16 06:52,858427286,23.00,79.90,47.50,135
2026-08-16 06:54,858547286,23.10,79.90,47.50,194
2026-08-16 06:56,858667286,23.00,79.90,47.50,184
2026-08-16 06:58,858787286,23.00,80.00,48.33,116
2026-08-16 07:00,858907286,23.00,80.00,47.50,170
2026-08-16 07:02,859027286,23.00,80.10,47.50,160
2026-08-16 07:04,859147286,23.10,80.00,48.33,158
2026-08-16 07:06,859267286,23.00,80.00,47.50,143
2026-08-16 07:08,859387286,23.00,80.20,47.50,136
2026-08-16 07:10,859507286,23.00,79.90,48.33,188
2026-08-16 07:12,859627286,23.00,80.00,48.33,157
2026-08-16 07:14,859747286,23.00,79.80,48.33,170
2026-08-16 07:16,859867286,22.90,80.00,48.33,166
2026-08-16 07:18,859987286,22.90,80.10,48.33,135
2026-08-16 07:20,860107286,23.00,80.00,47.50,148
2026-08-16 07:22,860227286,23.10,80.00,48.33,158
2026-08-16 07:24,860347286,23.00,80.00,48.33,162
2026-08-16 07:26,860467286,23.00,79.90,48.33,131
2026-08-16 07:28,860587286,23.00,80.10,48.33,141
2026-08-16 07:30,860707286,23.10,79.90,48.33,128
2026-08-16 07:32,860827286,23.00,80.10,48.33,141
2026-08-16 07:34,860947286,22.90,79.80,48.33,186
2026-08-16 07:36,861067286,23.00,79.90,49.17,162
2026-08-16 07:38,861187286,23.00,79.90,49.17,146
2026-08-16 07:40,861307286,23.00,79.80,49.17,145
2026-08-16 07:42,861427286,23.00,79.80,48.33,166
2026-08-16 07:44,861547286,23.00,80.00,49.17,165
2026-08-16 07:46,861667286,23.00,80.00,49.17,176
2026-08-16 07:48,861787286,23.00,79.80,49.17,173
2026-08-16 07:50,861907286,23.00,79.80,49.17,125
2026-08-16 07:52,862027286,23.00,79.90,49.17,154
2026-08-16 07:54,862147286,23.10,79.90,49.17,167
2026-08-16 07:56,862267286,23.00,79.80,49.17,137
2026-08-16 07:58,862387286,23.10,79.90,50.00,171
2026-08-16 08:00,862507286,23.00,79.90,50.00,140
2026-08-16 08:02,862627286,23.00,79.80,49.17,143
2026-08-16 08:04,862747286,23.00,79.90,1.67,157
2026-08-16 08:06,862867286,22.90,80.00,1.67,134
2026-08-16 08:08,862987286,22.90,80.20,1.67,146
2026-08-16 08:10,863107286,22.90,80.20,1.67,190
2026-08-16 08:12,863227286,22.90,80.20,1.67,141
2026-08-16 08:14,863347286,22.90,80.20,1.67,146
2026-08-16 08:16,863467286,22.90,80.40,1.67,154
2026-08-16 08:18,863587286,22.90,80.30,1.67,152
2026-08-16 08:20,863707286,22.90,80.20,1.67,148
2026-08-16 08:22,863827286,22.90,80.40,2.50,173
2026-08-16 08:24,863947286,23.00,80.40,2.50,136
2026-08-16 08:26,864067286,23.00,80.20,2.50,150
2026-08-16 08:28,864187286,22.90,80.10,3.33,146
2026-08-16 08:30,864307286,23.00,79.90,3.33,191
2026-08-16 08:32,864427286,22.90,80.30,3.33,151
2026-08-16 08:34,864547286,23.00,80.10,4.17,188
2026-08-16 08:36,864667286,22.90,80.20,4.17,140
2026-08-16 08:38,864787286,22.80,80.50,4.17,170
2026-08-16 08:40,864907286,22.80,80.40,5.00,174
2026-08-16 08:42,865027286,22.80,80.50,5.00,161
2026-08-16 08:44,865147286,22.70,80.50,5.83,150
2026-08-16 08:46,865267286,22.80,80.60,6.67,158
2026-08-16 08:48,865387286,22.80,80.60,34.17,172
2026-08-16 08:50,865507286,22.80,80.80,34.17,180
2026-08-16 08:52,865627286,22.80,80.60,35.00,146
2026-08-16 08:54,865747286,22.80,80.80,35.00,178
2026-08-16 08:56,865867286,22.80,80.70,37.50,151
2026-08-16 08:58,865987286,22.80,80.70,39.17,151
2026-08-16 09:00,866107286,22.80,81.10,40.83,160
2026-08-16 09:02,866227286,22.80,80.90,42.50,151
2026-08-16 09:04,866347286,22.90,80.80,45.83,144
2026-08-16 09:06,866467286,22.80,80.80,49.17,181
2026-08-16 09:08,866587286,22.90,80.90,51.67,163
2026-08-16 09:10,866707286,22.90,81.10,53.33,131
2026-08-16 09:12,866827286,22.90,80.70,54.17,158
2026-08-16 09:14,866947286,22.90,81.20,55.83,151
2026-08-16 09:16,867067286,22.90,80.90,56.67,157
2026-08-16 09:18,867187286,22.90,81.00,55.83,136
2026-08-16 09:20,867307286,22.90,81.00,56.67,147
2026-08-16 09:22,867427286,22.90,81.00,57.50,123
2026-08-16 09:24,867547286,23.00,80.90,58.33,152
2026-08-16 09:26,867667286,23.00,80.80,61.67,132
2026-08-16 09:28,867787286,23.10,80.70,66.67,153
2026-08-16 09:30,867907286,23.00,81.00,72.50,158
2026-08-16 09:32,868027286,23.00,81.20,78.33,145
2026-08-16 09:34,868147286,23.10,80.80,88.33,149
2026-08-16 09:36,868267286,23.10,80.90,90.00,143
2026-08-16 09:38,868387286,23.20,81.30,92.50,136
2026-08-16 09:40,868507286,23.20,81.10,94.17,144
2026-08-16 09:42,868627286,23.30,81.40,96.67,151
2026-08-16 09:44,868747286,23.30,81.40,97.50,150
2026-08-16 09:46,868867286,23.40,81.20,105.83,137
2026-08-16 09:48,868987286,23.40,80.60,110.00,130
2026-08-16 09:50,869107286,23.50,80.30,121.67,133
2026-08-16 09:52,869227286,23.60,80.30,120.00,142
2026-08-16 09:54,869347286,23.70,80.70,121.67,153
2026-08-16 09:56,869467286,23.70,80.30,122.50,143
2026-08-16 09:58,869587286,23.80,80.00,175.83,142
2026-08-16 10:00,869707286,23.90,79.60,157.50,160
2026-08-16 10:02,869827286,23.90,79.60,176.67,179
2026-08-16 10:04,869947286,24.10,79.50,200.83,143
2026-08-16 10:06,870067286,24.20,79.30,173.33,152
2026-08-16 10:08,870187286,24.20,79.20,180.83,134
2026-08-16 10:10,870307286,24.40,78.80,191.67,153
2026-08-16 10:12,870427286,24.50,78.70,191.67,176
2026-08-16 10:14,870547286,24.50,78.40,187.50,160
2026-08-16 10:16,870667286,24.70,78.00,176.67,165
2026-08-16 10:18,870787286,24.80,78.10,189.17,135
2026-08-16 10:20,870907286,24.90,78.10,199.17,175
2026-08-16 10:22,871027286,25.10,76.90,215.83,162
2026-08-16 10:24,871147286,25.10,76.90,222.50,139
2026-08-16 10:26,871267286,25.20,76.70,210.00,148
2026-08-16 10:28,871387286,25.30,76.60,220.00,150
2026-08-16 10:30,871507286,25.50,75.80,200.83,161
2026-08-16 10:32,871627286,25.50,75.80,189.17,160
2026-08-16 10:34,871747286,25.60,75.00,230.83,149
2026-08-16 10:36,871867286,25.70,75.60,220.00,174
2026-08-16 10:38,871987286,25.80,76.60,225.83,155
2026-08-16 10:40,872107286,25.80,75.20,263.33,166
2026-08-16 10:42,872227286,26.00,75.10,257.50,142
2026-08-16 10:44,872347286,26.10,74.60,245.00,154
2026-08-16 10:46,872467286,26.20,75.70,213.33,165
2026-08-16 10:48,872587286,26.30,75.10,243.33,138
2026-08-16 10:50,872707286,26.50,74.70,275.83,154
2026-08-16 10:52,872827286,26.60,74.70,262.50,142
2026-08-16 10:54,872947286,26.80,74.20,264.17,156
2026-08-16 10:56,873067286,26.90,73.50,250.00,160
2026-08-16 10:58,873187286,27.00,73.30,246.67,181
2026-08-16 11:00,873307286,27.20,72.30,204.17,160
2026-08-16 11:02,873427286,27.20,72.30,251.67,145
2026-08-16 11:04,873547286,27.40,73.10,273.33,185
2026-08-16 11:06,873667286,27.50,71.20,291.67,164
2026-08-16 11:08,873787286,27.40,71.20,272.50,161
2026-08-16 11:10,873907286,27.50,71.40,258.33,157
2026-08-16 11:12,874027286,27.60,71.20,210.83,161
2026-08-16 11:14,874147286,27.70,69.90,244.17,169
2026-08-16 11:16,874267286,27.80,70.90,266.67,213
2026-08-16 11:18,874387286,27.90,71.50,280.83,143
2026-08-16 11:20,874507286,27.90,72.10,259.17,161
2026-08-16 11:22,874627286,28.10,71.80,265.83,149
2026-08-16 11:24,874747286,28.20,71.40,266.67,188
2026-08-16 11:26,874867286,28.40,70.60,304.17,174
2026-08-16 11:28,874987286,28.50,71.30,290.83,160
2026-08-16 11:30,875107286,28.70,69.60,280.00,182
2026-08-16 11:32,875227286,28.70,67.60,291.67,143
2026-08-16 11:34,875347286,28.80,68.00,271.67,188
2026-08-16 11:36,875467286,28.90,68.10,299.17,177
2026-08-16 11:38,875587286,29.00,67.90,287.50,174
2026-08-16 11:40,875707286,29.00,68.40,274.17,158
2026-08-16 11:42,875827286,29.10,68.90,306.67,176
2026-08-16 11:44,875947286,29.30,66.80,276.67,158
2026-08-16 11:46,876067286,29.20,67.20,286.67,173
2026-08-16 11:48,876187286,29.40,67.90,303.33,166
2026-08-16 11:50,876307286,29.50,66.90,275.83,144
2026-08-16 11:52,876427286,29.50,66.80,275.00,165
2026-08-16 11:54,876547286,29.60,67.00,277.50,162
2026-08-16 11:56,876667286,29.90,65.00,284.17,167
2026-08-16 11:58,876787286,29.80,65.80,284.17,175
2026-08-16 12:00,876907286,30.00,66.40,320.00,170
2026-08-16 12:02,877027286,30.30,65.10,285.00,152
2026-08-16 12:04,877147286,30.30,64.80,310.00,170
2026-08-16 12:06,877267286,30.40,64.10,330.83,181
2026-08-16 12:08,877387286,30.50,64.00,308.33,153
2026-08-16 12:10,877507286,30.60,63.80,290.00,202
2026-08-16 12:12,877627286,30.60,63.70,307.50,147
2026-08-16 12:14,877747286,30.70,63.20,325.00,179
2026-08-16 12:16,877867286,30.90,63.90,315.83,154
2026-08-16 12:18,877987286,31.00,64.30,302.50,146
2026-08-16 12:20,878107286,31.10,64.40,326.67,169
2026-08-16 12:22,878227286,31.20,63.90,315.00,155
2026-08-16 12:24,878347286,31.30,63.80,321.67,155
2026-08-16 12:26,878467286,31.40,63.50,331.67,158
2026-08-16 12:28,878587286,31.40,63.00,334.17,152
2026-08-16 12:30,878707286,31.50,61.30,340.00,163
2026-08-16 12:32,878827286,31.60,61.90,305.83,165
2026-08-16 12:34,878947286,31.60,60.40,306.67,186
2026-08-16 12:36,879067286,31.70,61.50,315.00,173
2026-08-16 12:38,879187286,31.70,61.50,324.17,166
2026-08-16 12:40,879307286,31.90,60.00,317.50,167
2026-08-16 12:42,879427286,31.80,61.40,326.67,154
2026-08-16 12:44,879547286,32.00,60.10,327.50,174
2026-08-16 12:46,879667286,32.00,61.50,294.17,153
2026-08-16 12:48,879787286,32.10,61.70,325.00,230
2026-08-16 12:50,879907286,32.20,61.40,338.33,163
2026-08-16 12:52,880027286,32.30,61.20,330.83,194
2026-08-16 12:54,880147286,32.40,60.60,325.00,188
2026-08-16 12:56,880267286,32.30,60.40,346.67,159
2026-08-16 12:58,880387286,32.40,59.60,345.83,180
2026-08-16 13:00,880507286,32.50,60.00,338.33,157
2026-08-16 13:02,880627286,32.60,59.30,323.33,153
2026-08-16 13:04,880747286,32.60,59.00,340.83,186
2026-08-16 13:06,880867286,32.80,59.30,333.33,144
2026-08-16 13:08,880987286,32.80,59.40,337.50,211
2026-08-16 13:10,881107286,33.00,59.70,325.83,190
2026-08-16 13:12,881227286,32.90,59.30,337.50,162
2026-08-16 13:14,881347286,33.00,58.30,335.83,181
2026-08-16 13:16,881467286,33.20,58.40,328.33,175
2026-08-16 13:18,881587286,33.20,58.60,287.50,177
2026-08-16 13:20,881707286,33.40,59.20,323.33,176
2026-08-16 13:22,881827286,33.40,58.30,332.50,150
2026-08-16 13:24,881947286,33.50,58.90,334.17,158
2026-08-16 13:26,882067286,33.60,58.50,330.83,156
2026-08-16 13:28,882187286,33.70,58.30,323.33,166
2026-08-16 13:30,882307286,33.70,56.40,326.67,168
2026-08-16 13:32,882427286,33.80,56.80,320.00,157
2026-08-16 13:34,882547286,33.90,56.80,325.83,172
2026-08-16 13:36,882667286,33.90,55.40,325.00,180
2026-08-16 13:38,882787286,33.90,56.00,330.83,156
2026-08-16 13:40,882907286,34.00,54.60,319.17,175
2026-08-16 13:42,883027286,33.90,53.40,311.67,169
2026-08-16 13:44,883147286,34.00,54.00,318.33,176
2026-08-16 13:46,883267286,33.90,53.50,310.00,195
2026-08-16 13:48,883387286,34.00,54.40,320.00,167
2026-08-16 13:50,883507286,34.00,53.80,323.33,167
2026-08-16 13:52,883627286,34.20,53.80,320.00,146
2026-08-16 13:54,883747286,34.20,52.70,314.17,177
2026-08-16 13:56,883867286,34.30,53.70,315.83,180
2026-08-16 13:58,883987286,34.30,53.50,320.00,164
2026-08-16 14:00,884107286,34.30,52.80,315.83,184
2026-08-16 14:02,884227286,34.40,53.50,320.00,167
2026-08-16 14:04,884347286,34.40,53.80,320.00,194
2026-08-16 14:06,884467286,34.40,53.00,320.00,208
2026-08-16 14:08,884587286,34.50,52.90,327.50,168
2026-08-16 14:10,884707286,34.50,53.30,320.00,186
2026-08-16 14:12,884827286,34.50,52.90,292.50,157
2026-08-16 14:14,884947286,34.50,52.10,304.17,167
2026-08-16 14:16,885067286,34.50,53.40,312.50,164
2026-08-16 14:18,885187286,34.40,51.60,289.17,168
2026-08-16 14:20,885307286,34.60,52.90,301.67,185
2026-08-16 14:22,885427286,34.50,52.30,294.17,213
2026-08-16 14:24,885547286,34.50,53.00,325.00,183
2026-08-16 14:26,885667286,34.60,53.50,294.17,180
2026-08-16 14:28,885787286,34.60,51.80,250.83,158
2026-08-16 14:30,885907286,34.60,52.50,296.67,176
2026-08-16 14:32,886027286,34.50,52.80,302.50,171
2026-08-16 14:34,886147286,34.60,52.00,286.67,168
2026-08-16 14:36,886267286,34.60,52.30,310.00,262
2026-08-16 14:38,886387286,34.70,50.40,295.00,181
2026-08-16 14:40,886507286,34.60,49.60,270.00,176
2026-08-16 14:42,886627286,34.60,50.90,270.00,181
2026-08-16 14:44,886747286,34.40,50.40,282.50,160
2026-08-16 14:46,886867286,34.50,50.80,277.50,169
2026-08-16 14:48,886987286,34.40,51.40,268.33,174
2026-08-16 14:50,887107286,34.40,50.40,254.17,176
2026-08-16 14:52,887227286,34.30,50.60,308.33,171
2026-08-16 14:54,887347286,34.40,51.80,302.50,174
2026-08-16 14:56,887467286,34.40,52.10,300.00,162
2026-08-16 14:58,887587286,34.40,52.60,297.50,194
2026-08-16 15:00,887707286,34.50,51.90,290.83,169
2026-08-16 15:02,887827286,34.50,52.00,282.50,213
2026-08-16 15:04,887947286,34.50,52.00,284.17,156
2026-08-16 15:06,888067286,34.50,52.30,286.67,170
2026-08-16 15:08,888187286,34.50,51.60,249.17,168
2026-08-16 15:10,888307286,34.50,52.10,272.50,209
2026-08-16 15:12,888427286,34.60,52.90,249.17,177
2026-08-16 15:14,888547286,34.50,52.80,252.50,159
2026-08-16 15:16,888667286,34.40,52.70,301.67,144
2026-08-16 15:18,888787286,34.40,52.50,261.67,149
2026-08-16 15:20,888907286,34.40,51.70,244.17,174
2026-08-16 15:22,889027286,34.40,52.00,272.50,209
2026-08-16 15:24,889147286,34.50,52.30,245.83,188
2026-08-16 15:26,889267286,34.40,51.90,190.83,175
2026-08-16 15:28,889387286,34.40,51.60,200.00,187
2026-08-16 15:30,889507286,34.20,51.40,215.00,172
2026-08-16 15:32,889627286,34.20,50.30,297.50,175
2026-08-16 15:34,889747286,33.90,51.40,265.00,231
2026-08-16 15:36,889867286,34.00,52.60,295.00,177
2026-08-16 15:38,889987286,34.00,51.10,201.67,192
2026-08-16 15:40,890107286,34.00,52.70,175.00,200
2026-08-16 15:42,890227286,33.90,52.70,240.83,174
2026-08-16 15:44,890347286,33.80,53.30,282.50,148
2026-08-16 15:46,890467286,33.80,52.30,267.50,145
2026-08-16 15:48,890587286,33.80,52.70,185.83,161
2026-08-16 15:50,890707286,33.70,52.70,221.67,162
2026-08-16 15:52,890827286,33.70,51.60,217.50,172
2026-08-16 15:54,890947286,33.70,53.50,225.83,155
2026-08-16 15:56,891067286,33.70,54.20,224.17,154
2026-08-16 15:58,891187286,33.70,53.50,239.17,211
2026-08-16 16:00,891307286,33.70,53.20,177.50,163
2026-08-16 16:02,891427286,33.60,53.40,252.50,166
2026-08-16 16:04,891547286,33.60,53.90,218.33,160
2026-08-16 16:06,891667286,33.60,52.50,214.17,172
2026-08-16 16:08,891787286,33.50,52.20,246.67,164
2026-08-16 16:10,891907286,33.40,53.20,185.83,143
2026-08-16 16:12,892027286,33.50,54.10,226.67,148
2026-08-16 16:14,892147286,33.40,53.60,195.00,177
2026-08-16 16:16,892267286,33.40,54.70,171.67,211
2026-08-16 16:18,892387286,33.30,54.40,193.33,173
2026-08-16 16:20,892507286,33.30,54.60,196.67,156
2026-08-16 16:22,892627286,33.20,55.40,139.17,166
2026-08-16 16:24,892747286,33.20,54.80,167.50,163
2026-08-16 16:26,892867286,33.20,54.40,165.00,205
2026-08-16 16:28,892987286,33.10,54.60,141.67,191
2026-08-16 16:30,893107286,33.00,55.60,160.83,158
2026-08-16 16:32,893227286,33.00,56.00,170.00,210
2026-08-16 16:34,893347286,32.90,57.00,142.50,189
2026-08-16 16:36,893467286,33.00,58.10,180.83,181
2026-08-16 16:38,893587286,32.90,57.90,156.67,157
2026-08-16 16:40,893707286,32.90,58.30,199.17,140
2026-08-16 16:42,893827286,32.80,58.10,171.67,143
2026-08-16 16:44,893947286,32.80,58.00,185.00,171
2026-08-16 16:46,894067286,32.70,55.90,130.83,217
2026-08-16 16:48,894187286,32.70,57.20,172.50,133
2026-08-16 16:50,894307286,32.60,57.50,161.67,144
2026-08-16 16:52,894427286,32.60,58.30,163.33,190
2026-08-16 16:54,894547286,32.60,59.00,176.67,140
2026-08-16 16:56,894667286,32.50,59.00,139.17,156
2026-08-16 16:58,894787286,32.50,59.50,120.83,183
2026-08-16 17:00,894907286,32.50,59.40,112.50,147
2026-08-16 17:02,895027286,32.40,59.50,110.83,148
2026-08-16 17:04,895147286,32.40,59.80,107.50,264
2026-08-16 17:06,895267286,32.30,59.20,105.83,134
2026-08-16 17:08,895387286,32.30,59.50,104.17,152
2026-08-16 17:10,895507286,32.20,59.30,103.33,172
2026-08-16 17:12,895627286,32.20,60.10,104.17,146
2026-08-16 17:14,895747286,32.10,60.70,94.17,153
2026-08-16 17:16,895867286,32.10,60.10,79.17,161
2026-08-16 17:18,895987286,31.90,60.00,78.33,136
2026-08-16 17:20,896107286,31.80,59.60,79.17,145
2026-08-16 17:22,896227286,31.70,60.60,68.33,146
2026-08-16 17:24,896347286,31.70,59.90,64.17,215
2026-08-16 17:26,896467286,31.50,59.70,63.33,155
2026-08-16 17:28,896587286,31.60,59.60,63.33,163
2026-08-16 17:30,896707286,31.50,59.80,59.17,174
2026-08-16 17:32,896827286,31.40,60.40,55.00,152
2026-08-16 17:34,896947286,31.30,60.10,53.33,127
2026-08-16 17:36,897067286,31.20,60.30,52.50,131
2026-08-16 17:38,897187286,31.10,60.60,50.00,140
2026-08-16 17:40,897307286,31.00,61.00,47.50,159
2026-08-16 17:42,897427286,31.00,60.80,45.00,155
2026-08-16 17:44,897547286,30.80,61.40,43.33,144
2026-08-16 17:46,897667286,30.70,61.10,42.50,151
2026-08-16 17:48,897787286,30.50,62.00,40.83,202
2026-08-16 17:50,897907286,30.50,61.80,38.33,191
2026-08-16 17:52,898027286,30.20,62.10,36.67,158
2026-08-16 17:54,898147286,30.20,62.20,35.83,138
2026-08-16 17:56,898267286,30.10,62.50,34.17,124
2026-08-16 17:58,898387286,30.00,62.90,33.33,154
2026-08-16 18:00,898507286,29.90,62.50,31.67,133
2026-08-16 18:02,898627286,29.70,63.20,30.83,156
2026-08-16 18:04,898747286,29.60,62.90,30.00,142
2026-08-16 18:06,898867286,29.60,63.50,29.17,169
2026-08-16 18:08,898987286,29.40,63.60,27.50,146
2026-08-16 18:10,899107286,29.40,64.00,26.67,149
2026-08-16 18:12,899227286,29.20,63.30,25.83,138
2026-08-16 18:14,899347286,29.20,63.30,25.83,131
2026-08-16 18:16,899467286,29.10,63.60,25.00,169
2026-08-16 18:18,899587286,29.00,63.70,24.17,122
2026-08-16 18:20,899707286,28.90,63.50,24.17,167
2026-08-16 18:22,899827286,28.80,63.70,24.17,169
2026-08-16 18:24,899947286,28.70,64.30,24.17,128
2026-08-16 18:26,900067286,28.70,64.10,24.17,143
2026-08-16 18:28,900187286,28.60,63.60,24.17,150
2026-08-16 18:30,900307286,28.60,64.50,23.33,150
2026-08-16 18:32,900427286,28.60,64.50,74.17,139
2026-08-16 18:34,900547286,28.50,64.90,73.33,118
2026-08-16 18:36,900667286,28.50,64.80,73.33,133
2026-08-16 18:38,900787286,28.40,65.10,73.33,195
2026-08-16 18:40,900907286,28.40,65.00,71.67,131
2026-08-16 18:42,901027286,28.40,65.00,71.67,128
2026-08-16 18:44,901147286,28.30,64.90,70.83,147
2026-08-16 18:46,901267286,28.30,65.20,71.67,126
2026-08-16 18:48,901387286,28.20,65.10,70.83,137
2026-08-16 18:50,901507286,28.20,65.70,70.83,160
2026-08-16 18:52,901627286,28.10,65.30,70.83,127
2026-08-16 18:54,901747286,28.10,65.10,71.67,116
2026-08-16 18:56,901867286,28.00,66.60,71.67,136
2026-08-16 18:58,901987286,28.00,66.00,70.83,199
2026-08-16 19:00,902107286,28.00,66.10,70.83,138
2026-08-16 19:02,902227286,27.80,66.40,70.83,125
2026-08-16 19:04,902347286,27.80,66.30,70.83,134
2026-08-16 19:06,902467286,27.70,66.50,70.83,105
2026-08-16 19:08,902587286,27.70,66.40,70.00,148
2026-08-16 19:10,902707286,27.70,66.40,70.00,130
2026-08-16 19:12,902827286,27.60,66.50,70.83,132
2026-08-16 19:14,902947286,27.50,67.10,70.83,137
2026-08-16 19:16,903067286,27.40,66.90,70.00,129
2026-08-16 19:18,903187286,27.50,66.70,70.83,172
2026-08-16 19:20,903307286,27.30,67.30,70.83,144
2026-08-16 19:22,903427286,27.40,67.40,70.83,170
2026-08-16 19:24,903547286,27.30,67.70,70.83,139
2026-08-16 19:26,903667286,27.30,67.00,70.83,132
2026-08-16 19:28,903787286,27.20,67.80,70.83,108
2026-08-16 19:30,903907286,27.10,67.30,70.83,194
2026-08-16 19:32,904027286,27.20,67.30,70.83,130
2026-08-16 19:34,904147286,27.10,67.00,70.83,131
2026-08-16 19:36,904267286,27.10,67.40,70.00,133
2026-08-16 19:38,904387286,27.10,67.40,70.00,129
2026-08-16 19:40,904507286,27.00,67.70,70.83,116
2026-08-16 19:42,904627286,27.10,67.50,70.83,130
2026-08-16 19:44,904747286,26.90,67.20,70.00,120
2026-08-16 19:46,904867286,26.90,67.80,70.00,171
2026-08-16 19:48,904987286,26.90,67.80,70.83,131
2026-08-16 19:50,905107286,26.90,67.50,70.83,120
2026-08-16 19:52,905227286,26.90,67.70,70.83,121
2026-08-16 19:54,905347286,26.80,67.50,70.83,156
2026-08-16 19:56,905467286,26.80,67.60,70.83,138
2026-08-16 19:58,905587286,26.80,67.60,70.83,173
2026-08-16 20:00,905707286,26.70,67.80,70.83,143
2026-08-16 20:02,905827286,26.60,67.80,70.83,126
2026-08-16 20:04,905947286,26.60,67.60,70.83,185
2026-08-16 20:06,906067286,26.60,67.80,70.83,110
2026-08-16 20:08,906187286,26.60,67.40,70.83,149
2026-08-16 20:10,906307286,26.50,67.50,70.00,116
2026-08-16 20:12,906427286,26.50,67.80,70.83,134
2026-08-16 20:14,906547286,26.50,67.40,70.00,159
2026-08-16 20:16,906667286,26.50,67.50,70.83,134
2026-08-16 20:18,906787286,26.40,67.40,70.00,134
2026-08-16 20:20,906907286,26.30,67.40,70.00,132
2026-08-16 20:22,907027286,26.30,67.90,70.83,116
2026-08-16 20:24,907147286,26.20,68.20,70.00,159
2026-08-16 20:26,907267286,26.30,67.70,70.83,119
2026-08-16 20:28,907387286,26.20,68.00,70.83,145
2026-08-16 20:30,907507286,26.10,68.20,70.83,125
2026-08-16 20:32,907627286,26.10,67.90,70.00,143
2026-08-16 20:34,907747286,26.00,68.00,70.83,139
2026-08-16 20:36,907867286,26.10,68.40,70.00,190
2026-08-16 20:38,907987286,26.00,68.40,70.83,138
2026-08-16 20:40,908107286,26.00,68.10,70.83,149
2026-08-16 20:42,908227286,26.00,68.20,70.83,183
2026-08-16 20:44,908347286,26.00,68.20,71.67,138
2026-08-16 20:46,908467286,25.90,68.60,70.00,134
2026-08-16 20:48,908587286,25.90,68.00,70.83,139
2026-08-16 20:50,908707286,25.90,67.90,70.83,113
2026-08-16 20:52,908827286,25.80,67.50,70.83,135
2026-08-16 20:54,908947286,25.90,68.50,70.00,143
2026-08-16 20:56,909067286,25.80,68.40,70.83,109
2026-08-16 20:58,909187286,25.80,68.30,70.83,125
2026-08-16 21:00,909307286,25.70,68.10,70.83,134
2026-08-16 21:02,909427286,25.60,68.50,70.83,137
2026-08-16 21:04,909547286,25.60,69.00,70.83,147
2026-08-16 21:06,909667286,25.60,69.20,70.00,122
2026-08-16 21:08,909787286,25.50,69.00,70.83,165
2026-08-16 21:10,909907286,25.50,68.90,71.67,134
2026-08-16 21:12,910027286,25.50,68.70,70.83,148
2026-08-16 21:14,910147286,25.50,68.70,70.83,140
2026-08-16 21:16,910267286,25.50,69.00,70.83,126
2026-08-16 21:18,910387286,25.50,69.40,70.83,128
2026-08-16 21:20,910507286,25.40,69.10,70.83,114
2026-08-16 21:22,910627286,25.40,69.40,71.67,131
2026-08-16 21:24,910747286,25.30,69.10,70.83,151
2026-08-16 21:26,910867286,25.40,69.00,70.83,136
2026-08-16 21:28,910987286,25.30,69.30,71.67,133
2026-08-16 21:30,911107286,25.30,69.60,70.83,154
2026-08-16 21:32,911227286,25.20,69.10,71.67,139
2026-08-16 21:34,911347286,25.20,69.70,70.83,135
2026-08-16 21:36,911467286,25.20,69.00,70.83,116
2026-08-16 21:38,911587286,25.10,69.80,70.83,164
2026-08-16 21:40,911707286,25.20,69.50,71.67,141
2026-08-16 21:42,911827286,25.20,69.40,70.83,166
2026-08-16 21:44,911947286,25.20,69.30,70.83,110
2026-08-16 21:46,912067286,25.20,69.50,70.83,116
2026-08-16 21:48,912187286,25.20,69.60,71.67,105
2026-08-16 21:50,912307286,25.20,70.00,70.83,135
2026-08-16 21:52,912427286,25.20,69.40,70.83,124
2026-08-16 21:54,912547286,25.20,69.40,70.83,115
2026-08-16 21:56,912667286,25.20,69.20,70.83,144
2026-08-16 21:58,912787286,25.00,69.90,70.83,150
2026-08-16 22:00,912907286,25.10,69.60,70.83,128
2026-08-16 22:02,913027286,25.00,69.80,71.67,138
2026-08-16 22:04,913147286,25.00,69.40,70.83,164
2026-08-16 22:06,913267286,25.00,69.80,70.83,107
2026-08-16 22:08,913387286,25.00,70.10,70.83,121
2026-08-16 22:10,913507286,25.00,70.30,71.67,109
2026-08-16 22:12,913627286,25.00,69.70,70.83,115
2026-08-16 22:14,913747286,25.00,69.50,70.83,114
2026-08-16 22:16,913867286,24.90,70.00,70.83,117
2026-08-16 22:18,913987286,25.00,69.70,71.67,128
2026-08-16 22:20,914107286,24.90,70.00,70.83,114
2026-08-16 22:22,914227286,24.90,69.80,71.67,128
2026-08-16 22:24,914347286,24.90,70.00,71.67,129
2026-08-16 22:26,914467286,24.90,69.80,70.83,133
2026-08-16 22:28,914587286,24.90,69.80,71.67,150
2026-08-16 22:30,914707286,24.90,69.90,71.67,118
2026-08-16 22:32,914827286,24.90,70.20,71.67,125
2026-08-16 22:34,914947286,24.90,70.00,70.83,97
2026-08-16 22:36,915067286,24.80,70.30,71.67,107
2026-08-16 22:38,915187286,24.80,70.40,70.83,150
2026-08-16 22:40,915307286,24.80,70.40,70.83,126
2026-08-16 22:42,915427286,24.80,70.30,70.83,110
2026-08-16 22:44,915547286,24.90,70.30,71.67,141
2026-08-16 22:46,915667286,24.90,70.60,71.67,120
2026-08-16 22:48,915787286,24.90,70.20,70.83,140
2026-08-16 22:50,915907286,24.80,70.00,70.83,125
2026-08-16 22:52,916027286,24.90,70.80,70.83,139
2026-08-16 22:54,916147286,24.80,70.20,70.83,127
2026-08-16 22:56,916267286,24.70,70.20,70.83,138
2026-08-16 22:58,916387286,24.80,70.30,70.83,137
2026-08-16 23:00,916507286,24.80,70.40,70.83,138
2026-08-16 23:02,916627286,24.80,70.40,71.67,137
2026-08-16 23:04,916747286,24.80,70.30,71.67,107
2026-08-16 23:06,916867286,24.90,70.40,70.83,187
2026-08-16 23:08,916987286,24.80,70.60,70.83,129
2026-08-16 23:10,917107286,24.80,70.60,71.67,137
2026-08-16 23:12,917227286,24.80,70.70,70.83,133
2026-08-16 23:14,917347286,24.70,70.80,70.83,89
2026-08-16 23:16,917467286,24.70,70.80,71.67,112
2026-08-16 23:18,917587286,24.70,70.70,71.67,128
2026-08-16 23:20,917707286,24.60,71.30,70.83,140
2026-08-16 23:22,917827286,24.70,70.90,71.67,113
2026-08-16 23:24,917947286,24.70,71.00,70.83,185
2026-08-16 23:26,918067286,24.60,70.80,70.83,118
2026-08-16 23:28,918187286,24.70,71.40,70.83,137
2026-08-16 23:30,918307286,24.60,71.10,70.83,147
2026-08-16 23:32,918427286,24.50,71.40,71.67,142
2026-08-16 23:34,918547286,24.50,71.50,70.83,122
2026-08-16 23:36,918667286,24.50,71.30,70.83,147
2026-08-16 23:38,918787286,24.50,71.50,70.83,134
2026-08-16 23:40,918907286,24.50,71.70,71.67,162
2026-08-16 23:42,919027286,24.50,71.80,70.83,134
2026-08-16 23:44,919147286,24.50,71.70,71.67,136
2026-08-16 23:46,919267286,24.30,72.10,71.67,131
2026-08-16 23:48,919387286,24.40,71.90,71.67,158
2026-08-16 23:50,919507286,24.30,71.90,70.83,127
2026-08-16 23:52,919627286,24.40,72.10,70.83,118
2026-08-16 23:54,919747286,24.30,72.40,71.67,144
2026-08-16 23:56,919867286,24.40,71.60,71.67,124
2026-08-16 23:58,919987286,24.30,71.90,70.83,130
2026-08-17 00:00,920107286,24.40,71.90,71.67,147
2026-08-17 00:02,920227286,24.40,72.00,70.83,142
2026-08-17 00:04,920347286,24.30,71.90,70.83,128
2026-08-17 00:06,920467286,24.30,71.90,70.83,139
2026-08-17 00:08,920587286,24.40,72.00,71.67,116
2026-08-17 00:10,920707286,24.30,72.00,70.83,147
2026-08-17 00:12,920827286,24.30,72.00,70.83,186
2026-08-17 00:14,920947286,24.30,72.00,70.83,142
2026-08-17 00:16,921067286,24.30,72.10,24.17,136
2026-08-17 00:18,921187286,24.40,72.20,24.17,123
2026-08-17 00:20,921307286,24.30,72.10,24.17,130
2026-08-17 00:22,921427286,24.30,72.00,24.17,190
2026-08-17 00:24,921547286,24.30,72.10,24.17,124
2026-08-17 00:26,921667286,24.30,72.20,24.17,123
2026-08-17 00:28,921787286,24.30,72.10,24.17,139
2026-08-17 00:30,921907286,24.30,72.30,24.17,122
2026-08-17 00:32,922027286,24.30,72.30,24.17,123
2026-08-17 00:34,922147286,24.30,72.50,24.17,124
2026-08-17 00:36,922267286,24.30,72.40,24.17,147
2026-08-17 00:38,922387286,24.30,72.50,24.17,127
2026-08-17 00:40,922507286,24.40,72.40,24.17,141
2026-08-17 00:42,922627286,24.40,72.60,24.17,119
2026-08-17 00:44,922747286,24.30,72.50,24.17,124
2026-08-17 00:46,922867286,24.20,72.70,24.17,156
2026-08-17 00:48,922987286,24.30,72.40,24.17,133
2026-08-17 00:50,923107286,24.20,72.70,24.17,169
2026-08-17 00:52,923227286,24.30,72.70,24.17,137
2026-08-17 00:54,923347286,24.30,72.60,24.17,121
2026-08-17 00:56,923467286,24.30,72.60,24.17,110
2026-08-17 00:58,923587286,24.20,72.70,24.17,130
2026-08-17 01:00,923707286,24.20,72.80,24.17,113
2026-08-17 01:02,923827286,24.20,73.30,24.17,147
2026-08-17 01:04,923947286,24.30,73.00,24.17,159
2026-08-17 01:06,924067286,24.30,73.00,24.17,132
2026-08-17 01:08,924187286,24.20,72.80,24.17,124
2026-08-17 01:10,924307286,24.20,72.80,24.17,119
2026-08-17 01:12,924427286,24.20,72.90,24.17,120
2026-08-17 01:14,924547286,24.20,72.60,24.17,128
2026-08-17 01:16,924667286,24.20,72.70,24.17,123
2026-08-17 01:18,924787286,24.20,72.80,24.17,130
2026-08-17 01:20,924907286,24.20,73.20,24.17,148
2026-08-17 01:22,925027286,24.10,73.10,24.17,207
2026-08-17 01:24,925147286,24.10,73.20,24.17,107
2026-08-17 01:26,925267286,24.10,72.90,24.17,175
2026-08-17 01:28,925387286,24.10,73.00,24.17,135
2026-08-17 01:30,925507286,24.10,73.20,24.17,148
2026-08-17 01:32,925627286,24.10,73.20,24.17,144
2026-08-17 01:34,925747286,24.10,73.30,24.17,129
2026-08-17 01:36,925867286,24.00,72.90,24.17,133
2026-08-17 01:38,925987286,24.00,73.20,24.17,212
2026-08-17 01:40,926107286,24.00,73.20,24.17,142
2026-08-17 01:42,926227286,24.10,73.20,24.17,119
2026-08-17 01:44,926347286,24.00,73.10,24.17,134
2026-08-17 01:46,926467286,23.90,73.50,24.17,142
2026-08-17 01:48,926587286,24.00,73.20,24.17,133
2026-08-17 01:50,926707286,24.00,73.70,24.17,101
2026-08-17 01:52,926827286,24.00,73.50,24.17,112
2026-08-17 01:54,926947286,23.90,73.60,24.17,161
2026-08-17 01:56,927067286,24.00,73.50,24.17,145
2026-08-17 01:58,927187286,23.90,74.00,24.17,123
2026-08-17 02:00,927307286,24.00,73.50,24.17,160
2026-08-17 02:02,927427286,24.00,73.50,24.17,145
2026-08-17 02:04,927547286,23.90,73.80,24.17,136
2026-08-17 02:06,927667286,23.90,73.90,24.17,134
2026-08-17 02:08,927787286,24.00,73.50,24.17,235
2026-08-17 02:10,927907286,23.90,73.70,24.17,152
2026-08-17 02:12,928027286,23.80,74.00,24.17,128
2026-08-17 02:14,928147286,23.90,73.90,24.17,141
2026-08-17 02:16,928267286,23.80,73.70,24.17,179
2026-08-17 02:18,928387286,23.80,73.90,24.17,148
2026-08-17 02:20,928507286,23.90,73.70,24.17,145
2026-08-17 02:22,928627286,23.80,73.90,24.17,144
2026-08-17 02:24,928747286,23.80,73.90,24.17,154
2026-08-17 02:26,928867286,23.90,73.90,24.17,152
2026-08-17 02:28,928987286,23.90,73.80,24.17,157
2026-08-17 02:30,929107286,23.80,73.80,24.17,141
2026-08-17 02:32,929227286,23.80,73.90,24.17,182
2026-08-17 02:34,929347286,23.80,73.90,24.17,132
2026-08-17 02:36,929467286,23.70,74.00,24.17,140
2026-08-17 02:38,929587286,23.80,74.10,24.17,128
2026-08-17 02:40,929707286,23.90,73.90,24.17,139
2026-08-17 02:42,929827286,23.80,73.90,24.17,132
2026-08-17 02:44,929947286,23.80,74.00,24.17,132
2026-08-17 02:46,930067286,23.90,73.60,24.17,132
2026-08-17 02:48,930187286,23.90,73.70,24.17,187
2026-08-17 02:50,930307286,23.80,73.80,24.17,145
2026-08-17 02:52,930427286,23.90,73.70,24.17,137
2026-08-17 02:54,930547286,23.80,73.40,24.17,153
2026-08-17 02:56,930667286,23.90,73.60,24.17,150
2026-08-17 02:58,930787286,23.80,73.90,24.17,132
2026-08-17 03:00,930907286,23.80,73.60,24.17,152
2026-08-17 03:02,931027286,23.80,73.70,24.17,120
2026-08-17 03:04,931147286,23.80,73.50,24.17,122
2026-08-17 03:06,931267286,23.80,73.60,24.17,129
2026-08-17 03:08,931387286,23.70,73.80,24.17,95
2026-08-17 03:10,931507286,23.80,73.70,24.17,160
2026-08-17 03:12,931627286,23.80,73.80,24.17,131
2026-08-17 03:14,931747286,23.80,73.80,24.17,146
2026-08-17 03:16,931867286,23.80,73.80,24.17,140
2026-08-17 03:18,931987286,23.70,73.60,24.17,132
2026-08-17 03:20,932107286,23.80,73.60,24.17,169
2026-08-17 03:22,932227286,23.70,73.60,24.17,117
2026-08-17 03:24,932347286,23.70,73.70,24.17,135
2026-08-17 03:26,932467286,23.70,73.60,24.17,132
2026-08-17 03:28,932587286,23.70,73.80,24.17,152
2026-08-17 03:30,932707286,23.70,73.70,24.17,161
2026-08-17 03:32,932827286,23.70,74.10,24.17,160
2026-08-17 03:34,932947286,23.80,73.40,75.83,125
2026-08-17 03:36,933067286,23.80,73.90,75.00,108
2026-08-17 03:38,933187286,23.80,73.70,73.33,141
2026-08-17 03:40,933307286,23.80,73.60,73.33,136
2026-08-17 03:42,933427286,23.70,73.70,73.33,128
2026-08-17 03:44,933547286,23.70,73.60,73.33,139
2026-08-17 03:46,933667286,23.70,73.40,72.50,135
2026-08-17 03:48,933787286,23.70,73.70,72.50,164
2026-08-17 03:50,933907286,23.70,73.80,72.50,144
2026-08-17 03:52,934027286,23.80,73.60,71.67,142
2026-08-17 03:54,934147286,23.80,73.40,71.67,142
2026-08-17 03:56,934267286,23.60,73.60,71.67,145
2026-08-17 03:58,934387286,23.70,73.40,71.67,136
2026-08-17 04:00,934507286,23.70,73.50,71.67,141
2026-08-17 04:02,934627286,23.70,73.50,70.83,149
2026-08-17 04:04,934747286,23.60,73.20,71.67,123
2026-08-17 04:06,934867286,23.70,73.40,71.67,166
2026-08-17 04:08,934987286,23.70,73.80,71.67,125
2026-08-17 04:10,935107286,23.70,73.90,71.67,131
2026-08-17 04:12,935227286,23.50,73.10,70.83,134
2026-08-17 04:14,935347286,23.60,73.20,70.83,183
2026-08-17 04:16,935467286,23.60,73.50,70.83,149
2026-08-17 04:18,935587286,23.60,74.30,71.67,135
2026-08-17 04:20,935707286,23.60,73.40,70.83,135
2026-08-17 04:22,935827286,23.70,73.60,71.67,135
2026-08-17 04:24,935947286,23.60,73.40,71.67,119
2026-08-17 04:26,936067286,23.60,73.70,70.83,139
2026-08-17 04:28,936187286,23.70,73.20,71.67,180
2026-08-17 04:30,936307286,23.70,73.70,71.67,111
2026-08-17 04:32,936427286,23.60,73.20,71.67,134
2026-08-17 04:34,936547286,23.60,73.30,71.67,128
2026-08-17 04:36,936667286,23.60,73.60,70.83,134
2026-08-17 04:38,936787286,23.60,73.40,70.83,113
2026-08-17 04:40,936907286,23.70,73.50,70.83,129
2026-08-17 04:42,937027286,23.60,73.30,70.83,124
2026-08-17 04:44,937147286,23.60,73.20,70.83,175
2026-08-17 04:46,937267286,23.60,73.70,70.83,144
2026-08-17 04:48,937387286,23.50,73.10,71.67,138
2026-08-17 04:50,937507286,23.50,73.50,71.67,147
2026-08-17 04:52,937627286,23.60,73.10,71.67,127
2026-08-17 04:54,937747286,23.60,73.50,70.83,129
2026-08-17 04:56,937867286,23.60,73.50,71.67,134
2026-08-17 04:58,937987286,23.50,73.50,71.67,111
2026-08-17 05:00,938107286,23.50,73.40,71.67,121
2026-08-17 05:02,938227286,23.60,73.90,70.83,162
2026-08-17 05:04,938347286,23.60,73.70,70.83,156
2026-08-17 05:06,938467286,23.60,73.70,71.67,129
2026-08-17 05:08,938587286,23.50,73.50,71.67,118
2026-08-17 05:10,938707286,23.40,73.80,70.83,185
2026-08-17 05:12,938827286,23.40,73.70,70.83,123
2026-08-17 05:14,938947286,23.40,74.10,71.67,121
2026-08-17 05:16,939067286,23.50,74.00,70.83,139
2026-08-17 05:18,939187286,23.40,73.90,70.83,130
2026-08-17 05:20,939307286,23.40,74.30,71.67,139
2026-08-17 05:22,939427286,23.30,74.00,71.67,119
2026-08-17 05:24,939547286,23.40,74.40,70.83,129
2026-08-17 05:26,939667286,23.30,74.20,70.83,179
2026-08-17 05:28,939787286,23.30,74.10,71.67,163
2026-08-17 05:30,939907286,23.30,74.10,71.67,139
2026-08-17 05:32,940027286,23.30,74.50,71.67,131
2026-08-17 05:34,940147286,23.30,74.60,71.67,153
2026-08-17 05:36,940267286,23.30,74.40,71.67,149
2026-08-17 05:38,940387286,23.30,74.50,70.83,155
2026-08-17 05:40,940507286,23.40,74.30,71.67,129
2026-08-17 05:42,940627286,23.30,74.40,70.83,138
2026-08-17 05:44,940747286,23.30,75.00,70.83,115
2026-08-17 05:46,940867286,23.40,74.80,70.83,167
2026-08-17 05:48,940987286,23.40,74.50,71.67,166
2026-08-17 05:50,941107286,23.40,74.80,71.67,124
2026-08-17 05:52,941227286,23.40,74.60,70.83,160
2026-08-17 05:54,941347286,23.50,74.40,71.67,127
2026-08-17 05:56,941467286,23.40,74.30,70.83,156
2026-08-17 05:58,941587286,23.40,74.20,70.83,162
2026-08-17 06:00,941707286,23.40,74.50,70.83,131
2026-08-17 06:02,941827286,23.40,74.60,70.83,166
2026-08-17 06:04,941947286,23.30,74.40,70.83,147
2026-08-17 06:06,942067286,23.40,74.80,71.67,124
2026-08-17 06:08,942187286,23.30,75.20,71.67,123
2026-08-17 06:10,942307286,23.30,74.80,70.83,146
2026-08-17 06:12,942427286,23.40,74.80,71.67,102
2026-08-17 06:14,942547286,23.40,75.00,71.67,126
2026-08-17 06:16,942667286,23.30,74.80,70.83,147
2026-08-17 06:18,942787286,23.30,75.00,70.83,123
2026-08-17 06:20,942907286,23.20,74.80,71.67,168
2026-08-17 06:22,943027286,23.20,74.90,70.83,138
2026-08-17 06:24,943147286,23.20,75.00,70.83,136
2026-08-17 06:26,943267286,23.30,75.30,71.67,129
2026-08-17 06:28,943387286,23.20,75.20,71.67,197
2026-08-17 06:30,943507286,23.20,75.20,71.67,186
2026-08-17 06:32,943627286,23.20,74.90,70.83,135
2026-08-17 06:34,943747286,23.10,75.00,71.67,146
2026-08-17 06:36,943867286,23.10,74.80,70.83,141
2026-08-17 06:38,943987286,23.00,75.00,70.83,129
2026-08-17 06:40,944107286,23.10,75.10,70.83,149
2026-08-17 06:42,944227286,23.10,75.20,70.83,177
2026-08-17 06:44,944347286,23.20,75.10,71.67,126
2026-08-17 06:46,944467286,23.10,75.20,71.67,122
2026-08-17 06:48,944587286,23.10,74.90,71.67,126
2026-08-17 06:50,944707286,23.10,74.80,71.67,128
2026-08-17 06:52,944827286,23.20,75.30,70.83,122
2026-08-17 06:54,944947286,23.20,75.00,70.83,156
2026-08-17 06:56,945067286,23.30,74.90,71.67,121
2026-08-17 06:58,945187286,23.20,75.20,71.67,132
2026-08-17 07:00,945307286,23.20,74.50,71.67,141
2026-08-17 07:02,945427286,23.20,74.70,71.67,114
2026-08-17 07:04,945547286,23.30,74.60,71.67,136
2026-08-17 07:06,945667286,23.30,74.30,72.50,154
2026-08-17 07:08,945787286,23.30,74.40,72.50,148
2026-08-17 07:10,945907286,23.30,74.20,74.17,144
2026-08-17 07:12,946027286,23.30,74.10,74.17,126
2026-08-17 07:14,946147286,23.30,74.40,75.00,137
2026-08-17 07:16,946267286,23.40,74.00,76.67,130
2026-08-17 07:18,946387286,23.40,74.50,77.50,125
2026-08-17 07:20,946507286,23.30,74.10,78.33,136
2026-08-17 07:22,946627286,23.40,73.90,79.17,143
2026-08-17 07:24,946747286,23.40,74.00,80.83,191
2026-08-17 07:26,946867286,23.40,73.90,82.50,143
2026-08-17 07:28,946987286,23.40,74.20,83.33,109
2026-08-17 07:30,947107286,23.40,74.00,83.33,132
2026-08-17 07:32,947227286,23.40,74.00,85.00,146
2026-08-17 07:34,947347286,23.40,73.70,85.83,145
2026-08-17 07:36,947467286,23.50,73.70,87.50,160
2026-08-17 07:38,947587286,23.50,73.50,89.17,146
2026-08-17 07:40,947707286,23.50,73.60,90.00,116
2026-08-17 07:42,947827286,23.50,73.60,92.50,146
2026-08-17 07:44,947947286,23.60,73.90,94.17,171
2026-08-17 07:46,948067286,23.50,73.70,95.00,147
2026-08-17 07:48,948187286,23.50,74.00,95.00,179
2026-08-17 07:50,948307286,23.60,74.10,96.67,151
2026-08-17 07:52,948427286,23.60,73.50,99.17,124
2026-08-17 07:54,948547286,23.70,73.40,101.67,146
2026-08-17 07:56,948667286,23.70,73.80,102.50,121
2026-08-17 07:58,948787286,23.80,73.60,100.83,149
2026-08-17 08:00,948907286,23.80,73.90,103.33,153
2026-08-17 08:02,949027286,23.80,73.50,55.83,138
2026-08-17 08:04,949147286,23.80,73.60,55.83,156
2026-08-17 08:06,949267286,23.90,73.50,57.50,141
2026-08-17 08:08,949387286,23.90,73.70,58.33,132
2026-08-17 08:10,949507286,23.80,73.30,58.33,169
2026-08-17 08:12,949627286,23.90,73.60,57.50,173
2026-08-17 08:14,949747286,23.90,73.80,60.00,153
2026-08-17 08:16,949867286,23.90,73.30,57.50,114
2026-08-17 08:18,949987286,24.00,73.30,55.83,152
2026-08-17 08:20,950107286,24.00,73.70,54.17,159
2026-08-17 08:22,950227286,24.00,72.80,55.00,136
2026-08-17 08:24,950347286,24.00,73.20,60.00,149
2026-08-17 08:26,950467286,24.00,73.00,67.50,139
2026-08-17 08:28,950587286,24.10,73.10,70.00,154
2026-08-17 08:30,950707286,24.10,73.00,75.83,150
2026-08-17 08:32,950827286,24.00,73.00,75.83,125
2026-08-17 08:34,950947286,24.20,73.30,80.00,171
2026-08-17 08:36,951067286,24.10,73.50,86.67,123
2026-08-17 08:38,951187286,24.20,73.50,92.50,144
2026-08-17 08:40,951307286,24.20,73.30,90.00,129
2026-08-17 08:42,951427286,24.30,72.90,75.83,145
2026-08-17 08:44,951547286,24.30,73.00,75.00,159
2026-08-17 08:46,951667286,24.40,72.80,69.17,146
2026-08-17 08:48,951787286,24.50,72.50,80.83,154
2026-08-17 08:50,951907286,24.40,72.00,113.33,141
2026-08-17 08:52,952027286,24.50,72.20,128.33,128
2026-08-17 08:54,952147286,24.60,72.40,101.67,149
2026-08-17 08:56,952267286,24.60,72.20,67.50,121
2026-08-17 08:58,952387286,24.70,71.80,65.83,126
2026-08-17 09:00,952507286,24.70,71.00,106.67,131
2026-08-17 09:02,952627286,24.80,72.00,154.17,147
2026-08-17 09:04,952747286,24.80,71.80,160.00,121
2026-08-17 09:06,952867286,24.80,71.80,167.50,133
2026-08-17 09:08,952987286,24.90,71.60,172.50,147
2026-08-17 09:10,953107286,25.10,71.20,160.00,146
2026-08-17 09:12,953227286,25.20,71.40,161.67,159
2026-08-17 09:14,953347286,25.30,71.60,179.17,147
2026-08-17 09:16,953467286,25.30,71.60,125.00,133
2026-08-17 09:18,953587286,25.50,70.60,96.67,139
2026-08-17 09:20,953707286,25.60,70.70,90.00,154
2026-08-17 09:22,953827286,25.50,70.50,95.00,144
2026-08-17 09:24,953947286,25.60,70.00,110.00,143
2026-08-17 09:26,954067286,25.50,70.00,170.83,162
2026-08-17 09:28,954187286,25.60,70.30,237.50,150
2026-08-17 09:30,954307286,25.60,70.60,246.67,162
2026-08-17 09:32,954427286,25.70,70.50,243.33,143
2026-08-17 09:34,954547286,25.70,71.20,257.50,106
2026-08-17 09:36,954667286,25.90,70.40,255.83,182
2026-08-17 09:38,954787286,26.10,69.90,263.33,151
2026-08-17 09:40,954907286,26.30,70.00,235.83,151
2026-08-17 09:42,955027286,26.50,70.10,290.00,146
2026-08-17 09:44,955147286,26.60,69.70,291.67,139
2026-08-17 09:46,955267286,26.80,68.90,257.50,134
2026-08-17 09:48,955387286,27.10,69.00,263.33,161
2026-08-17 09:50,955507286,27.20,67.60,230.00,158
2026-08-17 09:52,955627286,27.40,67.10,141.67,150
2026-08-17 09:54,955747286,27.40,66.60,271.67,136
2026-08-17 09:56,955867286,27.40,66.40,272.50,157
2026-08-17 09:58,955987286,27.60,67.20,270.83,151
2026-08-17 10:00,956107286,27.80,66.80,270.83,154
2026-08-17 10:02,956227286,27.80,65.80,301.67,124
2026-08-17 10:04,956347286,27.90,66.60,238.33,146
2026-08-17 10:06,956467286,28.00,65.30,189.17,160
2026-08-17 10:08,956587286,28.00,65.80,275.00,158
2026-08-17 10:10,956707286,28.10,65.50,293.33,182
2026-08-17 10:12,956827286,28.20,66.20,310.00,133
2026-08-17 10:14,956947286,28.30,65.60,312.50,182
2026-08-17 10:16,957067286,28.50,65.10,310.00,135
2026-08-17 10:18,957187286,28.70,65.10,308.33,131
2026-08-17 10:20,957307286,28.70,64.50,328.33,148
2026-08-17 10:22,957427286,29.00,64.90,168.33,138
2026-08-17 10:24,957547286,29.10,64.00,206.67,154
2026-08-17 10:26,957667286,29.20,63.80,192.50,132
2026-08-17 10:28,957787286,29.20,64.20,201.67,144
2026-08-17 10:30,957907286,29.20,63.50,236.67,176
2026-08-17 10:32,958027286,29.20,63.70,311.67,148
2026-08-17 10:34,958147286,29.30,64.70,319.17,153
2026-08-17 10:36,958267286,29.40,64.00,320.83,189
2026-08-17 10:38,958387286,29.60,63.80,320.83,158
2026-08-17 10:40,958507286,29.70,63.40,325.00,145
2026-08-17 10:42,958627286,29.80,63.30,333.33,133
2026-08-17 10:44,958747286,30.00,61.70,345.00,132
2026-08-17 10:46,958867286,30.00,62.40,243.33,131
2026-08-17 10:48,958987286,30.10,62.20,319.17,141
2026-08-17 10:50,959107286,30.30,62.20,174.17,131
2026-08-17 10:52,959227286,30.40,62.80,322.50,169
2026-08-17 10:54,959347286,30.50,62.10,345.83,123
2026-08-17 10:56,959467286,30.60,61.50,345.00,144
2026-08-17 10:58,959587286,30.80,62.50,295.83,157
2026-08-17 11:00,959707286,30.80,61.30,338.33,167
2026-08-17 11:02,959827286,31.00,61.30,352.50,143
2026-08-17 11:04,959947286,31.10,60.90,313.33,195
2026-08-17 11:06,960067286,31.10,60.70,263.33,199
2026-08-17 11:08,960187286,31.20,60.90,283.33,157
2026-08-17 11:10,960307286,31.30,60.30,310.00,169
2026-08-17 11:12,960427286,31.30,59.70,315.83,134
2026-08-17 11:14,960547286,31.30,59.70,230.83,146
2026-08-17 11:16,960667286,31.40,59.80,201.67,189
2026-08-17 11:18,960787286,31.30,60.20,185.83,136
2026-08-17 11:20,960907286,31.30,59.50,203.33,135
2026-08-17 11:22,961027286,31.30,59.90,195.83,180
2026-08-17 11:24,961147286,31.20,60.60,301.67,145
2026-08-17 11:26,961267286,31.30,60.10,370.00,138
2026-08-17 11:28,961387286,31.30,60.70,220.00,160
2026-08-17 11:30,961507286,31.30,59.90,208.33,159
2026-08-17 11:32,961627286,31.40,60.50,200.00,157
2026-08-17 11:34,961747286,31.40,60.00,328.33,153
2026-08-17 11:36,961867286,31.50,58.70,292.50,196
2026-08-17 11:38,961987286,31.60,59.90,194.17,129
2026-08-17 11:40,962107286,31.70,59.20,228.33,175
2026-08-17 11:42,962227286,31.80,57.50,348.33,146
2026-08-17 11:44,962347286,31.70,58.50,407.50,157
2026-08-17 11:46,962467286,32.00,58.80,402.50,123
2026-08-17 11:48,962587286,32.20,57.40,400.00,157
2026-08-17 11:50,962707286,32.30,57.70,318.33,146
2026-08-17 11:52,962827286,32.40,57.70,373.33,183
2026-08-17 11:54,962947286,32.50,56.80,353.33,154
2026-08-17 11:56,963067286,32.60,57.30,345.00,172
2026-08-17 11:58,963187286,32.70,56.90,348.33,182
2026-08-17 12:00,963307286,32.80,56.10,345.00,127
2026-08-17 12:02,963427286,32.80,56.40,336.67,117
2026-08-17 12:04,963547286,33.00,53.80,330.00,167
2026-08-17 12:06,963667286,33.10,54.60,335.00,143
2026-08-17 12:08,963787286,33.00,53.90,342.50,158
2026-08-17 12:10,963907286,33.00,53.40,337.50,139
2026-08-17 12:12,964027286,33.10,53.70,327.50,157
2026-08-17 12:14,964147286,33.20,54.00,339.17,164
2026-08-17 12:16,964267286,33.10,53.60,336.67,151
2026-08-17 12:18,964387286,33.10,53.10,323.33,180
2026-08-17 12:20,964507286,33.20,52.00,325.00,152
2026-08-17 12:22,964627286,33.10,53.40,330.83,146
2026-08-17 12:24,964747286,33.30,52.80,330.83,137
2026-08-17 12:26,964867286,33.40,53.70,340.00,158
2026-08-17 12:28,964987286,33.30,53.40,330.83,172
2026-08-17 12:30,965107286,33.40,53.80,336.67,159
2026-08-17 12:32,965227286,33.50,53.90,335.00,145
2026-08-17 12:34,965347286,33.60,54.00,325.83,163
2026-08-17 12:36,965467286,33.70,52.20,334.17,175
2026-08-17 12:38,965587286,33.70,52.10,338.33,164
2026-08-17 12:40,965707286,33.80,51.40,339.17,188
2026-08-17 12:42,965827286,33.80,52.20,334.17,142
2026-08-17 12:44,965947286,33.90,52.20,334.17,192
2026-08-17 12:46,966067286,33.80,51.90,320.83,160
2026-08-17 12:48,966187286,33.90,52.10,332.50,146
2026-08-17 12:50,966307286,34.10,53.00,317.50,147
2026-08-17 12:52,966427286,34.10,53.10,294.17,145
2026-08-17 12:54,966547286,34.20,52.50,312.50,162
2026-08-17 12:56,966667286,34.20,52.00,315.00,126
2026-08-17 12:58,966787286,34.30,53.00,320.00,162
2026-08-17 13:00,966907286,34.30,52.80,320.00,148
2026-08-17 13:02,967027286,34.40,52.70,331.67,165
2026-08-17 13:04,967147286,34.50,52.70,337.50,201
2026-08-17 13:06,967267286,34.60,52.40,341.67,149
2026-08-17 13:08,967387286,34.80,51.80,325.00,174
2026-08-17 13:10,967507286,34.80,50.60,336.67,156
2026-08-17 13:12,967627286,34.70,50.90,337.50,166
2026-08-17 13:14,967747286,34.80,50.10,336.67,181
2026-08-17 13:16,967867286,34.80,50.80,331.67,166
2026-08-17 13:18,967987286,34.90,50.70,337.50,182
2026-08-17 13:20,968107286,34.90,51.30,326.67,140
2026-08-17 13:22,968227286,34.90,51.20,339.17,187
2026-08-17 13:24,968347286,35.20,52.50,346.67,122
2026-08-17 13:26,968467286,35.10,52.20,335.00,203
2026-08-17 13:28,968587286,35.30,52.40,348.33,148
2026-08-17 13:30,968707286,35.30,51.50,346.67,139
2026-08-17 13:32,968827286,35.40,51.70,333.33,147
2026-08-17 13:34,968947286,35.40,50.70,342.50,162
2026-08-17 13:36,969067286,35.50,50.60,345.00,187
2026-08-17 13:38,969187286,35.50,50.30,338.33,146
2026-08-17 13:40,969307286,35.60,50.50,328.33,166
2026-08-17 13:42,969427286,35.80,50.20,329.17,145
2026-08-17 13:44,969547286,35.70,50.40,315.83,168
2026-08-17 13:46,969667286,35.80,49.90,353.33,138
2026-08-17 13:48,969787286,35.70,50.30,349.17,141
2026-08-17 13:50,969907286,35.80,50.10,353.33,173
2026-08-17 13:52,970027286,35.80,49.90,290.83,141
2026-08-17 13:54,970147286,35.90,49.60,305.00,150
2026-08-17 13:56,970267286,35.90,49.50,299.17,147
2026-08-17 13:58,970387286,35.70,49.40,335.83,143
2026-08-17 14:00,970507286,35.80,50.70,332.50,185
2026-08-17 14:02,970627286,35.70,49.10,325.83,146
2026-08-17 14:04,970747286,35.70,49.80,316.67,156
2026-08-17 14:06,970867286,35.90,50.30,318.33,175
2026-08-17 14:08,970987286,35.90,49.60,326.67,147
2026-08-17 14:10,971107286,36.00,50.70,322.50,150
2026-08-17 14:12,971227286,36.10,49.80,320.00,146
2026-08-17 14:14,971347286,36.30,50.50,313.33,132
2026-08-17 14:16,971467286,36.20,50.00,313.33,148
2026-08-17 14:18,971587286,36.30,50.10,317.50,132
2026-08-17 14:20,971707286,36.50,50.20,332.50,139
2026-08-17 14:22,971827286,36.60,48.70,228.33,145
2026-08-17 14:24,971947286,36.50,48.40,301.67,147
2026-08-17 14:26,972067286,36.60,50.00,340.83,176
2026-08-17 14:28,972187286,36.60,49.80,327.50,148
2026-08-17 14:30,972307286,36.70,50.10,334.17,154
2026-08-17 14:32,972427286,36.80,49.90,350.83,190
2026-08-17 14:34,972547286,36.80,49.00,290.83,127
2026-08-17 14:36,972667286,36.80,49.30,165.83,144
2026-08-17 14:38,972787286,36.90,50.10,332.50,143
2026-08-17 14:40,972907286,36.90,49.40,342.50,158
2026-08-17 14:42,973027286,36.90,48.60,332.50,142
2026-08-17 14:44,973147286,37.00,48.80,214.17,139
2026-08-17 14:46,973267286,36.90,50.30,168.33,189
2026-08-17 14:48,973387286,36.90,49.60,205.00,121
2026-08-17 14:50,973507286,36.90,49.90,168.33,164
2026-08-17 14:52,973627286,36.70,49.50,231.67,151
2026-08-17 14:54,973747286,36.60,50.50,323.33,150
2026-08-17 14:56,973867286,36.80,51.30,295.00,221
2026-08-17 14:58,973987286,36.60,50.20,305.00,132
2026-08-17 15:00,974107286,36.70,50.90,304.17,154
2026-08-17 15:02,974227286,36.70,49.30,273.33,167
2026-08-17 15:04,974347286,36.60,49.80,173.33,141
2026-08-17 15:06,974467286,36.60,50.10,234.17,166
2026-08-17 15:08,974587286,36.60,50.00,315.00,151
2026-08-17 15:10,974707286,36.50,49.60,308.33,138
2026-08-17 15:12,974827286,36.60,50.30,299.17,133
2026-08-17 15:14,974947286,36.60,50.20,293.33,135
2026-08-17 15:16,975067286,36.60,49.90,294.17,136
2026-08-17 15:18,975187286,36.80,49.90,289.17,134
2026-08-17 15:20,975307286,36.60,48.60,285.00,135
2026-08-17 15:22,975427286,36.70,48.10,278.33,124
2026-08-17 15:24,975547286,36.80,48.60,323.33,156
2026-08-17 15:26,975667286,36.80,48.90,326.67,168
2026-08-17 15:28,975787286,36.80,47.90,323.33,176
2026-08-17 15:30,975907286,36.60,48.20,320.83,169
2026-08-17 15:32,976027286,36.60,48.30,315.83,232
2026-08-17 15:34,976147286,36.70,48.40,310.00,154
2026-08-17 15:36,976267286,36.70,49.10,320.83,146
2026-08-17 15:38,976387286,36.60,48.80,309.17,181
2026-08-17 15:40,976507286,36.60,48.70,318.33,162
2026-08-17 15:42,976627286,36.70,48.40,311.67,163
2026-08-17 15:44,976747286,36.60,47.00,312.50,168
2026-08-17 15:46,976867286,36.70,48.60,307.50,222
2026-08-17 15:48,976987286,36.40,48.30,296.67,153
2026-08-17 15:50,977107286,36.40,48.50,293.33,173
2026-08-17 15:52,977227286,36.50,49.30,284.17,169
2026-08-17 15:54,977347286,36.40,49.00,294.17,157
2026-08-17 15:56,977467286,36.40,49.30,218.33,163
2026-08-17 15:58,977587286,36.20,49.80,275.83,170
2026-08-17 16:00,977707286,36.10,49.30,260.00,152
2026-08-17 16:02,977827286,36.10,48.80,254.17,175
2026-08-17 16:04,977947286,36.20,49.70,215.00,157
2026-08-17 16:06,978067286,35.90,50.00,190.00,151
2026-08-17 16:08,978187286,35.90,49.80,197.50,169
2026-08-17 16:10,978307286,36.00,49.80,169.17,142
2026-08-17 16:12,978427286,35.80,50.60,156.67,170
2026-08-17 16:14,978547286,35.60,50.30,108.33,183
2026-08-17 16:16,978667286,35.50,51.50,115.83,151
2026-08-17 16:18,978787286,35.50,52.00,106.67,151
2026-08-17 16:20,978907286,35.40,51.40,115.83,173
2026-08-17 16:22,979027286,35.20,50.90,103.33,161
2026-08-17 16:24,979147286,35.10,49.10,103.33,158
2026-08-17 16:26,979267286,34.90,49.60,95.83,176
2026-08-17 16:28,979387286,34.70,50.50,140.83,143
2026-08-17 16:30,979507286,34.70,51.60,107.50,149
2026-08-17 16:32,979627286,34.60,51.80,114.17,143
2026-08-17 16:34,979747286,34.40,50.50,91.67,163
2026-08-17 16:36,979867286,34.30,50.70,79.17,155
2026-08-17 16:38,979987286,34.20,51.50,77.50,158
2026-08-17 16:40,980107286,34.10,51.60,75.83,148
2026-08-17 16:42,980227286,33.90,52.10,75.00,186
2026-08-17 16:44,980347286,33.70,52.10,73.33,187
2026-08-17 16:46,980467286,33.60,51.80,74.17,137
2026-08-17 16:48,980587286,33.60,52.40,86.67,140
2026-08-17 16:50,980707286,33.40,52.90,158.33,161
2026-08-17 16:52,980827286,33.40,53.30,205.00,183
2026-08-17 16:54,980947286,33.30,52.80,213.33,155
2026-08-17 16:56,981067286,33.30,51.90,199.17,150
2026-08-17 16:58,981187286,33.40,52.70,200.83,175
2026-08-17 17:00,981307286,33.30,52.70,195.83,138
2026-08-17 17:02,981427286,33.50,52.30,191.67,148
2026-08-17 17:04,981547286,33.50,52.40,177.50,196
2026-08-17 17:06,981667286,33.60,52.40,170.00,144
2026-08-17 17:08,981787286,33.50,53.00,160.00,148
2026-08-17 17:10,981907286,33.50,53.10,145.83,159
2026-08-17 17:12,982027286,33.50,53.20,132.50,173
2026-08-17 17:14,982147286,33.40,53.30,120.83,137
2026-08-17 17:16,982267286,33.30,52.40,106.67,146
2026-08-17 17:18,982387286,33.20,53.00,98.33,159
2026-08-17 17:20,982507286,33.20,53.10,88.33,187
2026-08-17 17:22,982627286,33.10,54.40,83.33,191
2026-08-17 17:24,982747286,33.00,55.10,78.33,132
2026-08-17 17:26,982867286,32.90,54.10,76.67,160
2026-08-17 17:28,982987286,32.80,54.00,75.00,154
2026-08-17 17:30,983107286,32.60,53.90,71.67,156
2026-08-17 17:32,983227286,32.60,53.80,68.33,151
2026-08-17 17:34,983347286,32.50,53.60,60.83,179
2026-08-17 17:36,983467286,32.40,54.40,54.17,116
2026-08-17 17:38,983587286,32.40,54.40,46.67,154
2026-08-17 17:40,983707286,32.30,54.70,45.00,163
2026-08-17 17:42,983827286,32.10,54.20,45.83,197
2026-08-17 17:44,983947286,32.00,54.60,47.50,160
2026-08-17 17:46,984067286,31.90,54.90,40.83,173
2026-08-17 17:48,984187286,31.80,54.90,39.17,147
2026-08-17 17:50,984307286,31.60,54.90,37.50,175
2026-08-17 17:52,984427286,31.40,55.20,35.83,160
2026-08-17 17:54,984547286,31.40,55.20,34.17,139
2026-08-17 17:56,984667286,31.20,55.50,32.50,166
2026-08-17 17:58,984787286,31.10,55.70,30.83,145
2026-08-17 18:00,984907286,30.90,56.40,30.00,147
2026-08-17 18:02,985027286,31.00,57.20,30.00,163
2026-08-17 18:04,985147286,30.70,57.30,29.17,132
2026-08-17 18:06,985267286,30.70,57.50,28.33,139
2026-08-17 18:08,985387286,30.60,57.80,27.50,152
2026-08-17 18:10,985507286,30.40,58.20,26.67,228
2026-08-17 18:12,985627286,30.30,59.20,26.67,161
2026-08-17 18:14,985747286,30.30,59.50,25.83,124
2026-08-17 18:16,985867286,30.20,60.20,25.83,129
2026-08-17 18:18,985987286,30.10,60.30,25.00,145
2026-08-17 18:20,986107286,30.00,61.00,25.00,166
2026-08-17 18:22,986227286,29.70,61.60,25.00,145
2026-08-17 18:24,986347286,29.70,61.00,24.17,126
2026-08-17 18:26,986467286,29.70,60.20,24.17,106
2026-08-17 18:28,986587286,29.60,61.10,24.17,158
2026-08-17 18:30,986707286,29.50,60.80,24.17,131
2026-08-17 18:32,986827286,29.40,61.10,74.17,147
2026-08-17 18:34,986947286,29.40,61.40,74.17,124
2026-08-17 18:36,987067286,29.40,61.20,49.17,136
2026-08-17 18:38,987187286,29.40,61.70,49.17,145
2026-08-17 18:40,987307286,29.30,61.20,48.33,102
2026-08-17 18:42,987427286,29.30,61.60,48.33,108
2026-08-17 18:44,987547286,29.20,61.90,48.33,127
2026-08-17 18:46,987667286,29.20,61.80,48.33,141
2026-08-17 18:48,987787286,29.20,62.20,47.50,142
2026-08-17 18:50,987907286,29.10,62.70,47.50,132
2026-08-17 18:52,988027286,29.10,62.00,47.50,114
2026-08-17 18:54,988147286,29.10,62.10,47.50,113
2026-08-17 18:56,988267286,29.10,62.70,47.50,148
2026-08-17 18:58,988387286,29.00,61.30,47.50,113
2026-08-17 19:00,988507286,28.90,60.50,47.50,155
2026-08-17 19:02,988627286,28.80,59.80,47.50,119
2026-08-17 19:04,988747286,28.80,60.50,47.50,105
2026-08-17 19:06,988867286,28.70,61.80,47.50,177
2026-08-17 19:08,988987286,28.60,61.70,47.50,182
2026-08-17 19:10,989107286,28.70,62.80,46.67,116
2026-08-17 19:12,989227286,28.60,62.60,47.50,220
2026-08-17 19:14,989347286,28.60,62.90,46.67,107
2026-08-17 19:16,989467286,28.50,63.10,46.67,142
2026-08-17 19:18,989587286,28.40,63.10,46.67,116
2026-08-17 19:20,989707286,28.40,62.10,47.50,136
2026-08-17 19:22,989827286,28.40,61.20,47.50,105
2026-08-17 19:24,989947286,28.40,61.90,47.50,100
2026-08-17 19:26,990067286,28.30,62.90,46.67,146
2026-08-17 19:28,990187286,28.30,62.90,46.67,108
2026-08-17 19:30,990307286,28.30,62.90,47.50,127
2026-08-17 19:32,990427286,28.20,63.90,47.50,108
2026-08-17 19:34,990547286,28.20,63.80,47.50,106
2026-08-17 19:36,990667286,28.10,64.20,46.67,125
2026-08-17 19:38,990787286,28.10,63.90,47.50,127
2026-08-17 19:40,990907286,28.10,63.80,47.50,146
2026-08-17 19:42,991027286,27.90,64.10,46.67,124
2026-08-17 19:44,991147286,28.10,64.40,46.67,143
2026-08-17 19:46,991267286,28.00,64.50,47.50,121
2026-08-17 19:48,991387286,27.90,64.10,46.67,120
2026-08-17 19:50,991507286,27.90,64.20,47.50,120
2026-08-17 19:52,991627286,27.90,64.50,46.67,129
2026-08-17 19:54,991747286,27.80,64.50,46.67,126
2026-08-17 19:56,991867286,27.80,64.60,47.50,120
2026-08-17 19:58,991987286,27.80,65.00,46.67,103
2026-08-17 20:00,992107286,27.80,65.20,47.50,182
2026-08-17 20:02,992227286,27.70,65.20,47.50,111
2026-08-17 20:04,992347286,27.70,65.60,46.67,153
2026-08-17 20:06,992467286,27.70,65.50,46.67,107
2026-08-17 20:08,992587286,27.60,65.60,46.67,117
2026-08-17 20:10,992707286,27.50,65.30,47.50,95
2026-08-17 20:12,992827286,27.60,65.80,47.50,115
2026-08-17 20:14,992947286,27.50,66.30,47.50,111
2026-08-17 20:16,993067286,27.50,65.80,46.67,119
2026-08-17 20:18,993187286,27.40,65.90,47.50,115
2026-08-17 20:20,993307286,27.50,66.00,47.50,105
2026-08-17 20:22,993427286,27.40,66.00,46.67,116
2026-08-17 20:24,993547286,27.40,66.50,47.50,116
2026-08-17 20:26,993667286,27.20,66.70,47.50,125
2026-08-17 20:28,993787286,27.30,66.40,46.67,148
2026-08-17 20:30,993907286,27.20,66.30,46.67,128
2026-08-17 20:32,994027286,27.20,66.20,46.67,120
2026-08-17 20:34,994147286,27.20,66.20,47.50,125
2026-08-17 20:36,994267286,27.30,66.80,47.50,178
2026-08-17 20:38,994387286,27.20,66.50,47.50,113
2026-08-17 20:40,994507286,27.10,66.00,46.67,171
2026-08-17 20:42,994627286,27.10,66.10,46.67,118
2026-08-17 20:44,994747286,27.10,66.50,46.67,117
2026-08-17 20:46,994867286,27.00,66.30,47.50,127
2026-08-17 20:48,994987286,27.00,66.80,46.67,109
2026-08-17 20:50,995107286,27.00,66.70,47.50,145
2026-08-17 20:52,995227286,27.00,66.90,46.67,117
2026-08-17 20:54,995347286,26.90,66.90,47.50,142
2026-08-17 20:56,995467286,26.80,67.20,46.67,139
2026-08-17 20:58,995587286,26.70,67.20,46.67,137
2026-08-17 21:00,995707286,26.70,66.70,47.50,154
2026-08-17 21:02,995827286,26.70,66.70,46.67,123
2026-08-17 21:04,995947286,26.70,67.10,47.50,151
2026-08-17 21:06,996067286,26.60,66.80,47.50,146
2026-08-17 21:08,996187286,26.50,67.90,47.50,109
2026-08-17 21:10,996307286,26.50,68.20,46.67,91
2026-08-17 21:12,996427286,26.30,67.40,46.67,130
2026-08-17 21:14,996547286,26.40,67.30,47.50,119
2026-08-17 21:16,996667286,26.30,67.30,47.50,157
2026-08-17 21:18,996787286,26.40,67.00,47.50,127
2026-08-17 21:20,996907286,26.30,67.50,47.50,105
2026-08-17 21:22,997027286,26.40,68.10,46.67,138
2026-08-17 21:24,997147286,26.30,68.30,47.50,110
2026-08-17 21:26,997267286,26.20,67.10,46.67,107
2026-08-17 21:28,997387286,26.20,67.70,47.50,116
2026-08-17 21:30,997507286,26.20,67.40,47.50,137
2026-08-17 21:32,997627286,26.20,67.00,47.50,183
2026-08-17 21:34,997747286,26.10,67.50,47.50,137
2026-08-17 21:36,997867286,26.20,67.70,47.50,151
2026-08-17 21:38,997987286,26.10,67.90,46.67,109
2026-08-17 21:40,998107286,26.10,67.40,47.50,102
2026-08-17 21:42,998227286,26.10,67.40,46.67,142
2026-08-17 21:44,998347286,26.10,67.10,46.67,140
2026-08-17 21:46,998467286,26.10,67.30,47.50,124
2026-08-17 21:48,998587286,26.00,66.50,47.50,111
2026-08-17 21:50,998707286,26.00,66.30,46.67,117
2026-08-17 21:52,998827286,26.00,66.70,47.50,139
2026-08-17 21:54,998947286,25.90,67.00,46.67,139
2026-08-17 21:56,999067286,25.90,66.60,46.67,196
2026-08-17 21:58,999187286,25.90,66.50,46.67,189
2026-08-17 22:00,999307286,25.90,66.00,46.67,154
2026-08-17 22:02,999427286,25.90,66.20,46.67,116
2026-08-17 22:04,999547286,25.80,66.50,46.67,112
2026-08-17 22:06,999667286,26.00,67.10,46.67,101
2026-08-17 22:08,999787286,25.80,66.60,46.67,120
2026-08-17 22:10,999907286,25.90,66.80,47.50,115
2026-08-17 22:12,1000027286,25.80,67.00,47.50,148
2026-08-17 22:14,1000147286,25.70,67.20,47.50,120
2026-08-17 22:16,1000267286,25.70,67.40,46.67,122
2026-08-17 22:18,1000387286,25.70,66.50,46.67,126
2026-08-17 22:20,1000507286,25.60,66.60,46.67,134
2026-08-17 22:22,1000627286,25.60,66.50,47.50,152
2026-08-17 22:24,1000747286,25.70,66.50,47.50,113
2026-08-17 22:26,1000867286,25.60,66.30,47.50,123
2026-08-17 22:28,1000987286,25.50,66.40,46.67,157
2026-08-17 22:30,1001107286,25.50,66.90,46.67,142
2026-08-17 22:32,1001227286,25.50,67.00,47.50,165
2026-08-17 22:34,1001347286,25.40,67.30,47.50,168
2026-08-17 22:36,1001467286,25.40,67.50,47.50,130
2026-08-17 22:38,1001587286,25.40,67.70,47.50,158
2026-08-17 22:40,1001707286,25.40,67.40,46.67,123
2026-08-17 22:42,1001827286,25.40,67.30,46.67,153
2026-08-17 22:44,1001947286,25.30,67.70,47.50,122
2026-08-17 22:46,1002067286,25.30,67.90,47.50,119
2026-08-17 22:48,1002187286,25.30,67.70,46.67,151
2026-08-17 22:50,1002307286,25.20,67.50,46.67,99
2026-08-17 22:52,1002427286,25.20,67.60,46.67,154
2026-08-17 22:54,1002547286,25.20,67.50,47.50,99
2026-08-17 22:56,1002667286,25.20,67.70,47.50,133
2026-08-17 22:58,1002787286,25.30,68.10,46.67,152
2026-08-17 23:00,1002907286,25.20,68.00,47.50,154
2026-08-17 23:02,1003027286,25.20,68.50,47.50,123
2026-08-17 23:04,1003147286,25.10,68.90,46.67,158
2026-08-17 23:06,1003267286,25.10,69.20,46.67,129
2026-08-17 23:08,1003387286,25.10,68.40,46.67,134
2026-08-17 23:10,1003507286,25.10,68.40,46.67,112
2026-08-17 23:12,1003627286,25.10,68.10,46.67,127
2026-08-17 23:14,1003747286,25.20,67.70,47.50,122
2026-08-17 23:16,1003867286,25.10,67.90,46.67,148
2026-08-17 23:18,1003987286,25.10,67.90,46.67,135
2026-08-17 23:20,1004107286,25.00,67.60,47.50,118
2026-08-17 23:22,1004227286,25.00,68.10,46.67,145
2026-08-17 23:24,1004347286,25.00,68.60,46.67,170
2026-08-17 23:26,1004467286,25.00,69.20,46.67,111
2026-08-17 23:28,1004587286,24.90,69.10,46.67,138
2026-08-17 23:30,1004707286,25.00,69.20,47.50,102
2026-08-17 23:32,1004827286,24.80,69.50,47.50,127
2026-08-17 23:34,1004947286,24.80,69.70,46.67,138
2026-08-17 23:36,1005067286,24.90,69.60,47.50,129
2026-08-17 23:38,1005187286,24.90,68.80,46.67,115
2026-08-17 23:40,1005307286,24.80,68.60,47.50,241
2026-08-17 23:42,1005427286,24.70,68.50,46.67,151
2026-08-17 23:44,1005547286,24.80,68.70,47.50,126
2026-08-17 23:46,1005667286,24.90,68.50,47.50,115
2026-08-17 23:48,1005787286,24.80,68.70,46.67,113
2026-08-17 23:50,1005907286,24.70,68.70,46.67,123
2026-08-17 23:52,1006027286,24.80,68.10,46.67,138
2026-08-17 23:54,1006147286,24.70,68.20,47.50,147
2026-08-17 23:56,1006267286,24.70,68.00,47.50,143
2026-08-17 23:58,1006387286,24.70,68.40,47.50,129
2026-08-18 00:00,1006507286,24.70,68.60,47.50,149
2026-08-18 00:02,1006627286,24.70,68.30,47.50,149
2026-08-18 00:04,1006747286,24.60,68.20,46.67,175
2026-08-18 00:06,1006867286,24.70,68.30,46.67,136
2026-08-18 00:08,1006987286,24.60,68.30,47.50,133
2026-08-18 00:10,1007107286,24.70,68.50,47.50,120
2026-08-18 00:12,1007227286,24.60,68.50,47.50,132
2026-08-18 00:14,1007347286,24.60,68.30,47.50,179
2026-08-18 00:16,1007467286,24.60,68.30,0.00,154
2026-08-18 00:18,1007587286,24.50,68.50,0.00,128
2026-08-18 00:20,1007707286,24.50,68.80,0.00,143
2026-08-18 00:22,1007827286,24.50,68.90,0.00,162
2026-08-18 00:24,1007947286,24.60,68.80,0.00,144
2026-08-18 00:26,1008067286,24.50,69.10,0.00,133
2026-08-18 00:28,1008187286,24.40,68.90,0.00,125
2026-08-18 00:30,1008307286,24.50,69.10,0.00,142
2026-08-18 00:32,1008427286,24.40,69.40,0.00,126
2026-08-18 00:34,1008547286,24.40,70.30,0.00,122
2026-08-18 00:36,1008667286,24.40,69.40,0.00,135
2026-08-18 00:38,1008787286,24.30,69.10,0.00,123
2026-08-18 00:40,1008907286,24.40,69.00,0.00,127
2026-08-18 00:42,1009027286,24.40,69.00,0.00,128
2026-08-18 00:44,1009147286,24.30,68.90,0.00,158
2026-08-18 00:46,1009267286,24.30,69.30,0.00,153
2026-08-18 00:48,1009387286,24.30,69.30,0.00,147
2026-08-18 00:50,1009507286,24.20,69.40,0.00,152
2026-08-18 00:52,1009627286,24.20,69.40,0.00,146
2026-08-18 00:54,1009747286,24.10,69.70,0.00,129
2026-08-18 00:56,1009867286,24.10,69.80,0.00,134
2026-08-18 00:58,1009987286,24.10,70.40,0.00,128
2026-08-18 01:00,1010107286,24.00,70.70,0.00,130
2026-08-18 01:02,1010227286,24.00,70.80,0.00,129
2026-08-18 01:04,1010347286,24.00,71.10,0.00,122
2026-08-18 01:06,1010467286,24.10,71.60,0.00,106
2026-08-18 01:08,1010587286,23.90,70.20,0.00,147
2026-08-18 01:10,1010707286,24.00,70.50,0.00,124
2026-08-18 01:12,1010827286,24.00,70.10,0.00,129
2026-08-18 01:14,1010947286,24.00,71.00,0.00,126
2026-08-18 01:16,1011067286,24.00,71.20,0.00,187
2026-08-18 01:18,1011187286,24.00,71.20,0.00,129
2026-08-18 01:20,1011307286,24.00,70.40,0.00,150
2026-08-18 01:22,1011427286,23.80,71.00,0.00,110
2026-08-18 01:24,1011547286,23.90,70.30,0.00,157
2026-08-18 01:26,1011667286,23.80,70.80,0.00,178
2026-08-18 01:28,1011787286,23.90,70.90,0.00,170
2026-08-18 01:30,1011907286,23.90,70.90,0.00,133
2026-08-18 01:32,1012027286,23.90,70.60,0.00,170
2026-08-18 01:34,1012147286,23.90,70.60,0.00,153
2026-08-18 01:36,1012267286,24.00,71.10,0.00,149
2026-08-18 01:38,1012387286,23.80,71.30,0.00,127
2026-08-18 01:40,1012507286,23.80,70.80,0.00,132
2026-08-18 01:42,1012627286,23.80,70.90,0.00,127
2026-08-18 01:44,1012747286,23.80,71.20,0.00,119
2026-08-18 01:46,1012867286,23.80,71.20,0.00,136
2026-08-18 01:48,1012987286,23.80,71.80,0.00,191
2026-08-18 01:50,1013107286,23.80,71.50,0.00,148
2026-08-18 01:52,1013227286,23.70,71.80,0.00,119
2026-08-18 01:54,1013347286,23.70,71.70,0.00,129
2026-08-18 01:56,1013467286,23.70,71.70,0.00,134
2026-08-18 01:58,1013587286,23.80,72.10,0.00,132
2026-08-18 02:00,1013707286,23.80,73.00,0.00,113
2026-08-18 02:02,1013827286,23.80,72.10,0.00,114
2026-08-18 02:04,1013947286,23.70,72.20,0.00,101
2026-08-18 02:06,1014067286,23.70,72.70,0.00,146
2026-08-18 02:08,1014187286,23.80,72.30,0.00,146
2026-08-18 02:10,1014307286,23.70,72.30,0.00,118
2026-08-18 02:12,1014427286,23.70,72.60,0.00,139
2026-08-18 02:14,1014547286,23.70,72.20,0.00,124
2026-08-18 02:16,1014667286,23.70,72.10,0.00,125
2026-08-18 02:18,1014787286,23.70,72.00,0.00,132
2026-08-18 02:20,1014907286,23.70,72.80,0.00,114
2026-08-18 02:22,1015027286,23.80,72.80,0.00,114
2026-08-18 02:24,1015147286,23.70,72.30,0.00,139
2026-08-18 02:26,1015267286,23.70,72.10,0.00,178
2026-08-18 02:28,1015387286,23.60,72.30,0.00,112
2026-08-18 02:30,1015507286,23.60,72.80,0.00,127
2026-08-18 02:32,1015627286,23.70,72.50,0.00,128
2026-08-18 02:34,1015747286,23.70,72.40,0.00,126
2026-08-18 02:36,1015867286,23.60,72.10,0.00,144
2026-08-18 02:38,1015987286,23.60,72.20,0.00,113
2026-08-18 02:40,1016107286,23.60,72.00,0.00,131
2026-08-18 02:42,1016227286,23.60,71.40,0.00,120
2026-08-18 02:44,1016347286,23.60,71.10,0.00,148
2026-08-18 02:46,1016467286,23.70,72.00,0.00,122
2026-08-18 02:48,1016587286,23.60,71.40,0.00,143
2026-08-18 02:50,1016707286,23.60,71.40,0.00,126
2026-08-18 02:52,1016827286,23.60,71.40,0.00,128
2026-08-18 02:54,1016947286,23.60,71.70,0.00,159
2026-08-18 02:56,1017067286,23.60,72.10,0.00,159
2026-08-18 02:58,1017187286,23.50,72.60,0.00,155
2026-08-18 03:00,1017307286,23.60,73.00,0.00,148
2026-08-18 03:02,1017427286,23.50,72.20,0.00,125
2026-08-18 03:04,1017547286,23.50,72.60,0.00,127
2026-08-18 03:06,1017667286,23.40,72.90,0.00,154
2026-08-18 03:08,1017787286,23.50,73.50,0.00,120
2026-08-18 03:10,1017907286,23.50,73.60,0.00,129
2026-08-18 03:12,1018027286,23.50,73.10,0.00,181
2026-08-18 03:14,1018147286,23.30,73.10,0.00,113
2026-08-18 03:16,1018267286,23.30,73.60,0.00,107
2026-08-18 03:18,1018387286,23.30,74.30,0.00,137
2026-08-18 03:20,1018507286,23.30,74.10,0.00,136
2026-08-18 03:22,1018627286,23.20,74.10,0.00,147
2026-08-18 03:24,1018747286,23.30,74.40,0.00,161
2026-08-18 03:26,1018867286,23.20,74.60,0.00,151
2026-08-18 03:28,1018987286,23.20,75.20,0.00,152
2026-08-18 03:30,1019107286,23.10,75.00,0.00,157
2026-08-18 03:32,1019227286,23.00,75.10,0.00,143
2026-08-18 03:34,1019347286,23.10,75.30,51.67,118
2026-08-18 03:36,1019467286,23.00,75.30,50.83,149
2026-08-18 03:38,1019587286,23.00,74.80,50.00,166
2026-08-18 03:40,1019707286,23.00,74.40,50.00,141
2026-08-18 03:42,1019827286,23.10,74.80,48.33,136
2026-08-18 03:44,1019947286,23.10,74.80,49.17,165
2026-08-18 03:46,1020067286,23.10,75.00,48.33,156
2026-08-18 03:48,1020187286,23.10,74.70,47.50,123
2026-08-18 03:50,1020307286,23.10,74.90,48.33,118
2026-08-18 03:52,1020427286,23.00,74.90,48.33,135
2026-08-18 03:54,1020547286,22.90,74.60,47.50,110
2026-08-18 03:56,1020667286,22.90,75.40,47.50,105
2026-08-18 03:58,1020787286,22.90,75.50,47.50,118
2026-08-18 04:00,1020907286,22.80,75.10,47.50,145
2026-08-18 04:02,1021027286,22.80,75.30,47.50,116
2026-08-18 04:04,1021147286,22.80,75.20,47.50,129
2026-08-18 04:06,1021267286,22.70,75.60,47.50,130
2026-08-18 04:08,1021387286,22.70,75.80,47.50,167
2026-08-18 04:10,1021507286,22.80,75.20,47.50,138
2026-08-18 04:12,1021627286,22.70,75.60,47.50,119
2026-08-18 04:14,1021747286,22.70,75.50,47.50,172
2026-08-18 04:16,1021867286,22.80,76.10,46.67,123
2026-08-18 04:18,1021987286,22.70,75.20,47.50,160
2026-08-18 04:20,1022107286,22.80,75.50,47.50,125
2026-08-18 04:22,1022227286,22.60,75.20,47.50,121
2026-08-18 04:24,1022347286,22.70,75.70,46.67,114
2026-08-18 04:26,1022467286,22.70,75.50,47.50,98
2026-08-18 04:28,1022587286,22.60,75.40,46.67,167
2026-08-18 04:30,1022707286,22.60,75.80,47.50,115
2026-08-18 04:32,1022827286,22.60,75.60,46.67,121
2026-08-18 04:34,1022947286,22.60,76.00,46.67,164
2026-08-18 04:36,1023067286,22.60,75.80,46.67,123
2026-08-18 04:38,1023187286,22.70,75.90,46.67,120
2026-08-18 04:40,1023307286,22.60,76.70,46.67,166
2026-08-18 04:42,1023427286,22.60,76.30,47.50,118
2026-08-18 04:44,1023547286,22.60,75.80,46.67,122
2026-08-18 04:46,1023667286,22.60,75.90,46.67,121
2026-08-18 04:48,1023787286,22.60,76.00,47.50,122
2026-08-18 04:50,1023907286,22.50,76.10,47.50,103
2026-08-18 04:52,1024027286,22.50,75.70,46.67,104
2026-08-18 04:54,1024147286,22.60,76.60,46.67,88
2026-08-18 04:56,1024267286,22.50,76.50,46.67,131
2026-08-18 04:58,1024387286,22.50,76.70,46.67,116
2026-08-18 05:00,1024507286,22.40,76.60,46.67,113
2026-08-18 05:02,1024627286,22.30,76.90,47.50,110
2026-08-18 05:04,1024747286,22.20,77.20,46.67,103
2026-08-18 05:06,1024867286,22.20,77.40,46.67,156
2026-08-18 05:08,1024987286,22.30,77.70,47.50,81
2026-08-18 05:10,1025107286,22.20,77.50,47.50,139
2026-08-18 05:12,1025227286,22.30,77.60,46.67,244
2026-08-18 05:14,1025347286,22.30,77.70,47.50,88
2026-08-18 05:16,1025467286,22.30,77.30,47.50,133
2026-08-18 05:18,1025587286,22.30,76.70,46.67,155
2026-08-18 05:20,1025707286,22.40,76.40,47.50,145
2026-08-18 05:22,1025827286,22.40,76.70,46.67,133
2026-08-18 05:24,1025947286,22.40,76.50,46.67,145
2026-08-18 05:26,1026067286,22.40,76.50,46.67,134
2026-08-18 05:28,1026187286,22.30,76.60,47.50,129
2026-08-18 05:30,1026307286,22.40,77.20,47.50,140
2026-08-18 05:32,1026427286,22.30,76.90,46.67,152
2026-08-18 05:34,1026547286,22.30,76.90,47.50,130
2026-08-18 05:36,1026667286,22.30,77.10,47.50,135
2026-08-18 05:38,1026787286,22.20,77.40,46.67,140
2026-08-18 05:40,1026907286,22.10,77.50,47.50,146
2026-08-18 05:42,1027027286,22.10,77.60,46.67,132
2026-08-18 05:44,1027147286,22.00,77.40,47.50,147
2026-08-18 05:46,1027267286,22.10,78.20,46.67,163
2026-08-18 05:48,1027387286,22.10,77.60,47.50,123
2026-08-18 05:50,1027507286,22.10,77.70,47.50,89
2026-08-18 05:52,1027627286,22.20,77.80,47.50,96
2026-08-18 05:54,1027747286,22.20,77.50,47.50,177
2026-08-18 05:56,1027867286,22.20,77.70,46.67,88
2026-08-18 05:58,1027987286,22.20,77.30,46.67,127
2026-08-18 06:00,1028107286,22.20,77.70,47.50,132
2026-08-18 06:02,1028227286,22.20,77.70,46.67,124
2026-08-18 06:04,1028347286,22.10,77.80,47.50,96
2026-08-18 06:06,1028467286,22.10,77.80,46.67,140
2026-08-18 06:08,1028587286,22.10,77.80,46.67,97
2026-08-18 06:10,1028707286,22.00,78.10,46.67,105
2026-08-18 06:12,1028827286,22.10,77.90,46.67,140
2026-08-18 06:14,1028947286,22.00,77.70,46.67,99
2026-08-18 06:16,1029067286,22.00,77.60,47.50,120
2026-08-18 06:18,1029187286,22.00,77.70,47.50,115
2026-08-18 06:20,1029307286,22.00,77.80,47.50,93
2026-08-18 06:22,1029427286,22.00,77.80,47.50,146
2026-08-18 06:24,1029547286,22.10,78.00,46.67,129
2026-08-18 06:26,1029667286,22.00,78.10,46.67,134
2026-08-18 06:28,1029787286,22.10,78.20,47.50,99
2026-08-18 06:30,1029907286,22.00,78.10,47.50,110
2026-08-18 06:32,1030027286,22.10,78.50,47.50,117
2026-08-18 06:34,1030147286,22.10,78.10,47.50,169
2026-08-18 06:36,1030267286,22.10,78.30,46.67,154
2026-08-18 06:38,1030387286,22.00,78.60,47.50,184
2026-08-18 06:40,1030507286,22.00,78.30,46.67,105
2026-08-18 06:42,1030627286,21.90,78.50,47.50,109
2026-08-18 06:44,1030747286,22.00,78.50,47.50,143
2026-08-18 06:46,1030867286,22.00,78.50,47.50,155
2026-08-18 06:48,1030987286,22.00,78.70,47.50,103
2026-08-18 06:50,1031107286,21.90,78.80,46.67,151
2026-08-18 06:52,1031227286,21.90,78.70,46.67,116
2026-08-18 06:54,1031347286,21.80,78.40,47.50,122
2026-08-18 06:56,1031467286,21.80,78.30,46.67,159
2026-08-18 06:58,1031587286,21.80,78.50,47.50,123
2026-08-18 07:00,1031707286,21.70,78.50,47.50,145
2026-08-18 07:02,1031827286,21.60,78.50,47.50,112
2026-08-18 07:04,1031947286,21.70,79.00,48.33,114
2026-08-18 07:06,1032067286,21.60,78.50,48.33,131
2026-08-18 07:08,1032187286,21.70,78.30,48.33,138
2026-08-18 07:10,1032307286,21.60,78.70,48.33,140
2026-08-18 07:12,1032427286,21.70,78.40,49.17,158
2026-08-18 07:14,1032547286,21.70,78.30,50.00,93
2026-08-18 07:16,1032667286,21.70,78.30,50.00,107
2026-08-18 07:18,1032787286,21.70,78.30,50.83,132
2026-08-18 07:20,1032907286,21.60,78.20,51.67,187
2026-08-18 07:22,1033027286,21.70,78.00,53.33,105
2026-08-18 07:24,1033147286,21.60,78.70,54.17,135
2026-08-18 07:26,1033267286,21.60,78.10,55.00,111
2026-08-18 07:28,1033387286,21.60,78.70,55.83,105
2026-08-18 07:30,1033507286,21.60,78.50,55.83,149
2026-08-18 07:32,1033627286,21.60,78.80,56.67,100
2026-08-18 07:34,1033747286,21.50,78.90,58.33,138
2026-08-18 07:36,1033867286,21.50,78.50,59.17,124
2026-08-18 07:38,1033987286,21.60,79.20,61.67,149
2026-08-18 07:40,1034107286,21.70,79.20,64.17,121
2026-08-18 07:42,1034227286,21.50,79.00,66.67,102
2026-08-18 07:44,1034347286,21.60,79.00,70.00,133
2026-08-18 07:46,1034467286,21.50,78.80,72.50,169
2026-08-18 07:48,1034587286,21.60,79.10,75.00,106
2026-08-18 07:50,1034707286,21.50,79.70,77.50,126
2026-08-18 07:52,1034827286,21.60,79.60,78.33,115
2026-08-18 07:54,1034947286,21.60,79.50,78.33,121
2026-08-18 07:56,1035067286,21.60,79.50,78.33,133
2026-08-18 07:58,1035187286,21.60,79.90,78.33,117
2026-08-18 08:00,1035307286,21.60,79.60,80.83,122
2026-08-18 08:02,1035427286,21.70,79.60,36.67,124
2026-08-18 08:04,1035547286,21.60,79.50,36.67,101
2026-08-18 08:06,1035667286,21.70,79.40,38.33,130
2026-08-18 08:08,1035787286,21.80,79.40,42.50,166
2026-08-18 08:10,1035907286,21.80,79.30,40.83,104
2026-08-18 08:12,1036027286,22.00,79.40,38.33,166
2026-08-18 08:14,1036147286,21.90,79.30,37.50,92
2026-08-18 08:16,1036267286,22.00,78.90,36.67,135
2026-08-18 08:18,1036387286,22.00,78.90,37.50,126
2026-08-18 08:20,1036507286,22.00,79.00,40.83,151
2026-08-18 08:22,1036627286,22.00,79.40,42.50,107
2026-08-18 08:24,1036747286,22.00,79.20,45.00,136
2026-08-18 08:26,1036867286,22.00,79.20,50.83,136
2026-08-18 08:28,1036987286,22.10,79.40,60.00,145
2026-08-18 08:30,1037107286,22.30,79.60,58.33,128
2026-08-18 08:32,1037227286,22.20,78.80,59.17,108
2026-08-18 08:34,1037347286,22.30,78.60,62.50,103
2026-08-18 08:36,1037467286,22.40,78.50,65.00,133
2026-08-18 08:38,1037587286,22.60,79.10,53.33,97
2026-08-18 08:40,1037707286,22.60,78.90,46.67,113
2026-08-18 08:42,1037827286,22.70,78.40,43.33,169
2026-08-18 08:44,1037947286,22.70,78.20,40.00,116
2026-08-18 08:46,1038067286,22.80,78.20,40.00,86
2026-08-18 08:48,1038187286,22.80,77.80,41.67,120
2026-08-18 08:50,1038307286,22.80,77.40,42.50,138
2026-08-18 08:52,1038427286,22.90,77.10,44.17,127
2026-08-18 08:54,1038547286,23.00,76.60,45.83,140
2026-08-18 08:56,1038667286,23.10,76.10,49.17,159
2026-08-18 08:58,1038787286,23.10,76.00,50.00,183
2026-08-18 09:00,1038907286,23.20,75.70,50.83,114
2026-08-18 09:02,1039027286,23.30,76.60,51.67,106
2026-08-18 09:04,1039147286,23.30,76.80,53.33,140
2026-08-18 09:06,1039267286,23.40,77.40,77.50,142
2026-08-18 09:08,1039387286,23.40,77.40,72.50,115
2026-08-18 09:10,1039507286,23.50,77.40,73.33,137
2026-08-18 09:12,1039627286,23.50,77.50,79.17,133
2026-08-18 09:14,1039747286,23.60,77.30,82.50,139
2026-08-18 09:16,1039867286,23.60,77.30,86.67,118
2026-08-18 09:18,1039987286,23.70,77.00,86.67,108
2026-08-18 09:20,1040107286,23.80,77.10,88.33,199
2026-08-18 09:22,1040227286,23.80,77.20,93.33,157
2026-08-18 09:24,1040347286,23.80,76.70,99.17,137
2026-08-18 09:26,1040467286,23.90,76.50,107.50,154
2026-08-18 09:28,1040587286,24.00,75.80,125.00,166
2026-08-18 09:30,1040707286,24.10,75.90,117.50,110
2026-08-18 09:32,1040827286,24.10,76.10,126.67,139
2026-08-18 09:34,1040947286,24.20,75.30,164.17,115
2026-08-18 09:36,1041067286,24.40,75.50,131.67,150
2026-08-18 09:38,1041187286,24.40,75.00,126.67,130
2026-08-18 09:40,1041307286,24.50,75.00,137.50,130
2026-08-18 09:42,1041427286,24.60,74.70,127.50,135
2026-08-18 09:44,1041547286,24.80,75.30,127.50,143
2026-08-18 09:46,1041667286,24.90,75.70,130.00,162
2026-08-18 09:48,1041787286,24.90,75.10,178.33,167
2026-08-18 09:50,1041907286,25.00,74.50,144.17,120
2026-08-18 09:52,1042027286,25.20,75.20,175.83,165
2026-08-18 09:54,1042147286,25.20,74.70,141.67,154
2026-08-18 09:56,1042267286,25.30,74.30,145.83,125
2026-08-18 09:58,1042387286,25.40,73.60,195.00,127
2026-08-18 10:00,1042507286,25.40,73.30,130.00,144
2026-08-18 10:02,1042627286,25.50,73.00,118.33,161
2026-08-18 10:04,1042747286,25.60,72.70,130.83,126
2026-08-18 10:06,1042867286,25.70,72.00,108.33,131
2026-08-18 10:08,1042987286,25.70,71.90,106.67,153
2026-08-18 10:10,1043107286,25.80,72.10,119.17,134
2026-08-18 10:12,1043227286,25.80,71.60,150.00,125
2026-08-18 10:14,1043347286,25.80,72.20,145.00,110
2026-08-18 10:16,1043467286,25.80,71.60,294.17,133
2026-08-18 10:18,1043587286,26.00,72.50,310.00,127
2026-08-18 10:20,1043707286,26.20,72.90,226.67,130
2026-08-18 10:22,1043827286,26.20,71.80,155.00,131
2026-08-18 10:24,1043947286,26.40,69.80,368.33,116
2026-08-18 10:26,1044067286,26.50,69.90,350.83,143
2026-08-18 10:28,1044187286,26.70,69.30,172.50,119
2026-08-18 10:30,1044307286,26.90,68.60,205.83,159
2026-08-18 10:32,1044427286,27.00,69.30,348.33,133
2026-08-18 10:34,1044547286,27.10,68.60,155.00,184
2026-08-18 10:36,1044667286,27.20,68.70,225.00,130
2026-08-18 10:38,1044787286,27.30,68.90,182.50,116
2026-08-18 10:40,1044907286,27.40,68.20,398.33,169
2026-08-18 10:42,1045027286,27.40,66.70,223.33,149
2026-08-18 10:44,1045147286,27.50,68.00,166.67,194
2026-08-18 10:46,1045267286,27.40,67.20,166.67,202
2026-08-18 10:48,1045387286,27.50,67.60,145.83,219
2026-08-18 10:50,1045507286,27.50,66.60,157.50,150
2026-08-18 10:52,1045627286,27.50,67.10,158.33,164
2026-08-18 10:54,1045747286,27.50,68.50,170.83,156
2026-08-18 10:56,1045867286,27.50,67.70,197.50,144
2026-08-18 10:58,1045987286,27.60,67.50,299.17,142
2026-08-18 11:00,1046107286,27.90,67.70,191.67,176
2026-08-18 11:02,1046227286,28.00,67.30,131.67,145
2026-08-18 11:04,1046347286,27.90,66.10,123.33,150
2026-08-18 11:06,1046467286,28.00,66.50,130.00,148
2026-08-18 11:08,1046587286,27.80,67.00,131.67,183
2026-08-18 11:10,1046707286,27.80,67.00,134.17,132
2026-08-18 11:12,1046827286,27.90,65.80,129.17,199
2026-08-18 11:14,1046947286,27.90,66.30,133.33,150
2026-08-18 11:16,1047067286,27.90,67.00,133.33,156
2026-08-18 11:18,1047187286,27.90,66.50,140.83,149
2026-08-18 11:20,1047307286,27.90,66.10,147.50,142
2026-08-18 11:22,1047427286,27.90,66.60,155.00,157
2026-08-18 11:24,1047547286,27.90,66.30,295.83,146
2026-08-18 11:26,1047667286,27.90,67.10,198.33,154
2026-08-18 11:28,1047787286,27.90,67.30,183.33,145
2026-08-18 11:30,1047907286,28.00,66.00,165.00,144
2026-08-18 11:32,1048027286,27.90,65.30,161.67,154
2026-08-18 11:34,1048147286,28.10,66.20,164.17,142
2026-08-18 11:36,1048267286,28.20,65.40,273.33,143
2026-08-18 11:38,1048387286,28.20,66.20,202.50,171
2026-08-18 11:40,1048507286,28.30,65.60,200.00,156
2026-08-18 11:42,1048627286,28.30,65.10,238.33,153
2026-08-18 11:44,1048747286,28.50,64.60,214.17,165
2026-08-18 11:46,1048867286,28.50,63.50,199.17,190
2026-08-18 11:48,1048987286,28.60,64.40,160.00,162
2026-08-18 11:50,1049107286,28.60,64.10,186.67,194
2026-08-18 11:52,1049227286,28.60,64.10,216.67,167
2026-08-18 11:54,1049347286,28.60,64.60,235.83,130
2026-08-18 11:56,1049467286,28.60,63.60,169.17,147
2026-08-18 11:58,1049587286,28.70,63.40,160.00,159
2026-08-18 12:00,1049707286,28.70,64.30,174.17,129
2026-08-18 12:02,1049827286,28.70,64.30,235.00,161
2026-08-18 12:04,1049947286,28.80,63.50,282.50,138
2026-08-18 12:06,1050067286,28.80,62.30,409.17,128
2026-08-18 12:08,1050187286,28.80,63.80,226.67,174
2026-08-18 12:10,1050307286,28.90,61.60,315.00,176
2026-08-18 12:12,1050427286,28.90,62.10,373.33,205
2026-08-18 12:14,1050547286,28.90,62.00,426.67,154
2026-08-18 12:16,1050667286,29.00,62.30,280.00,194
2026-08-18 12:18,1050787286,29.10,61.60,215.00,156
2026-08-18 12:20,1050907286,29.20,62.50,233.33,197
2026-08-18 12:22,1051027286,29.20,62.90,220.00,151
2026-08-18 12:24,1051147286,29.20,62.50,183.33,170
2026-08-18 12:26,1051267286,29.30,61.40,254.17,148
2026-08-18 12:28,1051387286,29.20,62.30,290.00,133
2026-08-18 12:30,1051507286,29.20,63.80,324.17,156
2026-08-18 12:32,1051627286,29.20,62.00,388.33,167
2026-08-18 12:34,1051747286,29.40,63.40,394.17,161
2026-08-18 12:36,1051867286,29.40,61.90,408.33,164
2026-08-18 12:38,1051987286,29.60,60.90,412.50,160
2026-08-18 12:40,1052107286,29.70,61.30,408.33,198
2026-08-18 12:42,1052227286,29.70,61.10,415.00,148
2026-08-18 12:44,1052347286,29.90,61.50,405.00,133
2026-08-18 12:46,1052467286,30.00,61.30,331.67,120
2026-08-18 12:48,1052587286,30.20,61.60,363.33,150
2026-08-18 12:50,1052707286,30.30,61.20,294.17,157
2026-08-18 12:52,1052827286,30.20,61.40,445.83,166
2026-08-18 12:54,1052947286,30.30,61.20,423.33,179
2026-08-18 12:56,1053067286,30.50,62.10,227.50,139
2026-08-18 12:58,1053187286,30.50,60.30,223.33,156
2026-08-18 13:00,1053307286,30.50,60.60,224.17,164
2026-08-18 13:02,1053427286,30.50,61.00,201.67,172
2026-08-18 13:04,1053547286,30.40,61.70,225.83,176
2026-08-18 13:06,1053667286,30.50,61.80,303.33,157
2026-08-18 13:08,1053787286,30.60,62.50,427.50,125
2026-08-18 13:10,1053907286,30.50,62.50,241.67,170
2026-08-18 13:12,1054027286,30.70,61.80,362.50,151
2026-08-18 13:14,1054147286,30.60,62.00,243.33,164
2026-08-18 13:16,1054267286,30.60,62.10,205.00,150
2026-08-18 13:18,1054387286,30.70,62.20,186.67,149
2026-08-18 13:20,1054507286,30.70,62.50,205.00,181
2026-08-18 13:22,1054627286,30.70,62.60,347.50,143
2026-08-18 13:24,1054747286,30.70,62.70,369.17,147
2026-08-18 13:26,1054867286,30.80,63.00,274.17,127
2026-08-18 13:28,1054987286,30.90,62.90,425.83,181
2026-08-18 13:30,1055107286,31.10,62.00,432.50,142
2026-08-18 13:32,1055227286,30.90,61.60,213.33,153
2026-08-18 13:34,1055347286,31.10,62.30,480.00,158
2026-08-18 13:36,1055467286,31.00,61.50,230.00,145
2026-08-18 13:38,1055587286,30.90,62.80,236.67,154
2026-08-18 13:40,1055707286,31.10,61.40,310.00,150
2026-08-18 13:42,1055827286,31.00,62.30,389.17,156
2026-08-18 13:44,1055947286,31.20,62.50,280.83,133
2026-08-18 13:46,1056067286,31.30,61.90,252.50,170
2026-08-18 13:48,1056187286,31.40,62.50,215.83,165
2026-08-18 13:50,1056307286,31.40,62.50,245.83,158
2026-08-18 13:52,1056427286,31.40,61.60,222.50,162
2026-08-18 13:54,1056547286,31.40,62.30,173.33,185
2026-08-18 13:56,1056667286,31.30,62.30,153.33,132
2026-08-18 13:58,1056787286,31.40,62.10,163.33,142
2026-08-18 14:00,1056907286,31.40,61.70,190.00,170
2026-08-18 14:02,1057027286,31.40,61.40,170.83,175
2026-08-18 14:04,1057147286,31.30,61.60,153.33,211
2026-08-18 14:06,1057267286,31.20,60.80,150.00,143
2026-08-18 14:08,1057387286,31.00,61.70,150.83,202
2026-08-18 14:10,1057507286,31.00,62.00,162.50,170
2026-08-18 14:12,1057627286,30.80,61.90,186.67,133
2026-08-18 14:14,1057747286,30.80,61.90,194.17,184
2026-08-18 14:16,1057867286,30.70,62.30,155.00,144
2026-08-18 14:18,1057987286,30.70,62.40,160.83,142
2026-08-18 14:20,1058107286,30.60,62.30,135.83,192
2026-08-18 14:22,1058227286,30.60,63.00,130.00,167
2026-08-18 14:24,1058347286,30.60,62.40,130.00,122
2026-08-18 14:26,1058467286,30.60,62.40,134.17,177
2026-08-18 14:28,1058587286,30.50,63.50,134.17,162
2026-08-18 14:30,1058707286,30.50,62.80,140.83,154
2026-08-18 14:32,1058827286,30.50,62.60,150.00,139
2026-08-18 14:34,1058947286,30.50,63.10,156.67,153
2026-08-18 14:36,1059067286,30.40,62.80,168.33,150
2026-08-18 14:38,1059187286,30.40,63.20,240.00,163
2026-08-18 14:40,1059307286,30.30,63.00,338.33,166
2026-08-18 14:42,1059427286,30.40,64.00,281.67,184
2026-08-18 14:44,1059547286,30.50,63.00,200.00,130
2026-08-18 14:46,1059667286,30.40,62.50,184.17,140
2026-08-18 14:48,1059787286,30.30,62.70,216.67,148
2026-08-18 14:50,1059907286,30.40,62.80,203.33,146
2026-08-18 14:52,1060027286,30.50,62.90,214.17,181
2026-08-18 14:54,1060147286,30.60,63.50,175.83,205
2026-08-18 14:56,1060267286,30.50,63.50,185.00,154
2026-08-18 14:58,1060387286,30.50,62.90,248.33,170
2026-08-18 15:00,1060507286,30.50,63.20,310.83,170
2026-08-18 15:02,1060627286,30.60,63.80,367.50,143
2026-08-18 15:04,1060747286,30.70,63.30,392.50,165
2026-08-18 15:06,1060867286,30.80,63.60,320.00,193
2026-08-18 15:08,1060987286,30.90,63.80,249.17,162
2026-08-18 15:10,1061107286,30.90,62.50,317.50,167
2026-08-18 15:12,1061227286,31.00,61.90,239.17,168
2026-08-18 15:14,1061347286,30.90,61.20,234.17,235
2026-08-18 15:16,1061467286,30.90,61.60,271.67,160
2026-08-18 15:18,1061587286,30.80,61.50,279.17,165
2026-08-18 15:20,1061707286,30.80,61.80,260.83,196
2026-08-18 15:22,1061827286,30.80,62.50,338.33,186
2026-08-18 15:24,1061947286,30.70,62.90,262.50,146
2026-08-18 15:26,1062067286,30.70,63.40,294.17,149
2026-08-18 15:28,1062187286,30.60,64.70,135.00,162
2026-08-18 15:30,1062307286,30.40,64.10,113.33,137
2026-08-18 15:32,1062427286,30.10,64.30,101.67,154
2026-08-18 15:34,1062547286,29.80,65.40,90.83,176
2026-08-18 15:36,1062667286,29.60,66.70,88.33,144
2026-08-18 15:38,1062787286,29.40,68.00,89.17,154
2026-08-18 15:40,1062907286,28.90,68.50,180.83,161
2026-08-18 15:42,1063027286,28.60,68.80,220.83,184
2026-08-18 15:44,1063147286,28.50,68.00,175.83,172
2026-08-18 15:46,1063267286,28.40,68.30,83.33,162
2026-08-18 15:48,1063387286,28.20,68.60,54.17,172
2026-08-18 15:50,1063507286,27.80,68.60,52.50,169
2026-08-18 15:52,1063627286,27.40,69.50,56.67,171
2026-08-18 15:54,1063747286,27.20,70.40,69.17,203
2026-08-18 15:56,1063867286,27.20,70.30,75.00,143
2026-08-18 15:58,1063987286,26.90,70.40,78.33,177
2026-08-18 16:00,1064107286,26.80,70.40,77.50,236
2026-08-18 16:02,1064227286,26.70,70.40,84.17,136
2026-08-18 16:04,1064347286,26.60,70.70,97.50,177
2026-08-18 16:06,1064467286,26.60,70.20,103.33,159
2026-08-18 16:08,1064587286,26.40,70.80,95.00,159
2026-08-18 16:10,1064707286,26.30,70.20,71.67,182
2026-08-18 16:12,1064827286,26.30,70.50,60.83,157
2026-08-18 16:14,1064947286,26.20,69.90,56.67,150
2026-08-18 16:16,1065067286,26.20,70.10,61.67,142
2026-08-18 16:18,1065187286,26.10,70.30,61.67,175
2026-08-18 16:20,1065307286,25.90,71.20,50.83,205
2026-08-18 16:22,1065427286,25.80,71.60,49.17,150
2026-08-18 16:24,1065547286,25.70,72.10,53.33,162
2026-08-18 16:26,1065667286,25.60,72.60,55.00,195
2026-08-18 16:28,1065787286,25.40,72.70,53.33,153
2026-08-18 16:30,1065907286,25.30,73.40,58.33,139
2026-08-18 16:32,1066027286,25.30,73.50,82.50,159
2026-08-18 16:34,1066147286,25.20,74.20,88.33,152
2026-08-18 16:36,1066267286,25.30,73.50,87.50,143
2026-08-18 16:38,1066387286,25.30,74.00,81.67,167
2026-08-18 16:40,1066507286,25.20,73.60,72.50,163
2026-08-18 16:42,1066627286,25.20,74.30,65.00,147
2026-08-18 16:44,1066747286,25.10,74.20,60.00,153
2026-08-18 16:46,1066867286,25.00,73.90,59.17,140
2026-08-18 16:48,1066987286,25.00,74.40,56.67,182
2026-08-18 16:50,1067107286,24.90,73.90,55.00,149
2026-08-18 16:52,1067227286,24.90,73.70,51.67,151
2026-08-18 16:54,1067347286,25.00,73.60,44.17,139
2026-08-18 16:56,1067467286,25.10,72.70,42.50,160
2026-08-18 16:58,1067587286,25.10,72.30,40.83,154
2026-08-18 17:00,1067707286,25.10,72.60,39.17,153
2026-08-18 17:02,1067827286,25.00,72.80,35.00,129
2026-08-18 17:04,1067947286,24.90,73.20,30.83,153
2026-08-18 17:06,1068067286,24.90,73.40,30.00,167
2026-08-18 17:08,1068187286,24.70,73.80,30.00,134
2026-08-18 17:10,1068307286,24.50,74.60,31.67,160
2026-08-18 17:12,1068427286,24.40,74.30,33.33,165
2026-08-18 17:14,1068547286,24.20,74.90,35.00,248
2026-08-18 17:16,1068667286,24.20,75.20,38.33,192
2026-08-18 17:18,1068787286,24.10,75.60,37.50,157
2026-08-18 17:20,1068907286,23.80,75.90,36.67,161
2026-08-18 17:22,1069027286,23.70,76.20,35.00,187
2026-08-18 17:24,1069147286,23.70,76.10,35.83,151
2026-08-18 17:26,1069267286,23.60,76.20,35.00,150
2026-08-18 17:28,1069387286,23.50,76.70,34.17,158
2026-08-18 17:30,1069507286,23.40,76.60,32.50,160
2026-08-18 17:32,1069627286,23.20,76.90,34.17,140
2026-08-18 17:34,1069747286,23.20,76.90,35.00,143
2026-08-18 17:36,1069867286,23.00,77.30,35.00,138
2026-08-18 17:38,1069987286,23.10,77.30,35.00,120
2026-08-18 17:40,1070107286,23.10,76.80,34.17,142
2026-08-18 17:42,1070227286,23.20,76.60,34.17,162
2026-08-18 17:44,1070347286,23.20,76.30,34.17,164
2026-08-18 17:46,1070467286,23.20,76.20,33.33,160
2026-08-18 17:48,1070587286,23.30,76.00,32.50,153
2026-08-18 17:50,1070707286,23.30,75.90,32.50,136
2026-08-18 17:52,1070827286,23.20,76.10,31.67,163
2026-08-18 17:54,1070947286,23.20,76.10,30.83,182
2026-08-18 17:56,1071067286,23.10,76.20,29.17,156
2026-08-18 17:58,1071187286,23.10,76.50,29.17,149
2026-08-18 18:00,1071307286,23.10,76.40,29.17,172
2026-08-18 18:02,1071427286,23.00,76.00,28.33,138
2026-08-18 18:04,1071547286,23.20,76.20,27.50,151
2026-08-18 18:06,1071667286,23.20,75.90,27.50,145
2026-08-18 18:08,1071787286,23.20,75.60,26.67,181
2026-08-18 18:10,1071907286,23.20,76.20,25.83,139
2026-08-18 18:12,1072027286,23.20,75.90,25.00,139
2026-08-18 18:14,1072147286,23.30,75.90,25.00,163
2026-08-18 18:16,1072267286,23.30,75.20,25.00,144
2026-08-18 18:18,1072387286,23.30,75.20,24.17,166
2026-08-18 18:20,1072507286,23.40,74.80,24.17,142
2026-08-18 18:22,1072627286,23.30,75.30,24.17,126
2026-08-18 18:24,1072747286,23.40,75.20,24.17,185
2026-08-18 18:26,1072867286,23.30,75.00,24.17,138
2026-08-18 18:28,1072987286,23.50,75.10,24.17,139
2026-08-18 18:30,1073107286,23.50,75.40,74.17,89
2026-08-18 18:32,1073227286,23.40,75.20,74.17,154
2026-08-18 18:34,1073347286,23.40,74.70,73.33,134
2026-08-18 18:36,1073467286,23.40,74.60,73.33,134
2026-08-18 18:38,1073587286,23.50,74.80,72.50,150
2026-08-18 18:40,1073707286,23.60,74.80,71.67,127
2026-08-18 18:42,1073827286,23.50,75.50,71.67,152
2026-08-18 18:44,1073947286,23.50,75.30,70.83,176
2026-08-18 18:46,1074067286,23.50,75.20,71.67,174
2026-08-18 18:48,1074187286,23.30,75.60,71.67,158
2026-08-18 18:50,1074307286,23.40,75.50,71.67,121
2026-08-18 18:52,1074427286,23.40,75.20,71.67,139
2026-08-18 18:54,1074547286,23.30,75.40,70.83,205
2026-08-18 18:56,1074667286,23.30,76.00,70.83,146
2026-08-18 18:58,1074787286,23.30,75.00,70.00,114
2026-08-18 19:00,1074907286,23.40,75.10,70.83,116
2026-08-18 19:02,1075027286,23.30,75.00,70.83,131
2026-08-18 19:04,1075147286,23.30,74.90,70.83,110
2026-08-18 19:06,1075267286,23.30,75.00,70.83,148
2026-08-18 19:08,1075387286,23.30,74.50,70.83,137
2026-08-18 19:10,1075507286,23.20,74.90,70.83,116
2026-08-18 19:12,1075627286,23.20,75.40,70.83,139
2026-08-18 19:14,1075747286,23.10,75.30,70.83,152
2026-08-18 19:16,1075867286,23.10,75.70,70.83,156
2026-08-18 19:18,1075987286,23.20,75.60,70.83,175
2026-08-18 19:20,1076107286,23.10,76.00,70.83,149
2026-08-18 19:22,1076227286,23.10,75.80,70.83,134
2026-08-18 19:24,1076347286,23.10,75.60,70.83,141
2026-08-18 19:26,1076467286,23.10,75.40,70.83,125
2026-08-18 19:28,1076587286,23.10,75.70,70.83,142
2026-08-18 19:30,1076707286,23.10,75.60,70.00,152
2026-08-18 19:32,1076827286,23.10,76.50,70.83,131
2026-08-18 19:34,1076947286,23.00,77.00,70.83,128
2026-08-18 19:36,1077067286,23.00,75.70,70.83,127
2026-08-18 19:38,1077187286,23.00,76.00,70.00,149
2026-08-18 19:40,1077307286,23.10,76.50,70.83,120
2026-08-18 19:42,1077427286,23.00,76.30,70.83,113
2026-08-18 19:44,1077547286,23.00,76.30,70.83,142
2026-08-18 19:46,1077667286,23.00,76.20,70.00,119
2026-08-18 19:48,1077787286,22.90,76.30,70.00,135
2026-08-18 19:50,1077907286,23.00,77.10,70.00,168
2026-08-18 19:52,1078027286,22.90,76.90,70.00,143
2026-08-18 19:54,1078147286,22.80,76.80,70.00,146
2026-08-18 19:56,1078267286,22.70,77.00,70.00,186
2026-08-18 19:58,1078387286,22.60,76.90,70.00,150
2026-08-18 20:00,1078507286,22.60,77.00,70.83,124
2026-08-18 20:02,1078627286,22.60,77.20,70.00,171
2026-08-18 20:04,1078747286,22.60,77.30,70.00,130
2026-08-18 20:06,1078867286,22.60,77.60,70.83,147
2026-08-18 20:08,1078987286,22.60,77.90,70.00,141
2026-08-18 20:10,1079107286,22.60,77.80,70.00,137
2026-08-18 20:12,1079227286,22.60,78.00,70.00,139
2026-08-18 20:14,1079347286,22.60,77.80,70.00,144
2026-08-18 20:16,1079467286,22.50,77.90,70.83,110
2026-08-18 20:18,1079587286,22.70,78.00,70.00,144
2026-08-18 20:20,1079707286,22.60,77.80,70.00,213
2026-08-18 20:22,1079827286,22.40,77.90,70.00,174
2026-08-18 20:24,1079947286,22.50,77.90,70.83,176
2026-08-18 20:26,1080067286,22.40,77.90,70.83,135
2026-08-18 20:28,1080187286,22.40,78.20,70.00,148
2026-08-18 20:30,1080307286,22.40,77.90,70.83,138
2026-08-18 20:32,1080427286,22.40,78.20,70.83,149
2026-08-18 20:34,1080547286,22.40,77.90,70.00,151
2026-08-18 20:36,1080667286,22.30,78.10,70.83,108
2026-08-18 20:38,1080787286,22.30,78.10,70.83,146
2026-08-18 20:40,1080907286,22.30,78.20,70.00,137
2026-08-18 20:42,1081027286,22.30,78.40,70.83,147
2026-08-18 20:44,1081147286,22.30,77.80,70.00,124
2026-08-18 20:46,1081267286,22.30,78.10,70.83,145
2026-08-18 20:48,1081387286,22.30,78.40,70.00,163
2026-08-18 20:50,1081507286,22.20,78.50,70.83,149
2026-08-18 20:52,1081627286,22.20,78.30,70.83,142
2026-08-18 20:54,1081747286,22.20,78.00,70.83,148
2026-08-18 20:56,1081867286,22.30,78.00,70.83,142
2026-08-18 20:58,1081987286,22.30,77.80,70.00,190
2026-08-18 21:00,1082107286,22.30,78.10,70.00,127
2026-08-18 21:02,1082227286,22.30,78.30,70.83,122
2026-08-18 21:04,1082347286,22.30,78.10,70.83,108
2026-08-18 21:06,1082467286,22.30,77.80,70.00,133
2026-08-18 21:08,1082587286,22.20,78.20,70.83,139
2026-08-18 21:10,1082707286,22.20,78.50,70.00,135
2026-08-18 21:12,1082827286,22.20,78.50,70.83,131
2026-08-18 21:14,1082947286,22.20,78.10,70.83,149
2026-08-18 21:16,1083067286,22.20,78.40,70.83,140
2026-08-18 21:18,1083187286,22.20,78.20,70.83,150
2026-08-18 21:20,1083307286,22.20,78.20,70.83,152
2026-08-18 21:22,1083427286,22.20,78.10,70.83,158
2026-08-18 21:24,1083547286,22.20,78.10,70.83,222
2026-08-18 21:26,1083667286,22.30,77.80,70.83,170
2026-08-18 21:28,1083787286,22.30,77.80,70.00,155
2026-08-18 21:30,1083907286,22.30,78.00,71.67,150
2026-08-18 21:32,1084027286,22.20,78.10,70.83,145
2026-08-18 21:34,1084147286,22.20,78.00,70.83,205
2026-08-18 21:36,1084267286,22.20,78.00,71.67,147
2026-08-18 21:38,1084387286,22.00,78.40,71.67,154
2026-08-18 21:40,1084507286,21.80,78.40,71.67,130
2026-08-18 21:42,1084627286,21.90,78.70,70.83,145
2026-08-18 21:44,1084747286,22.00,78.50,71.67,178
2026-08-18 21:46,1084867286,21.90,78.50,71.67,155
2026-08-18 21:48,1084987286,21.80,78.80,71.67,151
2026-08-18 21:50,1085107286,21.80,78.80,71.67,164
2026-08-18 21:52,1085227286,21.80,78.80,70.83,153
2026-08-18 21:54,1085347286,21.70,79.00,71.67,158
2026-08-18 21:56,1085467286,21.70,79.10,70.83,152
2026-08-18 21:58,1085587286,21.70,79.00,71.67,132
2026-08-18 22:00,1085707286,21.80,79.20,70.83,147
2026-08-18 22:02,1085827286,21.80,79.20,71.67,150
2026-08-18 22:04,1085947286,21.70,79.30,71.67,132
2026-08-18 22:06,1086067286,21.80,79.00,70.83,138
2026-08-18 22:08,1086187286,21.90,79.00,71.67,165
2026-08-18 22:10,1086307286,21.70,79.00,71.67,151
2026-08-18 22:12,1086427286,21.70,79.10,71.67,126
2026-08-18 22:14,1086547286,21.70,79.30,71.67,152
2026-08-18 22:16,1086667286,21.70,79.30,71.67,136
2026-08-18 22:18,1086787286,21.60,79.60,72.50,178
2026-08-18 22:20,1086907286,21.60,79.60,72.50,220
2026-08-18 22:22,1087027286,21.60,79.40,71.67,156
2026-08-18 22:24,1087147286,21.60,79.30,71.67,139
2026-08-18 22:26,1087267286,21.70,79.30,71.67,143
2026-08-18 22:28,1087387286,21.60,79.60,72.50,181
2026-08-18 22:30,1087507286,21.50,79.60,71.67,240
2026-08-18 22:32,1087627286,21.40,80.10,72.50,165
2026-08-18 22:34,1087747286,21.40,80.40,72.50,133
2026-08-18 22:36,1087867286,21.30,80.30,72.50,153
2026-08-18 22:38,1087987286,21.30,80.40,72.50,164
2026-08-18 22:40,1088107286,21.20,80.50,72.50,151
2026-08-18 22:42,1088227286,21.30,80.60,71.67,123
2026-08-18 22:44,1088347286,21.30,80.50,72.50,221
2026-08-18 22:46,1088467286,21.20,80.60,73.33,146
2026-08-18 22:48,1088587286,21.20,80.90,73.33,155
2026-08-18 22:50,1088707286,21.10,81.00,72.50,168
2026-08-18 22:52,1088827286,21.20,81.00,72.50,159
2026-08-18 22:54,1088947286,21.10,81.20,72.50,166
2026-08-18 22:56,1089067286,21.10,81.10,72.50,193
2026-08-18 22:58,1089187286,21.10,81.30,72.50,140
2026-08-18 23:00,1089307286,21.10,81.10,72.50,129
2026-08-18 23:02,1089427286,21.10,81.10,71.67,193
2026-08-18 23:04,1089547286,21.10,81.50,73.33,153
2026-08-18 23:06,1089667286,21.00,81.70,72.50,166
2026-08-18 23:08,1089787286,20.90,81.80,72.50,148
2026-08-18 23:10,1089907286,20.90,82.00,72.50,179
2026-08-18 23:12,1090027286,21.00,81.70,72.50,160
2026-08-18 23:14,1090147286,20.80,82.10,72.50,150
2026-08-18 23:16,1090267286,20.80,82.30,72.50,152
2026-08-18 23:18,1090387286,20.80,81.80,72.50,136
2026-08-18 23:20,1090507286,20.70,82.10,72.50,170
2026-08-18 23:22,1090627286,20.60,82.40,72.50,134
2026-08-18 23:24,1090747286,20.50,82.60,73.33,149
2026-08-18 23:26,1090867286,20.30,82.80,74.17,171
2026-08-18 23:28,1090987286,20.20,82.90,72.50,163
2026-08-18 23:30,1091107286,20.10,83.00,73.33,143
2026-08-18 23:32,1091227286,20.20,82.80,73.33,171
2026-08-18 23:34,1091347286,20.10,83.00,73.33,160
2026-08-18 23:36,1091467286,20.10,83.00,73.33,155
2026-08-18 23:38,1091587286,20.10,83.20,73.33,173
2026-08-18 23:40,1091707286,20.00,83.20,73.33,200
2026-08-18 23:42,1091827286,19.90,83.50,73.33,174
2026-08-18 23:44,1091947286,19.90,82.90,73.33,152
2026-08-18 23:46,1092067286,19.80,83.10,72.50,190
2026-08-18 23:48,1092187286,19.90,82.70,73.33,202
2026-08-18 23:50,1092307286,19.90,83.10,72.50,200
2026-08-18 23:52,1092427286,19.80,82.80,72.50,151
2026-08-18 23:54,1092547286,19.90,82.80,72.50,148
2026-08-18 23:56,1092667286,19.90,82.50,72.50,174
2026-08-18 23:58,1092787286,20.00,82.10,72.50,164
2026-08-19 00:00,1092907286,20.00,82.40,71.67,185
2026-08-19 00:02,1093027286,19.90,82.20,71.67,181
2026-08-19 00:04,1093147286,19.90,82.00,71.67,159
2026-08-19 00:06,1093267286,20.00,81.80,71.67,196
2026-08-19 00:08,1093387286,20.00,82.00,72.50,178
2026-08-19 00:10,1093507286,19.90,82.30,72.50,153
2026-08-19 00:12,1093627286,19.90,82.20,71.67,157
2026-08-19 00:14,1093747286,19.90,82.30,72.50,158
2026-08-19 00:16,1093867286,19.90,82.40,24.17,187
2026-08-19 00:18,1093987286,19.80,82.30,24.17,199
2026-08-19 00:20,1094107286,19.80,82.10,24.17,151
2026-08-19 00:22,1094227286,20.00,81.80,24.17,178
2026-08-19 00:24,1094347286,20.00,81.50,24.17,171
2026-08-19 00:26,1094467286,20.00,81.50,24.17,143
2026-08-19 00:28,1094587286,20.00,81.60,24.17,159
2026-08-19 00:30,1094707286,19.90,82.20,24.17,179
2026-08-19 00:32,1094827286,19.90,81.90,24.17,156
2026-08-19 00:34,1094947286,19.90,82.30,24.17,136
2026-08-19 00:36,1095067286,20.00,81.80,24.17,157
2026-08-19 00:38,1095187286,20.00,81.80,24.17,180
2026-08-19 00:40,1095307286,19.90,81.80,24.17,146
2026-08-19 00:42,1095427286,20.00,82.20,23.33,137
2026-08-19 00:44,1095547286,20.00,82.10,24.17,164
2026-08-19 00:46,1095667286,20.10,81.40,24.17,159
2026-08-19 00:48,1095787286,20.00,81.20,24.17,145
2026-08-19 00:50,1095907286,20.00,81.30,24.17,152
2026-08-19 00:52,1096027286,20.00,81.30,24.17,134
2026-08-19 00:54,1096147286,20.10,81.50,24.17,163
2026-08-19 00:56,1096267286,20.10,81.40,24.17,126
2026-08-19 00:58,1096387286,20.00,81.30,24.17,202
2026-08-19 01:00,1096507286,19.90,81.20,24.17,160
2026-08-19 01:02,1096627286,20.00,81.20,24.17,154
2026-08-19 01:04,1096747286,20.00,81.00,24.17,195
2026-08-19 01:06,1096867286,20.00,81.20,24.17,161
2026-08-19 01:08,1096987286,20.10,80.80,24.17,162
2026-08-19 01:10,1097107286,20.10,81.00,24.17,150
2026-08-19 01:12,1097227286,20.10,80.80,24.17,127
2026-08-19 01:14,1097347286,20.20,80.50,24.17,151
2026-08-19 01:16,1097467286,20.20,80.70,24.17,132
2026-08-19 01:18,1097587286,20.30,81.10,24.17,142
2026-08-19 01:20,1097707286,20.20,81.40,24.17,163
2026-08-19 01:22,1097827286,20.30,80.90,24.17,146
2026-08-19 01:24,1097947286,20.20,80.60,24.17,154
2026-08-19 01:26,1098067286,20.10,80.50,24.17,149
2026-08-19 01:28,1098187286,20.10,80.60,24.17,139
2026-08-19 01:30,1098307286,20.10,80.70,24.17,126
2026-08-19 01:32,1098427286,20.10,80.90,24.17,137
2026-08-19 01:34,1098547286,20.10,81.30,24.17,145
2026-08-19 01:36,1098667286,20.10,81.00,24.17,140
2026-08-19 01:38,1098787286,20.10,80.80,24.17,174
2026-08-19 01:40,1098907286,20.00,80.90,24.17,151
2026-08-19 01:42,1099027286,20.00,80.90,24.17,151
2026-08-19 01:44,1099147286,20.00,81.00,24.17,151
2026-08-19 01:46,1099267286,20.00,80.90,24.17,143
2026-08-19 01:48,1099387286,20.00,80.90,24.17,159
2026-08-19 01:50,1099507286,20.10,81.10,24.17,130
2026-08-19 01:52,1099627286,19.90,80.80,24.17,120
2026-08-19 01:54,1099747286,20.10,81.30,24.17,170
2026-08-19 01:56,1099867286,20.00,81.20,24.17,137
2026-08-19 01:58,1099987286,20.00,81.00,24.17,137
2026-08-19 02:00,1100107286,20.00,81.10,24.17,173
2026-08-19 02:02,1100227286,20.00,81.10,24.17,145
2026-08-19 02:04,1100347286,19.90,81.20,24.17,151
2026-08-19 02:06,1100467286,19.80,81.60,24.17,126
2026-08-19 02:08,1100587286,19.80,81.30,24.17,159
2026-08-19 02:10,1100707286,19.80,81.40,24.17,144
2026-08-19 02:12,1100827286,19.90,81.80,24.17,143
2026-08-19 02:14,1100947286,19.90,81.30,24.17,158
2026-08-19 02:16,1101067286,20.00,81.60,24.17,163
2026-08-19 02:18,1101187286,20.00,81.20,24.17,145
2026-08-19 02:20,1101307286,19.90,81.40,24.17,135
2026-08-19 02:22,1101427286,19.90,81.40,24.17,140
2026-08-19 02:24,1101547286,19.90,81.50,24.17,145
2026-08-19 02:26,1101667286,19.90,81.40,24.17,127
2026-08-19 02:28,1101787286,19.90,81.30,24.17,136
2026-08-19 02:30,1101907286,19.90,82.00,24.17,158
2026-08-19 02:32,1102027286,19.70,81.40,24.17,213
2026-08-19 02:34,1102147286,19.80,81.20,24.17,147
2026-08-19 02:36,1102267286,19.80,81.50,24.17,140
2026-08-19 02:38,1102387286,19.80,81.60,24.17,130
2026-08-19 02:40,1102507286,19.80,81.60,24.17,121
2026-08-19 02:42,1102627286,19.80,81.60,24.17,153
2026-08-19 02:44,1102747286,19.70,81.70,24.17,144
2026-08-19 02:46,1102867286,19.80,81.50,24.17,129
2026-08-19 02:48,1102987286,19.80,81.60,24.17,154
2026-08-19 02:50,1103107286,19.80,81.40,24.17,129
2026-08-19 02:52,1103227286,19.80,81.10,24.17,131
2026-08-19 02:54,1103347286,19.80,81.10,24.17,138
2026-08-19 02:56,1103467286,19.90,81.30,24.17,118
2026-08-19 02:58,1103587286,19.90,81.00,24.17,182
2026-08-19 03:00,1103707286,19.90,81.00,24.17,149
2026-08-19 03:02,1103827286,19.90,81.20,24.17,154
2026-08-19 03:04,1103947286,19.80,81.00,24.17,135
2026-08-19 03:06,1104067286,19.80,80.90,24.17,161
2026-08-19 03:08,1104187286,19.80,80.90,24.17,117
2026-08-19 03:10,1104307286,19.80,81.00,24.17,159
2026-08-19 03:12,1104427286,19.90,81.20,24.17,183
2026-08-19 03:14,1104547286,19.90,81.40,24.17,131
2026-08-19 03:16,1104667286,19.90,81.20,24.17,150
2026-08-19 03:18,1104787286,19.90,81.30,24.17,142
2026-08-19 03:20,1104907286,19.80,81.30,24.17,147
2026-08-19 03:22,1105027286,19.80,81.10,24.17,198
2026-08-19 03:24,1105147286,19.80,80.90,24.17,132
2026-08-19 03:26,1105267286,19.80,81.20,24.17,185
2026-08-19 03:28,1105387286,19.80,81.20,24.17,133
2026-08-19 03:30,1105507286,19.70,81.50,24.17,165
2026-08-19 03:32,1105627286,19.70,81.60,24.17,146
2026-08-19 03:34,1105747286,19.70,81.60,75.83,168
2026-08-19 03:36,1105867286,19.70,81.50,75.00,144
2026-08-19 03:38,1105987286,19.60,81.60,74.17,128
2026-08-19 03:40,1106107286,19.80,81.30,73.33,204
2026-08-19 03:42,1106227286,19.80,81.20,73.33,146
2026-08-19 03:44,1106347286,19.80,81.40,73.33,145
2026-08-19 03:46,1106467286,19.80,81.40,72.50,137
2026-08-19 03:48,1106587286,19.70,81.50,73.33,164
2026-08-19 03:50,1106707286,19.70,81.70,72.50,146
2026-08-19 03:52,1106827286,19.60,82.00,72.50,172
2026-08-19 03:54,1106947286,19.50,82.30,72.50,158
2026-08-19 03:56,1107067286,19.50,82.60,71.67,158
2026-08-19 03:58,1107187286,19.60,82.20,71.67,157
2026-08-19 04:00,1107307286,19.60,82.00,71.67,117
2026-08-19 04:02,1107427286,19.60,81.80,71.67,164
2026-08-19 04:04,1107547286,19.60,81.80,70.83,140
2026-08-19 04:06,1107667286,19.60,81.70,70.83,148
2026-08-19 04:08,1107787286,19.70,82.30,70.83,142
2026-08-19 04:10,1107907286,19.70,82.50,70.83,132
2026-08-19 04:12,1108027286,19.80,82.40,70.83,156
2026-08-19 04:14,1108147286,19.70,81.90,70.83,127
2026-08-19 04:16,1108267286,19.70,82.00,70.83,176
2026-08-19 04:18,1108387286,19.70,81.80,70.83,156
2026-08-19 04:20,1108507286,19.70,81.90,70.83,139
2026-08-19 04:22,1108627286,19.80,81.70,71.67,127
2026-08-19 04:24,1108747286,19.80,81.70,71.67,111
2026-08-19 04:26,1108867286,19.80,81.70,70.83,137
2026-08-19 04:28,1108987286,19.70,81.60,70.83,141
2026-08-19 04:30,1109107286,19.70,81.70,71.67,131
2026-08-19 04:32,1109227286,19.60,82.20,71.67,165
2026-08-19 04:34,1109347286,19.60,82.40,71.67,112
2026-08-19 04:36,1109467286,19.70,82.40,70.83,127
2026-08-19 04:38,1109587286,19.60,82.20,71.67,158
2026-08-19 04:40,1109707286,19.60,82.30,71.67,161
2026-08-19 04:42,1109827286,19.50,82.40,70.83,161
2026-08-19 04:44,1109947286,19.60,82.10,71.67,142
2026-08-19 04:46,1110067286,19.50,82.30,71.67,143
2026-08-19 04:48,1110187286,19.50,82.40,71.67,159
2026-08-19 04:50,1110307286,19.50,82.40,71.67,154
2026-08-19 04:52,1110427286,19.50,82.10,71.67,139
2026-08-19 04:54,1110547286,19.50,82.10,70.83,240
2026-08-19 04:56,1110667286,19.60,82.30,71.67,180
2026-08-19 04:58,1110787286,19.40,82.80,71.67,207
2026-08-19 05:00,1110907286,19.30,82.70,71.67,148
2026-08-19 05:02,1111027286,19.40,83.00,72.50,128
2026-08-19 05:04,1111147286,19.30,82.80,71.67,127
2026-08-19 05:06,1111267286,19.30,82.40,71.67,180
2026-08-19 05:08,1111387286,19.30,82.80,72.50,138
2026-08-19 05:10,1111507286,19.30,83.20,71.67,128
2026-08-19 05:12,1111627286,19.40,82.90,71.67,143
2026-08-19 05:14,1111747286,19.40,82.80,71.67,134
2026-08-19 05:16,1111867286,19.40,83.10,71.67,143
2026-08-19 05:18,1111987286,19.30,83.10,71.67,161
2026-08-19 05:20,1112107286,19.20,83.60,71.67,187
2026-08-19 05:22,1112227286,19.20,83.40,71.67,152
2026-08-19 05:24,1112347286,19.20,83.30,71.67,164
2026-08-19 05:26,1112467286,19.20,83.50,72.50,147
2026-08-19 05:28,1112587286,19.30,83.70,70.83,163
2026-08-19 05:30,1112707286,19.20,83.60,71.67,195
2026-08-19 05:32,1112827286,19.30,83.90,70.83,138
2026-08-19 05:34,1112947286,19.30,83.20,71.67,152
2026-08-19 05:36,1113067286,19.30,82.90,70.83,153
2026-08-19 05:38,1113187286,19.20,82.70,70.83,145
2026-08-19 05:40,1113307286,19.20,83.00,70.83,187
2026-08-19 05:42,1113427286,19.30,82.70,70.83,141
2026-08-19 05:44,1113547286,19.20,82.70,71.67,140
2026-08-19 05:46,1113667286,19.30,82.70,71.67,148
2026-08-19 05:48,1113787286,19.40,82.70,71.67,160
2026-08-19 05:50,1113907286,19.30,82.50,71.67,172
2026-08-19 05:52,1114027286,19.30,82.60,70.83,148
2026-08-19 05:54,1114147286,19.30,82.30,70.83,140
2026-08-19 05:56,1114267286,19.40,82.50,71.67,116
2026-08-19 05:58,1114387286,19.40,82.40,71.67,120
2026-08-19 06:00,1114507286,19.40,82.20,71.67,147
2026-08-19 06:02,1114627286,19.40,82.10,71.67,137
2026-08-19 06:04,1114747286,19.40,82.20,71.67,156
2026-08-19 06:06,1114867286,19.30,82.30,70.83,141
2026-08-19 06:08,1114987286,19.40,82.30,70.83,161
2026-08-19 06:10,1115107286,19.30,82.10,71.67,206
2026-08-19 06:12,1115227286,19.30,82.20,71.67,151
2026-08-19 06:14,1115347286,19.30,82.30,70.83,187
2026-08-19 06:16,1115467286,19.30,82.40,70.83,141
2026-08-19 06:18,1115587286,19.30,82.20,70.83,174
2026-08-19 06:20,1115707286,19.30,82.20,71.67,145
2026-08-19 06:22,1115827286,19.20,82.40,70.83,180
2026-08-19 06:24,1115947286,19.20,82.30,71.67,142
2026-08-19 06:26,1116067286,19.30,82.30,70.83,138
2026-08-19 06:28,1116187286,19.40,82.00,71.67,213
2026-08-19 06:30,1116307286,19.30,82.00,71.67,158
2026-08-19 06:32,1116427286,19.30,82.30,71.67,124
2026-08-19 06:34,1116547286,19.30,82.20,70.83,156
2026-08-19 06:36,1116667286,19.30,82.10,70.83,144
2026-08-19 06:38,1116787286,19.40,82.30,71.67,135
2026-08-19 06:40,1116907286,19.30,82.20,70.83,139
2026-08-19 06:42,1117027286,19.40,82.10,71.67,145
2026-08-19 06:44,1117147286,19.50,82.20,70.83,122
2026-08-19 06:46,1117267286,19.30,82.50,71.67,127
2026-08-19 06:48,1117387286,19.30,82.20,71.67,176
2026-08-19 06:50,1117507286,19.20,82.80,72.50,168
2026-08-19 06:52,1117627286,19.20,82.60,71.67,143
2026-08-19 06:54,1117747286,19.10,82.80,73.33,155
2026-08-19 06:56,1117867286,19.00,83.10,73.33,165
2026-08-19 06:58,1117987286,19.00,83.20,72.50,119
2026-08-19 07:00,1118107286,18.90,83.50,73.33,151
2026-08-19 07:02,1118227286,18.90,83.80,73.33,134
2026-08-19 07:04,1118347286,18.80,84.10,73.33,155
2026-08-19 07:06,1118467286,18.80,84.50,74.17,138
2026-08-19 07:08,1118587286,18.70,84.60,75.00,147
2026-08-19 07:10,1118707286,18.60,84.80,73.33,139
2026-08-19 07:12,1118827286,18.70,85.00,73.33,140
2026-08-19 07:14,1118947286,18.60,84.90,73.33,148
2026-08-19 07:16,1119067286,18.80,84.80,73.33,158
2026-08-19 07:18,1119187286,18.80,84.70,73.33,151
2026-08-19 07:20,1119307286,18.80,84.50,73.33,143
2026-08-19 07:22,1119427286,18.80,84.50,74.17,130
2026-08-19 07:24,1119547286,18.90,84.50,75.00,158
2026-08-19 07:26,1119667286,19.00,84.30,76.67,157
2026-08-19 07:28,1119787286,19.00,84.10,76.67,154
2026-08-19 07:30,1119907286,19.00,83.90,76.67,128
2026-08-19 07:32,1120027286,19.10,83.90,75.83,128
2026-08-19 07:34,1120147286,19.00,84.00,75.83,147
2026-08-19 07:36,1120267286,19.10,83.90,75.83,153
2026-08-19 07:38,1120387286,19.10,83.90,76.67,154
2026-08-19 07:40,1120507286,19.10,83.80,77.50,135
2026-08-19 07:42,1120627286,19.20,83.60,76.67,166
2026-08-19 07:44,1120747286,19.30,83.50,77.50,128
2026-08-19 07:46,1120867286,19.30,83.60,79.17,152
2026-08-19 07:48,1120987286,19.30,83.50,80.00,147
2026-08-19 07:50,1121107286,19.30,83.60,81.67,153
2026-08-19 07:52,1121227286,19.30,83.70,82.50,137
2026-08-19 07:54,1121347286,19.30,83.60,82.50,205
2026-08-19 07:56,1121467286,19.30,83.70,82.50,159
2026-08-19 07:58,1121587286,19.30,83.60,82.50,160
2026-08-19 08:00,1121707286,19.30,83.70,82.50,171
2026-08-19 08:02,1121827286,19.30,83.50,36.67,129
2026-08-19 08:04,1121947286,19.30,83.30,37.50,159
2026-08-19 08:06,1122067286,19.40,83.60,40.00,141
2026-08-19 08:08,1122187286,19.40,83.50,41.67,137
2026-08-19 08:10,1122307286,19.40,83.50,41.67,180
2026-08-19 08:12,1122427286,19.40,83.40,41.67,156
2026-08-19 08:14,1122547286,19.40,83.30,42.50,139
2026-08-19 08:16,1122667286,19.40,83.30,40.83,166
2026-08-19 08:18,1122787286,19.50,83.60,41.67,164
2026-08-19 08:20,1122907286,19.40,83.40,42.50,215
2026-08-19 08:22,1123027286,19.40,83.30,42.50,138
2026-08-19 08:24,1123147286,19.40,83.40,43.33,163
2026-08-19 08:26,1123267286,19.50,83.20,42.50,149
2026-08-19 08:28,1123387286,19.60,83.10,42.50,134
2026-08-19 08:30,1123507286,19.50,83.00,41.67,142
2026-08-19 08:32,1123627286,19.60,83.10,40.83,177
2026-08-19 08:34,1123747286,19.60,82.90,40.83,131
2026-08-19 08:36,1123867286,19.60,82.80,40.83,143
2026-08-19 08:38,1123987286,19.60,82.80,41.67,148
2026-08-19 08:40,1124107286,19.60,82.70,42.50,143
2026-08-19 08:42,1124227286,19.60,82.60,44.17,145
2026-08-19 08:44,1124347286,19.70,82.70,45.00,154
2026-08-19 08:46,1124467286,19.60,82.30,45.83,141
2026-08-19 08:48,1124587286,19.70,82.40,47.50,154
2026-08-19 08:50,1124707286,19.60,82.50,49.17,126
2026-08-19 08:52,1124827286,19.70,82.80,48.33,155
2026-08-19 08:54,1124947286,19.70,82.50,44.17,164
2026-08-19 08:56,1125067286,19.70,82.70,42.50,152
2026-08-19 08:58,1125187286,19.60,82.80,44.17,153
2026-08-19 09:00,1125307286,19.60,82.80,47.50,159
2026-08-19 09:02,1125427286,19.60,83.00,47.50,144
2026-08-19 09:04,1125547286,19.50,83.00,48.33,145
2026-08-19 09:06,1125667286,19.50,83.40,53.33,206
2026-08-19 09:08,1125787286,19.50,83.20,53.33,157
2026-08-19 09:10,1125907286,19.40,83.40,51.67,173
2026-08-19 09:12,1126027286,19.40,83.50,55.83,143
2026-08-19 09:14,1126147286,19.30,84.00,60.00,157
2026-08-19 09:16,1126267286,19.30,84.10,61.67,161
2026-08-19 09:18,1126387286,19.30,84.20,61.67,153
2026-08-19 09:20,1126507286,19.40,84.00,62.50,193
2026-08-19 09:22,1126627286,19.40,83.40,66.67,150
2026-08-19 09:24,1126747286,19.50,83.20,68.33,158
2026-08-19 09:26,1126867286,19.40,83.30,66.67,152
2026-08-19 09:28,1126987286,19.60,82.90,70.00,171
2026-08-19 09:30,1127107286,19.50,83.40,67.50,133
2026-08-19 09:32,1127227286,19.60,83.20,70.83,136
2026-08-19 09:34,1127347286,19.60,83.30,67.50,179
2026-08-19 09:36,1127467286,19.70,83.30,65.00,147
2026-08-19 09:38,1127587286,19.60,83.30,58.33,134
2026-08-19 09:40,1127707286,19.60,83.20,65.00,155
2026-08-19 09:42,1127827286,19.70,83.10,71.67,145
2026-08-19 09:44,1127947286,19.80,82.90,69.17,169
2026-08-19 09:46,1128067286,19.80,82.80,74.17,149
2026-08-19 09:48,1128187286,19.90,82.70,75.83,163
2026-08-19 09:50,1128307286,19.80,82.50,70.00,149
2026-08-19 09:52,1128427286,19.90,83.10,73.33,174
2026-08-19 09:54,1128547286,19.90,82.80,79.17,176
2026-08-19 09:56,1128667286,19.90,82.80,70.83,160
2026-08-19 09:58,1128787286,19.90,82.90,63.33,238
2026-08-19 10:00,1128907286,19.90,82.80,61.67,167
2026-08-19 10:02,1129027286,20.00,82.80,61.67,160
2026-08-19 10:04,1129147286,19.80,82.90,63.33,127
2026-08-19 10:06,1129267286,19.80,83.10,62.50,167
2026-08-19 10:08,1129387286,19.80,83.10,56.67,154
2026-08-19 10:10,1129507286,19.80,83.30,59.17,210
2026-08-19 10:12,1129627286,19.80,83.20,59.17,168
2026-08-19 10:14,1129747286,19.80,82.80,57.50,159
2026-08-19 10:16,1129867286,19.70,83.20,64.17,169
2026-08-19 10:18,1129987286,19.70,83.40,66.67,150
2026-08-19 10:20,1130107286,19.70,83.20,65.83,144
2026-08-19 10:22,1130227286,19.70,83.70,65.83,143
2026-08-19 10:24,1130347286,19.90,83.30,63.33,142
2026-08-19 10:26,1130467286,20.00,83.10,65.00,122
2026-08-19 10:28,1130587286,19.90,83.30,70.00,225
2026-08-19 10:30,1130707286,20.00,83.10,66.67,188
2026-08-19 10:32,1130827286,20.00,83.20,66.67,140
2026-08-19 10:34,1130947286,20.00,83.30,68.33,167
2026-08-19 10:36,1131067286,20.00,83.20,65.00,159
2026-08-19 10:38,1131187286,19.90,83.40,60.83,178
2026-08-19 10:40,1131307286,20.00,83.50,57.50,163
2026-08-19 10:42,1131427286,20.00,83.40,59.17,156
2026-08-19 10:44,1131547286,20.10,83.60,60.00,142
2026-08-19 10:46,1131667286,20.10,83.20,65.83,153
2026-08-19 10:48,1131787286,20.10,83.40,65.83,201
2026-08-19 10:50,1131907286,20.20,83.20,62.50,169
2026-08-19 10:52,1132027286,20.30,83.10,59.17,151
2026-08-19 10:54,1132147286,20.20,83.20,58.33,235
2026-08-19 10:56,1132267286,20.30,83.10,55.00,166
2026-08-19 10:58,1132387286,20.30,83.10,53.33,166
2026-08-19 11:00,1132507286,20.30,82.80,50.00,131
2026-08-19 11:02,1132627286,20.40,82.80,50.00,151
2026-08-19 11:04,1132747286,20.50,82.80,54.17,150
2026-08-19 11:06,1132867286,20.40,82.70,60.00,174
2026-08-19 11:08,1132987286,20.50,82.40,67.50,144
2026-08-19 11:10,1133107286,20.60,82.60,65.83,166
2026-08-19 11:12,1133227286,20.50,83.10,65.83,158
2026-08-19 11:14,1133347286,20.60,82.70,65.00,161
2026-08-19 11:16,1133467286,20.60,82.60,63.33,171
2026-08-19 11:18,1133587286,20.60,82.40,65.83,190
2026-08-19 11:20,1133707286,20.70,82.40,67.50,175
2026-08-19 11:22,1133827286,20.70,82.20,70.83,157
2026-08-19 11:24,1133947286,20.80,82.70,66.67,158
2026-08-19 11:26,1134067286,20.70,82.30,63.33,155
2026-08-19 11:28,1134187286,20.80,82.30,64.17,145
2026-08-19 11:30,1134307286,20.80,82.20,72.50,162
2026-08-19 11:32,1134427286,20.90,82.30,84.17,149
2026-08-19 11:34,1134547286,20.90,82.20,85.00,184
2026-08-19 11:36,1134667286,20.90,81.90,82.50,176
2026-08-19 11:38,1134787286,20.90,82.30,77.50,171
2026-08-19 11:40,1134907286,21.00,81.90,72.50,169
2026-08-19 11:42,1135027286,21.10,81.90,65.83,191
2026-08-19 11:44,1135147286,21.00,81.90,61.67,182
2026-08-19 11:46,1135267286,21.00,82.00,63.33,154
2026-08-19 11:48,1135387286,21.00,81.90,65.83,228
2026-08-19 11:50,1135507286,21.00,82.00,73.33,139
2026-08-19 11:52,1135627286,21.20,82.00,72.50,187
2026-08-19 11:54,1135747286,21.20,81.80,70.00,164
2026-08-19 11:56,1135867286,21.30,81.70,62.50,144
2026-08-19 11:58,1135987286,21.30,81.60,58.33,173
2026-08-19 12:00,1136107286,21.20,81.50,59.17,127
2026-08-19 12:02,1136227286,21.30,81.60,63.33,155
2026-08-19 12:04,1136347286,21.30,81.70,65.00,206
2026-08-19 12:06,1136467286,21.50,81.30,69.17,164
2026-08-19 12:08,1136587286,21.40,81.10,75.00,156
2026-08-19 12:10,1136707286,21.50,81.10,85.83,144
2026-08-19 12:12,1136827286,21.50,80.90,91.67,146
2026-08-19 12:14,1136947286,21.50,80.90,92.50,171
2026-08-19 12:16,1137067286,21.50,81.10,93.33,149
2026-08-19 12:18,1137187286,21.70,80.90,95.83,160
2026-08-19 12:20,1137307286,21.60,80.50,90.83,180
2026-08-19 12:22,1137427286,21.60,80.50,84.17,176
2026-08-19 12:24,1137547286,21.60,81.00,74.17,192
2026-08-19 12:26,1137667286,21.70,81.00,65.00,160
2026-08-19 12:28,1137787286,21.70,80.90,59.17,138
2026-08-19 12:30,1137907286,21.70,80.70,55.00,180
2026-08-19 12:32,1138027286,21.80,80.90,51.67,188
2026-08-19 12:34,1138147286,21.80,80.90,47.50,139
2026-08-19 12:36,1138267286,21.70,80.70,44.17,162
2026-08-19 12:38,1138387286,21.70,80.70,43.33,187
2026-08-19 12:40,1138507286,21.60,80.70,43.33,204
2026-08-19 12:42,1138627286,21.70,80.90,43.33,157
2026-08-19 12:44,1138747286,21.60,81.00,43.33,167
2026-08-19 12:46,1138867286,21.60,81.20,44.17,162
2026-08-19 12:48,1138987286,21.60,81.30,45.00,149
2026-08-19 12:50,1139107286,21.60,81.20,45.83,158
2026-08-19 12:52,1139227286,21.60,81.40,48.33,162
2026-08-19 12:54,1139347286,21.60,81.30,49.17,179
2026-08-19 12:56,1139467286,21.50,81.20,53.33,163
2026-08-19 12:58,1139587286,21.50,81.00,53.33,143
2026-08-19 13:00,1139707286,21.50,81.10,54.17,180
2026-08-19 13:02,1139827286,21.70,81.20,55.83,151
2026-08-19 13:04,1139947286,21.60,81.20,54.17,162
2026-08-19 13:06,1140067286,21.70,81.10,55.00,157
2026-08-19 13:08,1140187286,21.60,81.10,55.83,177
2026-08-19 13:10,1140307286,21.70,81.00,56.67,182
2026-08-19 13:12,1140427286,21.70,81.70,57.50,166
2026-08-19 13:14,1140547286,21.70,81.30,60.00,160
2026-08-19 13:16,1140667286,21.70,81.00,65.00,130
2026-08-19 13:18,1140787286,21.70,81.20,70.83,197
2026-08-19 13:20,1140907286,21.80,81.30,74.17,157
2026-08-19 13:22,1141027286,21.70,81.20,78.33,124
2026-08-19 13:24,1141147286,21.70,81.40,80.00,160
2026-08-19 13:26,1141267286,21.80,81.70,82.50,158
2026-08-19 13:28,1141387286,21.80,81.80,85.83,132
2026-08-19 13:30,1141507286,21.90,82.20,90.00,139
2026-08-19 13:32,1141627286,21.80,82.40,92.50,168
2026-08-19 13:34,1141747286,21.80,82.30,97.50,147
2026-08-19 13:36,1141867286,21.70,82.50,100.00,166
2026-08-19 13:38,1141987286,21.80,82.70,102.50,185
2026-08-19 13:40,1142107286,21.70,82.30,104.17,139
2026-08-19 13:42,1142227286,21.60,82.60,106.67,192
2026-08-19 13:44,1142347286,21.70,82.50,110.00,173
2026-08-19 13:46,1142467286,21.80,82.30,110.00,177
2026-08-19 13:48,1142587286,21.80,82.10,110.83,152
2026-08-19 13:50,1142707286,21.80,82.60,106.67,176
2026-08-19 13:52,1142827286,21.80,82.10,98.33,173
2026-08-19 13:54,1142947286,21.70,82.30,89.17,178
2026-08-19 13:56,1143067286,21.80,82.50,81.67,160
2026-08-19 13:58,1143187286,21.80,82.50,74.17,171
2026-08-19 14:00,1143307286,21.80,82.30,69.17,190
2026-08-19 14:02,1143427286,22.00,82.70,62.50,161
2026-08-19 14:04,1143547286,21.90,82.70,55.83,150
2026-08-19 14:06,1143667286,21.80,82.60,54.17,144
2026-08-19 14:08,1143787286,21.90,82.70,55.83,159
2026-08-19 14:10,1143907286,21.90,82.90,57.50,161
2026-08-19 14:12,1144027286,22.00,82.80,59.17,151
2026-08-19 14:14,1144147286,22.00,82.90,59.17,164
2026-08-19 14:16,1144267286,22.00,82.80,59.17,161
2026-08-19 14:18,1144387286,22.00,82.20,58.33,155
2026-08-19 14:20,1144507286,22.00,82.50,56.67,139
2026-08-19 14:22,1144627286,22.00,82.30,55.83,161
2026-08-19 14:24,1144747286,22.00,82.30,55.00,167
2026-08-19 14:26,1144867286,22.00,82.80,54.17,169
2026-08-19 14:28,1144987286,22.00,82.70,55.83,193
2026-08-19 14:30,1145107286,22.00,82.50,57.50,158
2026-08-19 14:32,1145227286,22.00,82.60,62.50,135
2026-08-19 14:34,1145347286,22.00,82.90,68.33,169
2026-08-19 14:36,1145467286,22.00,82.60,67.50,142
2026-08-19 14:38,1145587286,22.10,82.70,63.33,174
2026-08-19 14:40,1145707286,22.10,82.50,60.83,163
2026-08-19 14:42,1145827286,22.00,82.60,57.50,179
2026-08-19 14:44,1145947286,22.00,82.70,58.33,159
2026-08-19 14:46,1146067286,22.10,82.90,64.17,177
2026-08-19 14:48,1146187286,22.10,82.90,70.00,159
2026-08-19 14:50,1146307286,22.00,82.80,79.17,166
2026-08-19 14:52,1146427286,22.00,82.80,86.67,219
2026-08-19 14:54,1146547286,22.00,82.60,91.67,164
2026-08-19 14:56,1146667286,22.00,82.40,95.00,156
2026-08-19 14:58,1146787286,22.10,82.80,90.00,189
2026-08-19 15:00,1146907286,22.20,83.00,82.50,171
2026-08-19 15:02,1147027286,22.10,82.90,78.33,161
2026-08-19 15:04,1147147286,22.20,83.00,78.33,195
2026-08-19 15:06,1147267286,22.20,82.60,83.33,162
2026-08-19 15:08,1147387286,22.20,82.80,85.00,157
2026-08-19 15:10,1147507286,22.30,82.90,86.67,176
2026-08-19 15:12,1147627286,22.30,82.80,84.17,149
2026-08-19 15:14,1147747286,22.40,82.40,87.50,157
2026-08-19 15:16,1147867286,22.20,82.10,84.17,168
2026-08-19 15:18,1147987286,22.30,82.50,80.00,135
2026-08-19 15:20,1148107286,22.10,82.90,71.67,175
2026-08-19 15:22,1148227286,22.10,83.20,60.83,167
2026-08-19 15:24,1148347286,22.10,83.20,51.67,183
2026-08-19 15:26,1148467286,22.20,83.10,45.00,150
2026-08-19 15:28,1148587286,22.20,83.10,40.00,153
2026-08-19 15:30,1148707286,22.20,83.20,36.67,137
2026-08-19 15:32,1148827286,22.20,83.30,37.50,153
2026-08-19 15:34,1148947286,22.10,83.50,40.83,185
2026-08-19 15:36,1149067286,22.00,83.30,44.17,167
2026-08-19 15:38,1149187286,22.10,83.40,46.67,153
2026-08-19 15:40,1149307286,22.20,83.20,48.33,175
2026-08-19 15:42,1149427286,22.30,82.80,50.83,150
2026-08-19 15:44,1149547286,22.20,83.20,51.67,168
2026-08-19 15:46,1149667286,22.20,83.00,50.00,182
2026-08-19 15:48,1149787286,22.20,83.10,49.17,161
2026-08-19 15:50,1149907286,22.30,83.20,47.50,174
2026-08-19 15:52,1150027286,22.20,83.10,46.67,172
2026-08-19 15:54,1150147286,22.20,82.90,48.33,146
2026-08-19 15:56,1150267286,22.20,82.70,50.00,207
2026-08-19 15:58,1150387286,22.30,82.80,50.00,142
2026-08-19 16:00,1150507286,22.30,82.80,49.17,149
2026-08-19 16:02,1150627286,22.30,82.80,47.50,149
2026-08-19 16:04,1150747286,22.40,82.70,46.67,176
2026-08-19 16:06,1150867286,22.40,82.40,47.50,145
2026-08-19 16:08,1150987286,22.40,82.30,48.33,173
2026-08-19 16:10,1151107286,22.40,82.30,48.33,191
2026-08-19 16:12,1151227286,22.40,82.00,45.83,137
2026-08-19 16:14,1151347286,22.40,82.10,45.00,162
2026-08-19 16:16,1151467286,22.30,82.20,43.33,170
2026-08-19 16:18,1151587286,22.30,82.60,40.00,152
2026-08-19 16:20,1151707286,22.20,82.50,40.00,147
2026-08-19 16:22,1151827286,22.20,82.60,15.83,161
2026-08-19 16:24,1151947286,22.10,82.60,14.17,170
2026-08-19 16:26,1152067286,22.00,82.90,13.33,138
2026-08-19 16:28,1152187286,22.00,83.30,14.17,150
2026-08-19 16:30,1152307286,21.80,83.70,15.00,193
2026-08-19 16:32,1152427286,21.90,83.60,12.50,198
2026-08-19 16:34,1152547286,21.80,83.80,9.17,207
2026-08-19 16:36,1152667286,21.70,83.70,6.67,171
2026-08-19 16:38,1152787286,21.70,83.60,5.00,178
2026-08-19 16:40,1152907286,21.60,83.90,5.00,162
2026-08-19 16:42,1153027286,21.50,84.10,4.17,177
2026-08-19 16:44,1153147286,21.40,84.20,3.33,188
2026-08-19 16:46,1153267286,21.40,84.40,2.50,185
2026-08-19 16:48,1153387286,21.40,84.30,2.50,159
2026-08-19 16:50,1153507286,21.30,84.40,2.50,148
2026-08-19 16:52,1153627286,21.40,84.40,3.33,192
2026-08-19 16:54,1153747286,21.30,84.30,3.33,168
2026-08-19 16:56,1153867286,21.30,84.60,4.17,149
2026-08-19 16:58,1153987286,21.30,84.40,4.17,185
2026-08-19 17:00,1154107286,21.40,84.40,5.83,183
2026-08-19 17:02,1154227286,21.40,84.40,5.83,183
2026-08-19 17:04,1154347286,21.40,84.30,5.83,189
2026-08-19 17:06,1154467286,21.40,84.50,5.83,170
2026-08-19 17:08,1154587286,21.40,84.50,7.50,159
2026-08-19 17:10,1154707286,21.30,84.30,7.50,159
2026-08-19 17:12,1154827286,21.50,84.40,8.33,177
2026-08-19 17:14,1154947286,21.50,84.30,7.50,151
2026-08-19 17:16,1155067286,21.40,84.40,6.67,138
2026-08-19 17:18,1155187286,21.50,84.40,5.83,162
2026-08-19 17:20,1155307286,21.50,84.40,5.00,171
2026-08-19 17:22,1155427286,21.60,84.20,5.00,161
2026-08-19 17:24,1155547286,21.50,83.80,5.00,205
2026-08-19 17:26,1155667286,21.50,83.80,5.00,149
2026-08-19 17:28,1155787286,21.50,84.00,5.00,132
2026-08-19 17:30,1155907286,21.60,83.90,4.17,162
2026-08-19 17:32,1156027286,21.60,84.10,3.33,155
2026-08-19 17:34,1156147286,21.50,84.00,3.33,153
2026-08-19 17:36,1156267286,21.60,83.90,2.50,154
2026-08-19 17:38,1156387286,21.50,84.00,2.50,153
2026-08-19 17:40,1156507286,21.60,84.00,2.50,179
2026-08-19 17:42,1156627286,21.50,84.30,2.50,158
2026-08-19 17:44,1156747286,21.60,83.90,2.50,160
2026-08-19 17:46,1156867286,21.50,84.00,1.67,178
2026-08-19 17:48,1156987286,21.60,84.00,1.67,161
2026-08-19 17:50,1157107286,21.60,84.00,1.67,123
2026-08-19 17:52,1157227286,21.60,84.10,1.67,172
2026-08-19 17:54,1157347286,21.60,84.10,1.67,145
2026-08-19 17:56,1157467286,21.60,83.90,1.67,143
2026-08-19 17:58,1157587286,21.70,83.90,0.83,157
2026-08-19 18:00,1157707286,21.60,83.90,0.83,145
2026-08-19 18:02,1157827286,21.70,84.00,0.83,164
2026-08-19 18:04,1157947286,21.60,84.10,0.83,192
2026-08-19 18:06,1158067286,21.70,84.60,0.83,177
2026-08-19 18:08,1158187286,21.60,83.60,0.83,153
2026-08-19 18:10,1158307286,21.70,83.60,0.00,130
2026-08-19 18:12,1158427286,21.60,83.90,0.00,158
2026-08-19 18:14,1158547286,21.70,83.90,0.00,135
2026-08-19 18:16,1158667286,21.70,83.70,0.00,133
2026-08-19 18:18,1158787286,21.70,83.80,0.00,156
2026-08-19 18:20,1158907286,21.70,83.80,0.00,144
2026-08-19 18:22,1159027286,21.70,83.70,0.00,187
2026-08-19 18:24,1159147286,21.70,84.00,0.00,133
2026-08-19 18:26,1159267286,21.70,84.40,0.00,172
2026-08-19 18:28,1159387286,21.70,84.20,0.00,148
2026-08-19 18:30,1159507286,21.70,84.00,51.67,163
2026-08-19 18:32,1159627286,21.70,84.20,50.83,184
2026-08-19 18:34,1159747286,21.70,84.40,50.00,126
2026-08-19 18:36,1159867286,21.60,84.10,49.17,128
2026-08-19 18:38,1159987286,21.70,84.30,49.17,158
2026-08-19 18:40,1160107286,21.70,84.20,49.17,152
2026-08-19 18:42,1160227286,21.70,83.90,48.33,141
2026-08-19 18:44,1160347286,21.60,84.10,48.33,140
2026-08-19 18:46,1160467286,21.70,84.10,48.33,142
2026-08-19 18:48,1160587286,21.70,84.10,48.33,205
2026-08-19 18:50,1160707286,21.70,84.20,47.50,135
2026-08-19 18:52,1160827286,21.50,84.30,47.50,159
2026-08-19 18:54,1160947286,21.60,84.00,47.50,187
2026-08-19 18:56,1161067286,21.50,83.90,47.50,125
2026-08-19 18:58,1161187286,21.50,84.00,47.50,198
2026-08-19 19:00,1161307286,21.60,83.90,46.67,154
2026-08-19 19:02,1161427286,21.60,83.90,46.67,133
2026-08-19 19:04,1161547286,21.60,84.10,46.67,134
2026-08-19 19:06,1161667286,21.50,84.00,47.50,119
2026-08-19 19:08,1161787286,21.40,84.30,47.50,164
2026-08-19 19:10,1161907286,21.60,84.30,46.67,146
2026-08-19 19:12,1162027286,21.40,85.00,46.67,224
2026-08-19 19:14,1162147286,21.50,84.40,46.67,152
2026-08-19 19:16,1162267286,21.50,84.10,46.67,164
2026-08-19 19:18,1162387286,21.40,84.10,47.50,143
2026-08-19 19:20,1162507286,21.50,84.00,46.67,144
2026-08-19 19:22,1162627286,21.50,83.90,47.50,179
2026-08-19 19:24,1162747286,21.50,84.00,46.67,166
2026-08-19 19:26,1162867286,21.50,84.10,47.50,158
2026-08-19 19:28,1162987286,21.50,83.80,47.50,148
2026-08-19 19:30,1163107286,21.50,83.90,46.67,153
2026-08-19 19:32,1163227286,21.60,83.70,46.67,148
2026-08-19 19:34,1163347286,21.50,83.60,46.67,169
2026-08-19 19:36,1163467286,21.50,83.40,47.50,126
2026-08-19 19:38,1163587286,21.50,83.20,46.67,130
2026-08-19 19:40,1163707286,21.50,83.20,46.67,146
2026-08-19 19:42,1163827286,21.50,83.70,46.67,132
2026-08-19 19:44,1163947286,21.50,83.90,47.50,132
2026-08-19 19:46,1164067286,21.50,84.10,46.67,124
2026-08-19 19:48,1164187286,21.40,84.20,46.67,149
2026-08-19 19:50,1164307286,21.50,84.40,47.50,136
2026-08-19 19:52,1164427286,21.50,84.20,46.67,128
2026-08-19 19:54,1164547286,21.60,84.30,46.67,185
2026-08-19 19:56,1164667286,21.60,84.40,46.67,150
2026-08-19 19:58,1164787286,21.50,84.40,46.67,157
2026-08-19 20:00,1164907286,21.50,84.40,47.50,130
2026-08-19 20:02,1165027286,21.40,84.50,46.67,156
2026-08-19 20:04,1165147286,21.50,84.80,46.67,147
2026-08-19 20:06,1165267286,21.50,84.50,47.50,151
2026-08-19 20:08,1165387286,21.50,84.80,46.67,133
2026-08-19 20:10,1165507286,21.40,84.60,46.67,202
2026-08-19 20:12,1165627286,21.40,84.60,46.67,184
2026-08-19 20:14,1165747286,21.50,84.60,46.67,185
2026-08-19 20:16,1165867286,21.40,84.50,47.50,151
2026-08-19 20:18,1165987286,21.40,84.40,46.67,160
2026-08-19 20:20,1166107286,21.40,84.40,47.50,173
2026-08-19 20:22,1166227286,21.40,84.60,46.67,160
2026-08-19 20:24,1166347286,21.40,84.60,46.67,168
2026-08-19 20:26,1166467286,21.50,84.70,47.50,134
2026-08-19 20:28,1166587286,21.40,84.60,46.67,155
2026-08-19 20:30,1166707286,21.30,84.60,46.67,159
2026-08-19 20:32,1166827286,21.20,84.60,46.67,123
2026-08-19 20:34,1166947286,21.30,84.50,47.50,132
2026-08-19 20:36,1167067286,21.20,84.50,47.50,120
2026-08-19 20:38,1167187286,21.30,84.60,47.50,125
2026-08-19 20:40,1167307286,21.20,84.70,46.67,229
2026-08-19 20:42,1167427286,21.20,84.70,47.50,171
2026-08-19 20:44,1167547286,21.20,84.70,47.50,170
2026-08-19 20:46,1167667286,21.10,84.90,46.67,172
2026-08-19 20:48,1167787286,21.10,84.70,46.67,216
2026-08-19 20:50,1167907286,21.20,84.50,47.50,139
2026-08-19 20:52,1168027286,21.20,84.60,46.67,148
2026-08-19 20:54,1168147286,21.20,84.30,46.67,193
2026-08-19 20:56,1168267286,21.20,84.90,47.50,167
2026-08-19 20:58,1168387286,21.20,84.70,47.50,134
2026-08-19 21:00,1168507286,21.20,84.50,46.67,117
2026-08-19 21:02,1168627286,21.30,84.60,47.50,135
2026-08-19 21:04,1168747286,21.30,84.50,46.67,141
2026-08-19 21:06,1168867286,21.30,84.40,46.67,155
2026-08-19 21:08,1168987286,21.30,84.20,46.67,146
2026-08-19 21:10,1169107286,21.20,84.60,46.67,152
2026-08-19 21:12,1169227286,21.10,84.70,46.67,199
2026-08-19 21:14,1169347286,21.20,84.70,46.67,163
2026-08-19 21:16,1169467286,21.20,84.50,46.67,148
2026-08-19 21:18,1169587286,21.20,84.30,47.50,137
2026-08-19 21:20,1169707286,21.20,84.40,46.67,165
2026-08-19 21:22,1169827286,21.30,84.20,46.67,178
2026-08-19 21:24,1169947286,21.30,84.10,47.50,143
2026-08-19 21:26,1170067286,21.30,84.20,46.67,143
2026-08-19 21:28,1170187286,21.30,84.60,46.67,143
2026-08-19 21:30,1170307286,21.30,84.50,47.50,144
2026-08-19 21:32,1170427286,21.30,84.60,46.67,146
2026-08-19 21:34,1170547286,21.30,84.80,46.67,191
2026-08-19 21:36,1170667286,21.30,84.70,46.67,153
2026-08-19 21:38,1170787286,21.20,84.80,46.67,139
2026-08-19 21:40,1170907286,21.10,85.00,47.50,185
2026-08-19 21:42,1171027286,21.20,85.10,47.50,142
2026-08-19 21:44,1171147286,21.20,85.00,46.67,147
2026-08-19 21:46,1171267286,21.20,85.00,46.67,158
2026-08-19 21:48,1171387286,21.10,84.80,47.50,152
2026-08-19 21:50,1171507286,21.10,85.00,46.67,133
2026-08-19 21:52,1171627286,21.20,84.70,46.67,136
2026-08-19 21:54,1171747286,21.10,84.50,47.50,140
2026-08-19 21:56,1171867286,21.30,84.50,47.50,149
2026-08-19 21:58,1171987286,21.30,84.20,47.50,178
2026-08-19 22:00,1172107286,21.20,84.20,46.67,150
2026-08-19 22:02,1172227286,21.30,84.10,47.50,138
2026-08-19 22:04,1172347286,21.30,84.20,46.67,149
2026-08-19 22:06,1172467286,21.20,84.20,46.67,186
2026-08-19 22:08,1172587286,21.20,83.90,46.67,152
2026-08-19 22:10,1172707286,21.20,84.00,47.50,209
2026-08-19 22:12,1172827286,21.20,84.20,47.50,160
2026-08-19 22:14,1172947286,21.10,84.30,47.50,126
2026-08-19 22:16,1173067286,21.10,84.40,46.67,140
2026-08-19 22:18,1173187286,21.20,84.40,46.67,166
2026-08-19 22:20,1173307286,21.10,84.20,47.50,149
2026-08-19 22:22,1173427286,21.10,84.20,46.67,148
2026-08-19 22:24,1173547286,21.10,84.40,46.67,119
2026-08-19 22:26,1173667286,21.10,84.50,46.67,142
2026-08-19 22:28,1173787286,21.10,84.40,47.50,139
2026-08-19 22:30,1173907286,21.10,84.40,47.50,154
2026-08-19 22:32,1174027286,21.10,84.30,47.50,162
2026-08-19 22:34,1174147286,21.10,84.50,47.50,168
2026-08-19 22:36,1174267286,21.00,84.60,46.67,165
2026-08-19 22:38,1174387286,21.00,84.80,46.67,153
2026-08-19 22:40,1174507286,20.90,84.70,47.50,177
2026-08-19 22:42,1174627286,21.10,84.20,47.50,151
2026-08-19 22:44,1174747286,21.10,84.00,47.50,157
2026-08-19 22:46,1174867286,21.10,83.90,47.50,152
2026-08-19 22:48,1174987286,21.10,83.90,47.50,176
2026-08-19 22:50,1175107286,21.00,84.20,47.50,202
2026-08-19 22:52,1175227286,21.10,84.10,47.50,208
2026-08-19 22:54,1175347286,21.00,84.20,47.50,168
2026-08-19 22:56,1175467286,21.00,84.20,46.67,179
2026-08-19 22:58,1175587286,21.00,84.30,47.50,162
2026-08-19 23:00,1175707286,21.00,83.90,47.50,175
2026-08-19 23:02,1175827286,20.90,83.90,46.67,137
2026-08-19 23:04,1175947286,20.90,84.20,47.50,178
2026-08-19 23:06,1176067286,20.90,84.20,47.50,180
2026-08-19 23:08,1176187286,20.90,84.40,46.67,158
2026-08-19 23:10,1176307286,20.90,84.40,47.50,160
2026-08-19 23:12,1176427286,20.90,84.40,46.67,168
2026-08-19 23:14,1176547286,20.90,84.40,46.67,161
2026-08-19 23:16,1176667286,20.90,84.30,47.50,171
2026-08-19 23:18,1176787286,20.90,84.30,46.67,157
2026-08-19 23:20,1176907286,20.90,84.30,46.67,157
2026-08-19 23:22,1177027286,20.90,84.30,47.50,194
2026-08-19 23:24,1177147286,20.90,84.00,46.67,150
2026-08-19 23:26,1177267286,20.90,84.10,47.50,165
2026-08-19 23:28,1177387286,20.90,84.00,46.67,149
2026-08-19 23:30,1177507286,21.10,83.70,46.67,177
2026-08-19 23:32,1177627286,21.10,83.50,47.50,168
2026-08-19 23:34,1177747286,21.00,83.50,47.50,136
2026-08-19 23:36,1177867286,21.00,84.00,47.50,164
2026-08-19 23:38,1177987286,20.90,83.70,47.50,164
2026-08-19 23:40,1178107286,21.00,83.60,47.50,153
2026-08-19 23:42,1178227286,20.90,84.00,46.67,169
2026-08-19 23:44,1178347286,20.90,83.90,46.67,171
2026-08-19 23:46,1178467286,21.00,83.80,46.67,166
2026-08-19 23:48,1178587286,21.00,83.90,47.50,178
2026-08-19 23:50,1178707286,20.90,83.80,47.50,145
2026-08-19 23:52,1178827286,20.90,83.80,47.50,152
2026-08-19 23:54,1178947286,20.90,83.80,47.50,193
2026-08-19 23:56,1179067286,20.80,83.80,47.50,150
2026-08-19 23:58,1179187286,20.80,84.10,47.50,166
2026-08-20 00:00,1179307286,20.70,84.10,47.50,192
2026-08-20 00:02,1179427286,20.70,84.10,47.50,162
2026-08-20 00:04,1179547286,20.70,84.00,47.50,148
2026-08-20 00:06,1179667286,20.60,84.10,47.50,167
2026-08-20 00:08,1179787286,20.50,84.30,47.50,141
2026-08-20 00:10,1179907286,20.50,84.00,47.50,148
2026-08-20 00:12,1180027286,20.50,84.00,47.50,176
2026-08-20 00:14,1180147286,20.40,84.30,47.50,149
2026-08-20 00:16,1180267286,20.40,84.30,0.00,143
2026-08-20 00:18,1180387286,20.20,84.70,0.00,167
2026-08-20 00:20,1180507286,20.20,84.60,0.00,194
2026-08-20 00:22,1180627286,20.10,84.70,0.00,163
2026-08-20 00:24,1180747286,20.10,84.60,0.00,165
2026-08-20 00:26,1180867286,20.10,84.80,0.00,166
2026-08-20 00:28,1180987286,20.00,84.60,0.00,168
2026-08-20 00:30,1181107286,19.80,85.10,0.00,138
2026-08-20 00:32,1181227286,19.90,85.20,0.00,144
2026-08-20 00:34,1181347286,19.70,85.30,0.00,154
2026-08-20 00:36,1181467286,19.60,85.30,0.00,135
2026-08-20 00:38,1181587286,19.70,85.30,0.00,186
2026-08-20 00:40,1181707286,19.60,85.30,0.00,176
2026-08-20 00:42,1181827286,19.50,85.70,0.00,156
2026-08-20 00:44,1181947286,19.60,85.50,0.00,183
2026-08-20 00:46,1182067286,19.50,85.40,0.00,140
2026-08-20 00:48,1182187286,19.50,85.20,0.00,155
2026-08-20 00:50,1182307286,19.40,85.30,0.00,171
2026-08-20 00:52,1182427286,19.20,85.70,0.00,179
2026-08-20 00:54,1182547286,19.30,85.50,0.00,145
2026-08-20 00:56,1182667286,19.30,85.10,0.00,161
2026-08-20 00:58,1182787286,19.20,85.10,0.00,155
2026-08-20 01:00,1182907286,19.20,84.80,0.00,187
2026-08-20 01:02,1183027286,19.20,84.90,0.00,179
2026-08-20 01:04,1183147286,19.10,84.90,0.00,187
2026-08-20 01:06,1183267286,19.10,85.00,0.00,160
2026-08-20 01:08,1183387286,19.10,85.00,0.00,162
2026-08-20 01:10,1183507286,19.20,84.70,0.00,174
2026-08-20 01:12,1183627286,19.10,84.80,0.00,149
2026-08-20 01:14,1183747286,19.10,84.60,0.00,147
2026-08-20 01:16,1183867286,19.10,84.50,0.00,169
2026-08-20 01:18,1183987286,19.00,84.30,0.00,147
2026-08-20 01:20,1184107286,19.00,84.20,0.00,156
2026-08-20 01:22,1184227286,19.00,84.20,0.00,182
2026-08-20 01:24,1184347286,18.90,84.10,0.00,160
2026-08-20 01:26,1184467286,18.90,84.10,0.00,143
2026-08-20 01:28,1184587286,18.90,84.00,0.00,152
2026-08-20 01:30,1184707286,18.70,84.10,0.00,153
2026-08-20 01:32,1184827286,18.70,83.90,0.00,168
2026-08-20 01:34,1184947286,18.60,83.90,0.00,181
2026-08-20 01:36,1185067286,18.60,84.00,0.00,155
2026-08-20 01:38,1185187286,18.60,84.10,0.00,162
2026-08-20 01:40,1185307286,18.50,84.00,0.00,150
2026-08-20 01:42,1185427286,18.50,84.20,0.00,254
2026-08-20 01:44,1185547286,18.50,84.00,0.00,137
2026-08-20 01:46,1185667286,18.40,84.30,0.00,156
2026-08-20 01:48,1185787286,18.40,84.20,0.00,163
2026-08-20 01:50,1185907286,18.40,83.90,0.00,133
2026-08-20 01:52,1186027286,18.40,83.80,0.00,163
2026-08-20 01:54,1186147286,18.40,83.60,0.00,164
2026-08-20 01:56,1186267286,18.40,83.60,0.00,140
2026-08-20 01:58,1186387286,18.40,83.60,0.00,171
2026-08-20 02:00,1186507286,18.20,83.70,0.00,196
2026-08-20 02:02,1186627286,18.20,84.00,0.00,183
2026-08-20 02:04,1186747286,18.20,84.00,0.00,152
2026-08-20 02:06,1186867286,18.20,83.70,0.00,166
2026-08-20 02:08,1186987286,18.20,84.10,0.00,155
2026-08-20 02:10,1187107286,18.20,83.70,0.00,157
2026-08-20 02:12,1187227286,18.10,83.70,0.00,167
2026-08-20 02:14,1187347286,18.10,83.60,0.00,157
2026-08-20 02:16,1187467286,18.10,83.30,0.00,197
2026-08-20 02:18,1187587286,18.10,83.20,0.00,175
2026-08-20 02:20,1187707286,18.10,82.80,0.00,173
2026-08-20 02:22,1187827286,18.00,83.20,0.00,168
2026-08-20 02:24,1187947286,18.10,83.30,0.00,161
2026-08-20 02:26,1188067286,18.10,83.00,0.00,153
2026-08-20 02:28,1188187286,18.10,82.70,0.00,146
2026-08-20 02:30,1188307286,18.00,81.90,0.00,149
2026-08-20 02:32,1188427286,17.90,82.80,0.00,153
2026-08-20 02:34,1188547286,17.90,82.70,0.00,124
2026-08-20 02:36,1188667286,17.80,82.50,0.00,156
2026-08-20 02:38,1188787286,17.80,82.50,0.00,160
2026-08-20 02:40,1188907286,17.70,82.80,0.00,152
2026-08-20 02:42,1189027286,17.60,83.00,0.00,147
2026-08-20 02:44,1189147286,17.80,83.00,0.00,142
2026-08-20 02:46,1189267286,17.70,82.80,0.00,145
2026-08-20 02:48,1189387286,17.70,82.60,0.00,148
2026-08-20 02:50,1189507286,17.80,82.70,0.00,139
2026-08-20 02:52,1189627286,17.70,82.20,0.00,156
2026-08-20 02:54,1189747286,17.50,82.30,0.00,159
2026-08-20 02:56,1189867286,17.50,83.00,0.00,130
2026-08-20 02:58,1189987286,17.40,83.30,0.00,189
2026-08-20 03:00,1190107286,17.40,83.20,0.00,162
2026-08-20 03:02,1190227286,17.50,83.20,0.00,153
2026-08-20 03:04,1190347286,17.40,83.20,0.00,149
2026-08-20 03:06,1190467286,17.40,83.40,0.00,143
2026-08-20 03:08,1190587286,17.40,83.10,0.00,141
2026-08-20 03:10,1190707286,17.20,83.10,0.00,163
2026-08-20 03:12,1190827286,17.20,82.80,0.00,137
2026-08-20 03:14,1190947286,17.20,83.00,0.00,148
2026-08-20 03:16,1191067286,17.20,83.00,0.00,142
2026-08-20 03:18,1191187286,17.10,83.00,0.00,256
2026-08-20 03:20,1191307286,17.00,83.30,0.00,140
2026-08-20 03:22,1191427286,17.00,83.30,0.00,122
2026-08-20 03:24,1191547286,17.10,83.30,0.00,121
2026-08-20 03:26,1191667286,17.00,83.60,0.00,143
2026-08-20 03:28,1191787286,17.00,83.60,0.00,140
2026-08-20 03:30,1191907286,16.90,83.50,0.00,135
2026-08-20 03:32,1192027286,16.90,83.60,0.00,143
2026-08-20 03:34,1192147286,17.00,83.30,51.67,155
2026-08-20 03:36,1192267286,17.00,83.20,50.83,147
2026-08-20 03:38,1192387286,16.90,83.10,50.00,147
2026-08-20 03:40,1192507286,16.80,83.30,50.00,136
2026-08-20 03:42,1192627286,16.70,83.50,49.17,154
2026-08-20 03:44,1192747286,16.70,83.60,49.17,158
2026-08-20 03:46,1192867286,16.70,83.30,49.17,158
2026-08-20 03:48,1192987286,16.70,83.60,48.33,159
2026-08-20 03:50,1193107286,16.70,83.40,48.33,161
2026-08-20 03:52,1193227286,16.70,83.40,48.33,145
2026-08-20 03:54,1193347286,16.60,83.20,48.33,171
2026-08-20 03:56,1193467286,16.60,82.80,47.50,141
2026-08-20 03:58,1193587286,16.50,83.10,48.33,151
2026-08-20 04:00,1193707286,16.40,83.70,47.50,124
2026-08-20 04:02,1193827286,16.40,83.30,47.50,171
2026-08-20 04:04,1193947286,16.30,83.60,48.33,180
2026-08-20 04:06,1194067286,16.20,84.10,47.50,147
2026-08-20 04:08,1194187286,16.10,84.50,47.50,155
2026-08-20 04:10,1194307286,16.10,84.90,48.33,153
2026-08-20 04:12,1194427286,16.10,84.90,47.50,153
2026-08-20 04:14,1194547286,16.00,85.20,47.50,160
2026-08-20 04:16,1194667286,16.00,84.80,47.50,204
2026-08-20 04:18,1194787286,16.00,84.80,47.50,169
2026-08-20 04:20,1194907286,15.90,85.20,47.50,151
2026-08-20 04:22,1195027286,16.00,84.90,47.50,181
2026-08-20 04:24,1195147286,15.90,85.20,47.50,142
2026-08-20 04:26,1195267286,15.90,85.40,47.50,147
2026-08-20 04:28,1195387286,15.90,85.10,47.50,153
2026-08-20 04:30,1195507286,16.00,84.90,47.50,128
2026-08-20 04:32,1195627286,15.90,85.20,47.50,122
2026-08-20 04:34,1195747286,16.00,85.00,47.50,182
2026-08-20 04:36,1195867286,16.10,84.80,47.50,168
2026-08-20 04:38,1195987286,16.20,84.40,47.50,135
2026-08-20 04:40,1196107286,16.30,83.60,47.50,149
2026-08-20 04:42,1196227286,16.30,83.60,47.50,133
2026-08-20 04:44,1196347286,16.30,83.40,47.50,142
2026-08-20 04:46,1196467286,16.40,83.40,47.50,154
2026-08-20 04:48,1196587286,16.40,83.60,47.50,114
2026-08-20 04:50,1196707286,16.30,83.50,47.50,153
2026-08-20 04:52,1196827286,16.40,83.10,47.50,164
2026-08-20 04:54,1196947286,16.40,83.10,47.50,127
2026-08-20 04:56,1197067286,16.20,83.80,47.50,155
2026-08-20 04:58,1197187286,16.00,84.30,47.50,169
2026-08-20 05:00,1197307286,15.90,84.70,47.50,196
2026-08-20 05:02,1197427286,15.90,85.10,48.33,166
2026-08-20 05:04,1197547286,15.80,85.20,48.33,148
2026-08-20 05:06,1197667286,15.80,85.30,47.50,137
2026-08-20 05:08,1197787286,15.80,85.30,47.50,163
2026-08-20 05:10,1197907286,15.70,85.60,48.33,149
2026-08-20 05:12,1198027286,15.60,85.80,48.33,151
2026-08-20 05:14,1198147286,15.60,85.90,47.50,150
2026-08-20 05:16,1198267286,15.60,85.80,48.33,144
2026-08-20 05:18,1198387286,15.60,85.80,47.50,132
2026-08-20 05:20,1198507286,15.60,85.80,47.50,168
2026-08-20 05:22,1198627286,15.60,86.10,47.50,145
2026-08-20 05:24,1198747286,15.60,86.00,48.33,144
2026-08-20 05:26,1198867286,15.60,85.90,47.50,123
2026-08-20 05:28,1198987286,15.50,86.00,47.50,154
2026-08-20 05:30,1199107286,15.60,85.90,47.50,150
2026-08-20 05:32,1199227286,15.50,86.10,47.50,121
2026-08-20 05:34,1199347286,15.50,86.00,48.33,158
2026-08-20 05:36,1199467286,15.60,86.20,47.50,158
2026-08-20 05:38,1199587286,15.50,86.20,47.50,158
2026-08-20 05:40,1199707286,15.60,86.10,47.50,169
2026-08-20 05:42,1199827286,15.60,86.10,47.50,125
2026-08-20 05:44,1199947286,15.60,85.80,47.50,157
2026-08-20 05:46,1200067286,15.60,85.50,47.50,134
2026-08-20 05:48,1200187286,15.60,85.60,47.50,193
2026-08-20 05:50,1200307286,15.50,85.80,47.50,140
2026-08-20 05:52,1200427286,15.50,85.90,47.50,156
2026-08-20 05:54,1200547286,15.40,85.90,47.50,162
2026-08-20 05:56,1200667286,15.40,85.70,47.50,146
2026-08-20 05:58,1200787286,15.30,85.90,48.33,137
2026-08-20 06:00,1200907286,15.40,85.80,47.50,133
2026-08-20 06:02,1201027286,15.30,86.00,47.50,162
2026-08-20 06:04,1201147286,15.40,85.80,47.50,135
2026-08-20 06:06,1201267286,15.30,85.60,47.50,143
2026-08-20 06:08,1201387286,15.40,85.50,47.50,160
2026-08-20 06:10,1201507286,15.40,85.60,47.50,136
2026-08-20 06:12,1201627286,15.40,85.80,47.50,157
2026-08-20 06:14,1201747286,15.30,85.90,47.50,126
2026-08-20 06:16,1201867286,15.30,86.10,47.50,153
2026-08-20 06:18,1201987286,15.40,86.00,47.50,135
2026-08-20 06:20,1202107286,15.40,85.80,47.50,144
2026-08-20 06:22,1202227286,15.50,85.60,47.50,185
2026-08-20 06:24,1202347286,15.40,85.80,47.50,161
2026-08-20 06:26,1202467286,15.40,85.90,47.50,172
2026-08-20 06:28,1202587286,15.30,86.10,47.50,165
2026-08-20 06:30,1202707286,15.40,85.90,47.50,171
2026-08-20 06:32,1202827286,15.40,85.90,47.50,127
2026-08-20 06:34,1202947286,15.50,85.90,47.50,178
2026-08-20 06:36,1203067286,15.50,85.80,47.50,131
2026-08-20 06:38,1203187286,15.50,85.70,47.50,148
2026-08-20 06:40,1203307286,15.40,85.70,47.50,128
2026-08-20 06:42,1203427286,15.40,85.90,47.50,115
2026-08-20 06:44,1203547286,15.50,85.90,47.50,158
2026-08-20 06:46,1203667286,15.40,86.10,47.50,160
2026-08-20 06:48,1203787286,15.40,86.10,47.50,145
2026-08-20 06:50,1203907286,15.40,86.30,47.50,145
2026-08-20 06:52,1204027286,15.50,86.30,47.50,137
2026-08-20 06:54,1204147286,15.50,86.00,47.50,150
2026-08-20 06:56,1204267286,15.50,85.90,47.50,129
2026-08-20 06:58,1204387286,15.60,85.50,47.50,156
2026-08-20 07:00,1204507286,15.60,85.70,47.50,167
2026-08-20 07:02,1204627286,15.50,85.60,47.50,171
2026-08-20 07:04,1204747286,15.60,85.60,47.50,117
2026-08-20 07:06,1204867286,15.60,85.70,47.50,145
2026-08-20 07:08,1204987286,15.50,85.90,48.33,155
2026-08-20 07:10,1205107286,15.50,86.10,47.50,155
2026-08-20 07:12,1205227286,15.40,86.10,47.50,128
2026-08-20 07:14,1205347286,15.40,86.30,47.50,152
2026-08-20 07:16,1205467286,15.40,86.50,47.50,130
2026-08-20 07:18,1205587286,15.40,86.40,48.33,181
2026-08-20 07:20,1205707286,15.40,86.30,47.50,152
2026-08-20 07:22,1205827286,15.30,86.60,48.33,144
2026-08-20 07:24,1205947286,15.40,86.50,48.33,165
2026-08-20 07:26,1206067286,15.50,86.30,48.33,189
2026-08-20 07:28,1206187286,15.60,86.10,48.33,151
2026-08-20 07:30,1206307286,15.60,85.70,75.00,144
2026-08-20 07:32,1206427286,15.60,85.70,74.17,118
2026-08-20 07:34,1206547286,15.60,86.00,73.33,157
2026-08-20 07:36,1206667286,15.60,86.20,73.33,145
2026-08-20 07:38,1206787286,15.50,86.10,73.33,156
2026-08-20 07:40,1206907286,15.50,86.10,72.50,179
2026-08-20 07:42,1207027286,15.50,86.00,73.33,182
2026-08-20 07:44,1207147286,15.50,85.90,73.33,150
2026-08-20 07:46,1207267286,15.50,86.20,72.50,183
2026-08-20 07:48,1207387286,15.50,86.30,73.33,134
2026-08-20 07:50,1207507286,15.50,86.20,75.00,143
2026-08-20 07:52,1207627286,15.50,86.10,76.67,129
2026-08-20 07:54,1207747286,15.50,85.90,75.83,182
2026-08-20 07:56,1207867286,15.50,86.40,75.83,146
2026-08-20 07:58,1207987286,15.50,86.20,74.17,142
2026-08-20 08:00,1208107286,15.50,86.10,73.33,156
2026-08-20 08:02,1208227286,15.50,86.00,26.67,176
2026-08-20 08:04,1208347286,15.50,86.40,28.33,144
2026-08-20 08:06,1208467286,15.50,86.10,28.33,149
2026-08-20 08:08,1208587286,15.60,86.10,28.33,197
2026-08-20 08:10,1208707286,15.60,85.80,30.00,133
2026-08-20 08:12,1208827286,15.60,85.70,32.50,148
2026-08-20 08:14,1208947286,15.70,85.40,33.33,159
2026-08-20 08:16,1209067286,15.70,85.40,31.67,116
2026-08-20 08:18,1209187286,15.70,85.50,32.50,214
2026-08-20 08:20,1209307286,15.60,85.50,32.50,150
2026-08-20 08:22,1209427286,15.60,85.80,30.83,152
2026-08-20 08:24,1209547286,15.70,85.70,31.67,138
2026-08-20 08:26,1209667286,15.70,85.60,33.33,140
2026-08-20 08:28,1209787286,15.70,85.00,30.83,146
2026-08-20 08:30,1209907286,15.60,84.80,29.17,137
2026-08-20 08:32,1210027286,15.60,85.10,28.33,155
2026-08-20 08:34,1210147286,15.60,84.90,29.17,147
2026-08-20 08:36,1210267286,15.50,84.30,30.83,137
2026-08-20 08:38,1210387286,15.40,84.40,33.33,181
2026-08-20 08:40,1210507286,15.40,84.60,32.50,146
2026-08-20 08:42,1210627286,15.20,84.30,30.00,153
2026-08-20 08:44,1210747286,15.10,85.10,31.67,137
2026-08-20 08:46,1210867286,15.00,85.10,34.17,140
2026-08-20 08:48,1210987286,14.90,85.60,31.67,154
2026-08-20 08:50,1211107286,14.80,85.60,31.67,153
2026-08-20 08:52,1211227286,15.00,85.80,37.50,143
2026-08-20 08:54,1211347286,14.80,85.60,45.00,131
2026-08-20 08:56,1211467286,14.80,85.60,50.83,129
2026-08-20 08:58,1211587286,14.80,85.50,53.33,136
2026-08-20 09:00,1211707286,14.80,85.10,58.33,158
2026-08-20 09:02,1211827286,14.80,85.30,62.50,143
2026-08-20 09:04,1211947286,14.80,85.00,63.33,172
2026-08-20 09:06,1212067286,14.80,85.10,55.00,129
2026-08-20 09:08,1212187286,14.80,85.60,58.33,126
2026-08-20 09:10,1212307286,14.80,85.40,61.67,143
2026-08-20 09:12,1212427286,14.80,84.90,71.67,150
2026-08-20 09:14,1212547286,15.00,85.10,70.00,163
2026-08-20 09:16,1212667286,14.90,84.60,70.00,166
2026-08-20 09:18,1212787286,14.90,85.00,70.00,171
2026-08-20 09:20,1212907286,15.00,85.10,56.67,131
2026-08-20 09:22,1213027286,14.90,84.70,45.83,143
2026-08-20 09:24,1213147286,14.90,84.40,54.17,130
2026-08-20 09:26,1213267286,14.80,84.60,60.00,126
2026-08-20 09:28,1213387286,14.90,84.40,60.00,141
2026-08-20 09:30,1213507286,14.80,84.80,62.50,141
2026-08-20 09:32,1213627286,14.90,85.10,54.17,170
2026-08-20 09:34,1213747286,14.90,85.00,52.50,130
2026-08-20 09:36,1213867286,14.90,85.10,60.00,175
2026-08-20 09:38,1213987286,15.10,84.50,71.67,173
2026-08-20 09:40,1214107286,15.20,84.70,74.17,160
2026-08-20 09:42,1214227286,15.20,84.40,78.33,164
2026-08-20 09:44,1214347286,15.30,84.60,70.83,160
2026-08-20 09:46,1214467286,15.20,84.50,78.33,156
2026-08-20 09:48,1214587286,15.20,83.80,79.17,183
2026-08-20 09:50,1214707286,15.10,83.70,86.67,122
2026-08-20 09:52,1214827286,15.10,83.80,91.67,117
2026-08-20 09:54,1214947286,15.10,84.60,88.33,167
2026-08-20 09:56,1215067286,15.10,84.50,79.17,157
2026-08-20 09:58,1215187286,15.10,84.90,75.00,151
2026-08-20 10:00,1215307286,15.10,84.60,78.33,130
2026-08-20 10:02,1215427286,15.20,84.60,84.17,155
2026-08-20 10:04,1215547286,15.10,84.40,117.50,145
2026-08-20 10:06,1215667286,15.30,85.00,108.33,182
2026-08-20 10:08,1215787286,15.30,85.10,106.67,134
2026-08-20 10:10,1215907286,15.40,85.10,94.17,141
2026-08-20 10:12,1216027286,15.40,84.00,75.83,152
2026-08-20 10:14,1216147286,15.40,84.40,75.83,125
2026-08-20 10:16,1216267286,15.30,83.90,77.50,156
2026-08-20 10:18,1216387286,15.30,83.90,75.00,158
2026-08-20 10:20,1216507286,15.30,83.90,70.00,133
2026-08-20 10:22,1216627286,15.30,84.50,75.83,134
2026-08-20 10:24,1216747286,15.40,84.20,75.00,163
2026-08-20 10:26,1216867286,15.50,83.90,68.33,159
2026-08-20 10:28,1216987286,15.50,84.10,63.33,251
2026-08-20 10:30,1217107286,15.30,83.70,61.67,150
2026-08-20 10:32,1217227286,15.30,84.00,59.17,217
2026-08-20 10:34,1217347286,15.30,83.60,64.17,133
2026-08-20 10:36,1217467286,15.40,84.00,65.83,142
2026-08-20 10:38,1217587286,15.30,83.90,70.83,137
2026-08-20 10:40,1217707286,15.20,83.90,82.50,184
2026-08-20 10:42,1217827286,15.30,84.20,85.83,177
2026-08-20 10:44,1217947286,15.20,84.00,75.00,168
2026-08-20 10:46,1218067286,15.30,84.30,72.50,150
2026-08-20 10:48,1218187286,15.40,84.10,77.50,198
2026-08-20 10:50,1218307286,15.30,84.10,85.83,156
2026-08-20 10:52,1218427286,15.30,84.20,92.50,173
2026-08-20 10:54,1218547286,15.20,83.90,85.00,165
2026-08-20 10:56,1218667286,15.30,83.90,90.00,156
2026-08-20 10:58,1218787286,15.40,84.00,87.50,157
2026-08-20 11:00,1218907286,15.40,83.60,75.00,160
2026-08-20 11:02,1219027286,15.40,83.60,73.33,153
2026-08-20 11:04,1219147286,15.50,83.30,79.17,152
2026-08-20 11:06,1219267286,15.50,83.80,76.67,132
2026-08-20 11:08,1219387286,15.50,83.20,81.67,155
2026-08-20 11:10,1219507286,15.50,83.40,82.50,129
2026-08-20 11:12,1219627286,15.50,83.40,106.67,159
2026-08-20 11:14,1219747286,15.50,83.60,98.33,166
2026-08-20 11:16,1219867286,15.60,82.90,90.83,135
2026-08-20 11:18,1219987286,15.50,83.20,93.33,166
2026-08-20 11:20,1220107286,15.60,82.70,92.50,134
2026-08-20 11:22,1220227286,15.60,83.20,82.50,143
2026-08-20 11:24,1220347286,15.60,82.70,74.17,112
2026-08-20 11:26,1220467286,15.60,82.70,73.33,163
2026-08-20 11:28,1220587286,15.50,82.70,65.83,141
2026-08-20 11:30,1220707286,15.60,82.60,62.50,141
2026-08-20 11:32,1220827286,15.50,82.40,57.50,145
2026-08-20 11:34,1220947286,15.40,82.50,57.50,154
2026-08-20 11:36,1221067286,15.40,83.10,59.17,148
2026-08-20 11:38,1221187286,15.30,83.40,59.17,155
2026-08-20 11:40,1221307286,15.40,82.30,55.83,149
2026-08-20 11:42,1221427286,15.40,82.10,54.17,169
2026-08-20 11:44,1221547286,15.40,83.00,56.67,250
2026-08-20 11:46,1221667286,15.40,82.70,58.33,137
2026-08-20 11:48,1221787286,15.40,82.40,58.33,182
2026-08-20 11:50,1221907286,15.40,82.70,60.00,125
2026-08-20 11:52,1222027286,15.50,82.40,69.17,172
2026-08-20 11:54,1222147286,15.40,82.70,65.83,179
2026-08-20 11:56,1222267286,15.40,82.40,78.33,112
2026-08-20 11:58,1222387286,15.40,83.00,87.50,198
2026-08-20 12:00,1222507286,15.40,83.00,82.50,140
2026-08-20 12:02,1222627286,15.40,82.60,85.83,197
2026-08-20 12:04,1222747286,15.40,83.10,103.33,130
2026-08-20 12:06,1222867286,15.50,83.70,135.83,152
2026-08-20 12:08,1222987286,15.50,83.80,121.67,145
2026-08-20 12:10,1223107286,15.50,84.00,111.67,130
2026-08-20 12:12,1223227286,15.60,83.70,189.17,162
2026-08-20 12:14,1223347286,15.70,83.70,135.83,162
2026-08-20 12:16,1223467286,15.70,83.50,116.67,158
2026-08-20 12:18,1223587286,15.80,82.80,131.67,142
2026-08-20 12:20,1223707286,15.80,83.50,143.33,141
2026-08-20 12:22,1223827286,15.80,83.70,138.33,144
2026-08-20 12:24,1223947286,15.90,83.40,136.67,148
2026-08-20 12:26,1224067286,15.70,82.30,128.33,143
2026-08-20 12:28,1224187286,15.70,83.10,93.33,154
2026-08-20 12:30,1224307286,15.70,83.30,97.50,174
2026-08-20 12:32,1224427286,15.50,83.00,117.50,121
2026-08-20 12:34,1224547286,15.60,83.50,134.17,161
2026-08-20 12:36,1224667286,15.70,83.80,140.83,153
2026-08-20 12:38,1224787286,15.70,83.80,174.17,161
2026-08-20 12:40,1224907286,15.90,83.50,164.17,177
2026-08-20 12:42,1225027286,15.90,83.40,133.33,154
2026-08-20 12:44,1225147286,15.90,82.90,125.83,177
2026-08-20 12:46,1225267286,15.90,82.80,119.17,153
2026-08-20 12:48,1225387286,15.90,82.60,127.50,235
2026-08-20 12:50,1225507286,15.90,82.10,136.67,163
2026-08-20 12:52,1225627286,15.70,81.80,155.83,179
2026-08-20 12:54,1225747286,15.70,82.20,122.50,199
2026-08-20 12:56,1225867286,15.60,81.70,95.00,210
2026-08-20 12:58,1225987286,15.50,81.70,96.67,160
2026-08-20 13:00,1226107286,15.40,82.40,102.50,159
2026-08-20 13:02,1226227286,15.50,83.50,101.67,187
2026-08-20 13:04,1226347286,15.60,83.00,95.00,194
2026-08-20 13:06,1226467286,15.60,82.40,85.83,155
2026-08-20 13:08,1226587286,15.60,81.50,92.50,213
2026-08-20 13:10,1226707286,15.50,82.40,91.67,148
2026-08-20 13:12,1226827286,15.50,82.00,87.50,141
2026-08-20 13:14,1226947286,15.40,82.80,82.50,147
2026-08-20 13:16,1227067286,15.50,83.00,75.83,163
2026-08-20 13:18,1227187286,15.40,82.20,80.00,136
2026-08-20 13:20,1227307286,15.40,82.10,87.50,140
2026-08-20 13:22,1227427286,15.40,83.00,121.67,136
2026-08-20 13:24,1227547286,15.50,82.90,161.67,173
2026-08-20 13:26,1227667286,15.50,82.40,144.17,152
2026-08-20 13:28,1227787286,15.60,82.50,118.33,152
2026-08-20 13:30,1227907286,15.60,82.20,92.50,163
2026-08-20 13:32,1228027286,15.60,81.60,59.17,137
2026-08-20 13:34,1228147286,15.60,81.60,58.33,144
2026-08-20 13:36,1228267286,15.60,82.30,69.17,162
2026-08-20 13:38,1228387286,15.60,82.50,86.67,165
2026-08-20 13:40,1228507286,15.60,83.00,95.00,145
2026-08-20 13:42,1228627286,15.60,82.10,100.00,153
2026-08-20 13:44,1228747286,15.50,82.10,106.67,189
2026-08-20 13:46,1228867286,15.50,82.80,115.00,175
2026-08-20 13:48,1228987286,15.50,81.80,133.33,139
2026-08-20 13:50,1229107286,15.50,80.90,176.67,146
2026-08-20 13:52,1229227286,15.50,81.40,423.33,156
2026-08-20 13:54,1229347286,15.60,82.10,180.00,157
2026-08-20 13:56,1229467286,15.60,80.30,144.17,170
2026-08-20 13:58,1229587286,15.70,80.40,120.83,227
2026-08-20 14:00,1229707286,15.70,79.60,108.33,155
2026-08-20 14:02,1229827286,15.80,79.50,104.17,211
2026-08-20 14:04,1229947286,15.70,79.00,96.67,119
2026-08-20 14:06,1230067286,15.60,79.80,101.67,133
2026-08-20 14:08,1230187286,15.60,79.90,106.67,148
2026-08-20 14:10,1230307286,15.50,80.00,85.00,150
2026-08-20 14:12,1230427286,15.60,79.80,75.00,151
2026-08-20 14:14,1230547286,15.60,79.80,79.17,134
2026-08-20 14:16,1230667286,15.60,80.60,93.33,188
2026-08-20 14:18,1230787286,15.50,80.80,88.33,157
2026-08-20 14:20,1230907286,15.70,80.30,85.00,133
2026-08-20 14:22,1231027286,15.70,80.60,77.50,117
2026-08-20 14:24,1231147286,15.70,80.70,74.17,182
2026-08-20 14:26,1231267286,15.70,79.20,78.33,129
2026-08-20 14:28,1231387286,15.60,79.90,78.33,168
2026-08-20 14:30,1231507286,15.60,80.50,76.67,138
2026-08-20 14:32,1231627286,15.50,80.60,77.50,144
2026-08-20 14:34,1231747286,15.50,80.50,75.83,135
2026-08-20 14:36,1231867286,15.30,80.10,77.50,176
2026-08-20 14:38,1231987286,15.20,81.20,81.67,186
2026-08-20 14:40,1232107286,15.10,81.60,91.67,160
2026-08-20 14:42,1232227286,15.10,80.90,98.33,163
2026-08-20 14:44,1232347286,15.10,81.40,100.00,149
2026-08-20 14:46,1232467286,15.00,81.60,105.00,141
2026-08-20 14:48,1232587286,15.00,81.70,105.83,126
2026-08-20 14:50,1232707286,15.00,81.60,102.50,143
2026-08-20 14:52,1232827286,15.00,81.60,95.83,134
2026-08-20 14:54,1232947286,15.10,81.30,95.83,151
2026-08-20 14:56,1233067286,15.00,80.80,92.50,158
2026-08-20 14:58,1233187286,15.00,81.10,91.67,139
2026-08-20 15:00,1233307286,15.00,80.40,95.83,145
2026-08-20 15:02,1233427286,15.00,80.20,102.50,145
2026-08-20 15:04,1233547286,15.00,80.30,108.33,206
2026-08-20 15:06,1233667286,15.10,80.40,180.00,214
2026-08-20 15:08,1233787286,15.20,81.50,187.50,147
2026-08-20 15:10,1233907286,15.10,80.80,177.50,178
2026-08-20 15:12,1234027286,15.30,80.90,413.33,153
2026-08-20 15:14,1234147286,15.50,80.10,353.33,153
2026-08-20 15:16,1234267286,15.70,79.80,251.67,232
2026-08-20 15:18,1234387286,15.90,79.40,333.33,148
2026-08-20 15:20,1234507286,16.10,79.10,208.33,153
2026-08-20 15:22,1234627286,16.10,76.80,225.00,168
2026-08-20 15:24,1234747286,16.10,75.30,200.83,131
2026-08-20 15:26,1234867286,16.20,76.60,218.33,139
2026-08-20 15:28,1234987286,16.30,76.30,207.50,147
2026-08-20 15:30,1235107286,16.40,76.10,160.00,135
2026-08-20 15:32,1235227286,16.40,75.70,120.83,146
2026-08-20 15:34,1235347286,16.30,76.10,92.50,153
2026-08-20 15:36,1235467286,16.30,76.20,81.67,188
2026-08-20 15:38,1235587286,16.20,76.10,78.33,173
2026-08-20 15:40,1235707286,16.20,77.30,68.33,165
2026-08-20 15:42,1235827286,16.10,76.50,69.17,145
2026-08-20 15:44,1235947286,16.00,76.10,79.17,138
2026-08-20 15:46,1236067286,15.90,77.50,61.67,150
2026-08-20 15:48,1236187286,15.90,78.00,65.83,146
2026-08-20 15:50,1236307286,15.80,76.30,71.67,124
2026-08-20 15:52,1236427286,15.90,76.20,87.50,161
2026-08-20 15:54,1236547286,15.80,76.50,100.00,145
2026-08-20 15:56,1236667286,15.70,76.10,225.83,134
2026-08-20 15:58,1236787286,15.60,75.40,114.17,169
2026-08-20 16:00,1236907286,15.60,76.30,87.50,129
2026-08-20 16:02,1237027286,15.50,75.10,55.83,179
2026-08-20 16:04,1237147286,15.40,77.00,55.83,153
2026-08-20 16:06,1237267286,15.30,76.20,65.00,114
2026-08-20 16:08,1237387286,15.30,76.10,69.17,162
2026-08-20 16:10,1237507286,15.20,76.50,56.67,143
2026-08-20 16:12,1237627286,15.10,77.80,43.33,145
2026-08-20 16:14,1237747286,15.20,77.10,35.83,111
2026-08-20 16:16,1237867286,15.10,76.90,30.00,142
2026-08-20 16:18,1237987286,15.10,77.20,26.67,165
2026-08-20 16:20,1238107286,14.90,76.80,25.83,153
2026-08-20 16:22,1238227286,15.00,77.00,32.50,116
2026-08-20 16:24,1238347286,14.80,77.90,51.67,140
2026-08-20 16:26,1238467286,14.80,78.10,55.00,196
2026-08-20 16:28,1238587286,14.80,77.10,65.00,131
2026-08-20 16:30,1238707286,14.70,77.10,65.00,150
2026-08-20 16:32,1238827286,14.70,78.10,77.50,186
2026-08-20 16:34,1238947286,14.70,77.70,67.50,144
2026-08-20 16:36,1239067286,14.70,78.10,45.00,174
2026-08-20 16:38,1239187286,14.80,78.00,31.67,129
2026-08-20 16:40,1239307286,14.90,78.00,20.83,177
2026-08-20 16:42,1239427286,14.80,77.60,15.83,175
2026-08-20 16:44,1239547286,14.80,77.90,15.00,144
2026-08-20 16:46,1239667286,14.80,77.60,13.33,133
2026-08-20 16:48,1239787286,14.80,77.40,13.33,134
2026-08-20 16:50,1239907286,14.70,77.80,13.33,129
2026-08-20 16:52,1240027286,14.70,77.70,13.33,149
2026-08-20 16:54,1240147286,14.60,77.70,14.17,156
2026-08-20 16:56,1240267286,14.50,78.40,15.00,175
2026-08-20 16:58,1240387286,14.50,78.50,17.50,145
2026-08-20 17:00,1240507286,14.40,78.30,18.33,179
2026-08-20 17:02,1240627286,14.50,78.30,20.00,146
2026-08-20 17:04,1240747286,14.50,77.90,20.83,147
2026-08-20 17:06,1240867286,14.30,78.20,21.67,138
2026-08-20 17:08,1240987286,14.30,78.30,22.50,143
2026-08-20 17:10,1241107286,14.30,78.60,20.83,159
2026-08-20 17:12,1241227286,14.30,78.50,20.00,149
2026-08-20 17:14,1241347286,14.30,78.80,16.67,120
2026-08-20 17:16,1241467286,14.20,79.10,15.00,123
2026-08-20 17:18,1241587286,14.20,78.20,13.33,128
2026-08-20 17:20,1241707286,14.20,78.20,14.17,152
2026-08-20 17:22,1241827286,14.20,78.50,15.00,145
2026-08-20 17:24,1241947286,14.20,79.00,14.17,173
2026-08-20 17:26,1242067286,14.10,79.10,15.00,130
2026-08-20 17:28,1242187286,14.10,78.50,18.33,159
2026-08-20 17:30,1242307286,14.10,78.70,16.67,144
2026-08-20 17:32,1242427286,14.10,78.30,15.00,158
2026-08-20 17:34,1242547286,14.00,78.70,12.50,151
2026-08-20 17:36,1242667286,14.00,78.30,10.83,139
2026-08-20 17:38,1242787286,13.90,78.10,9.17,125
2026-08-20 17:40,1242907286,14.00,78.30,6.67,155
2026-08-20 17:42,1243027286,14.00,78.40,5.83,135
2026-08-20 17:44,1243147286,14.00,78.50,5.83,157
2026-08-20 17:46,1243267286,13.80,78.00,5.00,142
2026-08-20 17:48,1243387286,13.90,78.60,5.00,141
2026-08-20 17:50,1243507286,13.90,78.50,5.00,169
2026-08-20 17:52,1243627286,13.90,78.10,4.17,136
2026-08-20 17:54,1243747286,13.80,77.80,3.33,149
2026-08-20 17:56,1243867286,13.80,78.60,3.33,155
2026-08-20 17:58,1243987286,13.80,78.20,2.50,187
2026-08-20 18:00,1244107286,13.80,78.10,2.50,161
2026-08-20 18:02,1244227286,13.70,78.40,2.50,127
2026-08-20 18:04,1244347286,13.70,78.70,1.67,130
2026-08-20 18:06,1244467286,13.70,78.90,1.67,131
2026-08-20 18:08,1244587286,13.70,79.10,0.83,133
2026-08-20 18:10,1244707286,13.60,79.40,0.83,131
2026-08-20 18:12,1244827286,13.60,79.70,0.83,109
2026-08-20 18:14,1244947286,13.70,79.70,0.83,143
2026-08-20 18:16,1245067286,13.70,80.00,0.83,151
2026-08-20 18:18,1245187286,13.70,79.20,0.83,132
2026-08-20 18:20,1245307286,13.70,79.90,0.00,136
2026-08-20 18:22,1245427286,13.70,80.10,0.00,153
2026-08-20 18:24,1245547286,13.60,79.90,0.00,126
2026-08-20 18:26,1245667286,13.60,79.80,0.00,125
2026-08-20 18:28,1245787286,13.60,79.80,0.00,146
2026-08-20 18:30,1245907286,13.60,79.80,51.67,115
2026-08-20 18:32,1246027286,13.60,80.10,50.83,159
2026-08-20 18:34,1246147286,13.40,80.60,50.83,144
2026-08-20 18:36,1246267286,13.50,80.60,49.17,157
2026-08-20 18:38,1246387286,13.50,81.10,49.17,141
2026-08-20 18:40,1246507286,13.40,81.30,49.17,141
2026-08-20 18:42,1246627286,13.40,81.40,49.17,126
2026-08-20 18:44,1246747286,13.40,81.60,48.33,143
2026-08-20 18:46,1246867286,13.20,81.90,48.33,143
2026-08-20 18:48,1246987286,13.20,82.40,48.33,145
2026-08-20 18:50,1247107286,13.10,82.80,48.33,128
2026-08-20 18:52,1247227286,13.00,83.00,48.33,140
2026-08-20 18:54,1247347286,13.10,83.20,48.33,174
2026-08-20 18:56,1247467286,13.10,83.50,48.33,139
2026-08-20 18:58,1247587286,13.00,83.50,48.33,166
2026-08-20 19:00,1247707286,13.00,83.60,47.50,195
2026-08-20 19:02,1247827286,13.00,83.20,47.50,156
2026-08-20 19:04,1247947286,13.00,83.20,47.50,122
2026-08-20 19:06,1248067286,13.00,83.30,48.33,144
2026-08-20 19:08,1248187286,13.00,83.50,47.50,148
2026-08-20 19:10,1248307286,13.00,83.00,47.50,139
2026-08-20 19:12,1248427286,12.90,83.10,47.50,144
2026-08-20 19:14,1248547286,13.00,83.20,47.50,199
2026-08-20 19:16,1248667286,12.90,83.30,47.50,127
2026-08-20 19:18,1248787286,12.90,83.40,48.33,151
2026-08-20 19:20,1248907286,12.80,83.40,47.50,146
2026-08-20 19:22,1249027286,12.90,83.80,48.33,161
2026-08-20 19:24,1249147286,12.90,83.70,47.50,160
2026-08-20 19:26,1249267286,12.80,83.70,48.33,145
2026-08-20 19:28,1249387286,12.80,83.90,47.50,179
2026-08-20 19:30,1249507286,12.80,84.00,48.33,162
2026-08-20 19:32,1249627286,12.70,84.10,47.50,117
2026-08-20 19:34,1249747286,12.70,84.20,47.50,159
2026-08-20 19:36,1249867286,12.60,84.30,48.33,166
2026-08-20 19:38,1249987286,12.70,84.50,48.33,130
2026-08-20 19:40,1250107286,12.60,84.50,48.33,140
2026-08-20 19:42,1250227286,12.60,84.60,48.33,169
2026-08-20 19:44,1250347286,12.60,84.60,48.33,144
2026-08-20 19:46,1250467286,12.60,84.90,48.33,157
2026-08-20 19:48,1250587286,12.70,84.70,48.33,142
2026-08-20 19:50,1250707286,12.60,84.70,47.50,131
2026-08-20 19:52,1250827286,12.60,84.40,47.50,114
2026-08-20 19:54,1250947286,12.70,84.50,48.33,138
2026-08-20 19:56,1251067286,12.70,84.60,48.33,144
2026-08-20 19:58,1251187286,12.70,84.50,48.33,153
2026-08-20 20:00,1251307286,12.70,84.40,47.50,116
2026-08-20 20:02,1251427286,12.70,84.30,48.33,145
2026-08-20 20:04,1251547286,12.70,84.40,47.50,124
2026-08-20 20:06,1251667286,12.80,84.40,47.50,145
2026-08-20 20:08,1251787286,12.80,84.40,47.50,177
2026-08-20 20:10,1251907286,12.80,84.30,47.50,123
2026-08-20 20:12,1252027286,12.70,84.30,47.50,151
2026-08-20 20:14,1252147286,12.70,84.20,48.33,141
2026-08-20 20:16,1252267286,12.70,84.50,47.50,129
2026-08-20 20:18,1252387286,12.70,84.40,47.50,131
2026-08-20 20:20,1252507286,12.70,84.70,47.50,144
2026-08-20 20:22,1252627286,12.60,84.90,48.33,165
2026-08-20 20:24,1252747286,12.70,84.60,47.50,149
2026-08-20 20:26,1252867286,12.70,84.80,47.50,132
2026-08-20 20:28,1252987286,12.70,84.90,47.50,174
2026-08-20 20:30,1253107286,12.50,84.70,48.33,158
2026-08-20 20:32,1253227286,12.60,84.90,47.50,107
2026-08-20 20:34,1253347286,12.60,84.70,48.33,132
2026-08-20 20:36,1253467286,12.70,84.80,47.50,166
2026-08-20 20:38,1253587286,12.60,84.70,47.50,130
2026-08-20 20:40,1253707286,12.60,84.60,47.50,133
2026-08-20 20:42,1253827286,12.60,84.40,47.50,170
2026-08-20 20:44,1253947286,12.50,84.90,48.33,130
2026-08-20 20:46,1254067286,12.70,85.00,47.50,152
2026-08-20 20:48,1254187286,12.60,84.80,48.33,122
2026-08-20 20:50,1254307286,12.60,84.50,47.50,146
2026-08-20 20:52,1254427286,12.60,84.60,47.50,138
2026-08-20 20:54,1254547286,12.60,84.50,47.50,145
2026-08-20 20:56,1254667286,12.60,83.90,47.50,133
2026-08-20 20:58,1254787286,12.60,84.00,47.50,140
2026-08-20 21:00,1254907286,12.50,84.00,48.33,128
2026-08-20 21:02,1255027286,12.50,84.10,47.50,134
2026-08-20 21:04,1255147286,12.60,84.10,47.50,137
2026-08-20 21:06,1255267286,12.50,84.20,47.50,137
2026-08-20 21:08,1255387286,12.50,84.50,47.50,173
2026-08-20 21:10,1255507286,12.50,84.20,48.33,135
2026-08-20 21:12,1255627286,12.40,84.30,48.33,147
2026-08-20 21:14,1255747286,12.30,84.40,47.50,151
2026-08-20 21:16,1255867286,12.40,84.30,47.50,137
2026-08-20 21:18,1255987286,12.40,84.30,48.33,150
2026-08-20 21:20,1256107286,12.40,84.10,48.33,196
2026-08-20 21:22,1256227286,12.30,84.20,47.50,124
2026-08-20 21:24,1256347286,12.30,84.30,47.50,117
2026-08-20 21:26,1256467286,12.30,84.30,47.50,154
2026-08-20 21:28,1256587286,12.30,84.40,47.50,131
2026-08-20 21:30,1256707286,12.40,84.20,48.33,157
2026-08-20 21:32,1256827286,12.20,84.40,47.50,135
2026-08-20 21:34,1256947286,12.30,84.30,47.50,117
2026-08-20 21:36,1257067286,12.30,84.30,47.50,134
2026-08-20 21:38,1257187286,12.30,84.30,47.50,150
2026-08-20 21:40,1257307286,12.30,84.30,47.50,133
2026-08-20 21:42,1257427286,12.30,84.30,48.33,163
2026-08-20 21:44,1257547286,12.30,84.30,48.33,102
2026-08-20 21:46,1257667286,12.20,84.40,47.50,133
2026-08-20 21:48,1257787286,12.30,84.20,47.50,125
2026-08-20 21:50,1257907286,12.30,84.50,48.33,131
2026-08-20 21:52,1258027286,12.30,84.50,48.33,146
2026-08-20 21:54,1258147286,12.30,84.30,47.50,171
2026-08-20 21:56,1258267286,12.30,84.30,47.50,143
2026-08-20 21:58,1258387286,12.20,84.30,48.33,149
2026-08-20 22:00,1258507286,12.20,84.20,48.33,150
2026-08-20 22:02,1258627286,12.30,84.40,47.50,158
2026-08-20 22:04,1258747286,12.30,84.20,47.50,146
2026-08-20 22:06,1258867286,12.30,84.30,47.50,143
2026-08-20 22:08,1258987286,12.30,84.20,47.50,168
2026-08-20 22:10,1259107286,12.20,84.30,47.50,145
2026-08-20 22:12,1259227286,12.20,84.30,48.33,126
2026-08-20 22:14,1259347286,12.30,84.40,47.50,148
2026-08-20 22:16,1259467286,12.40,84.30,47.50,142
2026-08-20 22:18,1259587286,12.30,84.40,47.50,143
2026-08-20 22:20,1259707286,12.40,84.30,47.50,138
2026-08-20 22:22,1259827286,12.50,84.20,47.50,146
2026-08-20 22:24,1259947286,12.50,84.10,48.33,160
2026-08-20 22:26,1260067286,12.40,84.40,48.33,133
2026-08-20 22:28,1260187286,12.40,84.40,47.50,128
2026-08-20 22:30,1260307286,12.40,84.40,47.50,184
2026-08-20 22:32,1260427286,12.30,84.50,47.50,119
2026-08-20 22:34,1260547286,12.30,84.70,48.33,155
2026-08-20 22:36,1260667286,12.30,85.10,47.50,170
2026-08-20 22:38,1260787286,12.30,84.90,48.33,147
2026-08-20 22:40,1260907286,12.30,85.10,47.50,133
2026-08-20 22:42,1261027286,12.20,85.20,47.50,141
2026-08-20 22:44,1261147286,12.20,85.40,48.33,122
2026-08-20 22:46,1261267286,12.20,85.20,47.50,142
2026-08-20 22:48,1261387286,12.30,85.20,48.33,170
2026-08-20 22:50,1261507286,12.20,85.40,48.33,158
2026-08-20 22:52,1261627286,12.30,85.20,47.50,135
2026-08-20 22:54,1261747286,12.20,85.50,47.50,163
2026-08-20 22:56,1261867286,12.30,85.30,48.33,175
2026-08-20 22:58,1261987286,12.20,85.40,47.50,142
2026-08-20 23:00,1262107286,12.40,85.70,47.50,130
2026-08-20 23:02,1262227286,12.30,85.40,47.50,139
2026-08-20 23:04,1262347286,12.30,85.20,47.50,129
2026-08-20 23:06,1262467286,12.30,85.00,48.33,142
2026-08-20 23:08,1262587286,12.30,85.40,47.50,135
2026-08-20 23:10,1262707286,12.30,85.60,48.33,147
2026-08-20 23:12,1262827286,12.30,85.40,47.50,146
2026-08-20 23:14,1262947286,12.30,85.40,47.50,119
2026-08-20 23:16,1263067286,12.40,85.50,48.33,230
2026-08-20 23:18,1263187286,12.30,85.40,47.50,141
2026-08-20 23:20,1263307286,12.30,85.60,48.33,158
2026-08-20 23:22,1263427286,12.20,85.80,48.33,210
2026-08-20 23:24,1263547286,12.30,85.70,48.33,140
2026-08-20 23:26,1263667286,12.20,85.80,48.33,107
2026-08-20 23:28,1263787286,12.20,85.90,48.33,138
2026-08-20 23:30,1263907286,12.30,86.10,47.50,145
2026-08-20 23:32,1264027286,12.20,85.90,48.33,152
2026-08-20 23:34,1264147286,12.20,86.30,48.33,136
2026-08-20 23:36,1264267286,12.20,86.30,48.33,112
2026-08-20 23:38,1264387286,12.30,86.20,47.50,169
2026-08-20 23:40,1264507286,12.20,86.20,48.33,115
2026-08-20 23:42,1264627286,12.20,86.10,47.50,146
2026-08-20 23:44,1264747286,12.10,86.40,47.50,140
2026-08-20 23:46,1264867286,12.20,86.50,48.33,152
2026-08-20 23:48,1264987286,12.20,86.40,48.33,118
2026-08-20 23:50,1265107286,12.20,86.50,48.33,164
2026-08-20 23:52,1265227286,12.20,86.50,48.33,119
2026-08-20 23:54,1265347286,12.30,86.20,47.50,135
2026-08-20 23:56,1265467286,12.30,86.40,47.50,125
2026-08-20 23:58,1265587286,12.20,86.20,48.33,156
2026-08-21 00:00,1265707286,12.30,86.20,48.33,150
2026-08-21 00:02,1265827286,12.30,86.10,48.33,190
2026-08-21 00:04,1265947286,12.30,86.10,47.50,150
2026-08-21 00:06,1266067286,12.30,86.10,47.50,181
2026-08-21 00:08,1266187286,12.20,86.30,48.33,157
2026-08-21 00:10,1266307286,12.30,86.50,47.50,145
2026-08-21 00:12,1266427286,12.20,86.40,47.50,110
2026-08-21 00:14,1266547286,12.30,86.40,0.00,110
2026-08-21 00:16,1266667286,12.20,86.50,0.00,131
2026-08-21 00:18,1266787286,12.20,86.40,0.00,142
2026-08-21 00:20,1266907286,12.20,86.60,0.00,156
2026-08-21 00:22,1267027286,12.30,86.50,0.00,132
2026-08-21 00:24,1267147286,12.20,86.40,0.00,126
2026-08-21 00:26,1267267286,12.20,86.20,0.00,124
2026-08-21 00:28,1267387286,12.20,86.50,0.00,128
2026-08-21 00:30,1267507286,12.20,86.40,0.00,126
2026-08-21 00:32,1267627286,12.20,86.70,0.00,178
2026-08-21 00:34,1267747286,12.20,86.60,0.00,146
2026-08-21 00:36,1267867286,12.20,86.60,0.00,113
2026-08-21 00:38,1267987286,12.30,86.70,0.00,144
2026-08-21 00:40,1268107286,12.20,86.60,0.00,128
2026-08-21 00:42,1268227286,12.20,86.90,0.00,137
2026-08-21 00:44,1268347286,12.30,86.80,0.00,129
2026-08-21 00:46,1268467286,12.20,86.40,0.00,147
2026-08-21 00:48,1268587286,12.30,86.50,0.00,158
2026-08-21 00:50,1268707286,12.30,86.20,0.00,136
2026-08-21 00:52,1268827286,12.40,86.20,0.00,157
2026-08-21 00:54,1268947286,12.40,86.20,0.00,145
2026-08-21 00:56,1269067286,12.20,86.50,0.00,138
2026-08-21 00:58,1269187286,12.30,86.70,0.00,163
2026-08-21 01:00,1269307286,12.30,86.70,0.00,166
2026-08-21 01:02,1269427286,12.30,86.70,0.00,121
2026-08-21 01:04,1269547286,12.30,86.70,0.00,142
2026-08-21 01:06,1269667286,12.30,86.30,0.00,123
2026-08-21 01:08,1269787286,12.40,86.50,0.00,124
2026-08-21 01:10,1269907286,12.30,86.40,0.00,144
2026-08-21 01:12,1270027286,12.40,86.50,0.00,123
2026-08-21 01:14,1270147286,12.30,86.50,0.00,170
2026-08-21 01:16,1270267286,12.30,86.90,0.00,126
2026-08-21 01:18,1270387286,12.30,86.60,0.00,136
2026-08-21 01:20,1270507286,12.30,86.80,0.00,156
2026-08-21 01:22,1270627286,12.30,86.80,0.00,187
2026-08-21 01:24,1270747286,12.40,86.60,0.00,117
2026-08-21 01:26,1270867286,12.40,86.60,0.00,157
2026-08-21 01:28,1270987286,12.30,86.60,0.00,180
2026-08-21 01:30,1271107286,12.40,87.00,0.00,148
2026-08-21 01:32,1271227286,12.30,86.70,0.00,158
2026-08-21 01:34,1271347286,12.30,86.90,0.00,176
2026-08-21 01:36,1271467286,12.30,87.00,0.00,142
2026-08-21 01:38,1271587286,12.30,86.90,0.00,151
2026-08-21 01:40,1271707286,12.30,86.70,0.00,138
2026-08-21 01:42,1271827286,12.30,86.90,0.00,134
2026-08-21 01:44,1271947286,12.30,86.90,0.00,160
2026-08-21 01:46,1272067286,12.30,87.00,0.00,134
2026-08-21 01:48,1272187286,12.40,86.80,0.00,146
2026-08-21 01:50,1272307286,12.40,86.70,0.00,177
2026-08-21 01:52,1272427286,12.40,86.70,0.00,155
2026-08-21 01:54,1272547286,12.40,86.60,0.00,124
2026-08-21 01:56,1272667286,12.40,86.70,0.00,138
2026-08-21 01:58,1272787286,12.40,86.80,0.00,147
2026-08-21 02:00,1272907286,12.40,86.90,0.00,170
2026-08-21 02:02,1273027286,12.30,86.90,0.00,267
2026-08-21 02:04,1273147286,12.40,87.20,0.00,140
2026-08-21 02:06,1273267286,12.40,87.10,0.00,147
2026-08-21 02:08,1273387286,12.30,87.10,0.00,186
2026-08-21 02:10,1273507286,12.30,87.20,0.00,165
2026-08-21 02:12,1273627286,12.30,87.20,0.00,145
2026-08-21 02:14,1273747286,12.40,87.30,0.00,123
2026-08-21 02:16,1273867286,12.30,87.50,0.00,139
2026-08-21 02:18,1273987286,12.50,87.20,0.00,140
2026-08-21 02:20,1274107286,12.30,87.40,0.00,143
2026-08-21 02:22,1274227286,12.40,87.10,0.00,123
2026-08-21 02:24,1274347286,12.40,86.90,0.00,134
2026-08-21 02:26,1274467286,12.50,87.20,0.00,173
2026-08-21 02:28,1274587286,12.50,87.30,0.00,127
2026-08-21 02:30,1274707286,12.50,87.20,0.00,118
2026-08-21 02:32,1274827286,12.60,87.00,0.00,171
2026-08-21 02:34,1274947286,12.60,87.00,0.00,131
2026-08-21 02:36,1275067286,12.60,86.80,0.00,153
2026-08-21 02:38,1275187286,12.70,86.90,0.00,132
2026-08-21 02:40,1275307286,12.60,86.90,0.00,130
2026-08-21 02:42,1275427286,12.60,86.90,0.00,123
2026-08-21 02:44,1275547286,12.70,86.50,0.00,136
2026-08-21 02:46,1275667286,12.70,86.90,0.00,137
2026-08-21 02:48,1275787286,12.70,86.80,0.00,135
2026-08-21 02:50,1275907286,12.60,86.90,0.00,242
2026-08-21 02:52,1276027286,12.60,86.70,0.00,166
2026-08-21 02:54,1276147286,12.70,86.80,0.00,140
2026-08-21 02:56,1276267286,12.60,86.90,0.00,160
2026-08-21 02:58,1276387286,12.60,87.00,0.00,136
2026-08-21 03:00,1276507286,12.60,87.00,0.00,149
2026-08-21 03:02,1276627286,12.60,87.10,0.00,129
2026-08-21 03:04,1276747286,12.70,87.10,0.00,140
2026-08-21 03:06,1276867286,12.70,87.00,0.00,146
2026-08-21 03:08,1276987286,12.60,87.00,0.00,163
2026-08-21 03:10,1277107286,12.70,87.10,0.00,140
2026-08-21 03:12,1277227286,12.60,87.10,0.00,145
2026-08-21 03:14,1277347286,12.70,86.90,0.00,143
2026-08-21 03:16,1277467286,12.70,86.40,0.00,145
2026-08-21 03:18,1277587286,12.70,86.30,0.00,136
2026-08-21 03:20,1277707286,12.70,86.00,0.00,123
2026-08-21 03:22,1277827286,12.80,85.80,0.00,150
2026-08-21 03:24,1277947286,12.80,85.80,0.00,128
2026-08-21 03:26,1278067286,12.70,86.00,0.00,135
2026-08-21 03:28,1278187286,12.70,85.80,0.00,124
2026-08-21 03:30,1278307286,12.70,85.80,0.00,182
2026-08-21 03:32,1278427286,12.70,85.80,0.00,154
2026-08-21 03:34,1278547286,12.80,85.70,50.83,157
2026-08-21 03:36,1278667286,12.80,85.50,50.83,145
2026-08-21 03:38,1278787286,12.80,85.20,50.00,140
2026-08-21 03:40,1278907286,12.70,85.20,49.17,137
2026-08-21 03:42,1279027286,12.70,84.50,49.17,136
2026-08-21 03:44,1279147286,12.80,84.40,49.17,132
2026-08-21 03:46,1279267286,12.70,84.20,49.17,154
2026-08-21 03:48,1279387286,12.70,83.90,49.17,151
2026-08-21 03:50,1279507286,12.70,84.30,48.33,135
2026-08-21 03:52,1279627286,12.60,84.50,48.33,132
2026-08-21 03:54,1279747286,12.70,84.50,48.33,175
2026-08-21 03:56,1279867286,12.70,84.50,47.50,133
2026-08-21 03:58,1279987286,12.50,84.50,48.33,145
2026-08-21 04:00,1280107286,12.50,84.50,48.33,123
2026-08-21 04:02,1280227286,12.50,84.40,48.33,145
2026-08-21 04:04,1280347286,12.40,84.30,48.33,111
2026-08-21 04:06,1280467286,12.50,84.40,48.33,128
2026-08-21 04:08,1280587286,12.50,84.30,47.50,120
2026-08-21 04:10,1280707286,12.50,84.30,47.50,111
2026-08-21 04:12,1280827286,12.50,84.60,47.50,135
2026-08-21 04:14,1280947286,12.60,84.60,47.50,139
2026-08-21 04:16,1281067286,12.40,84.70,47.50,132
2026-08-21 04:18,1281187286,12.50,84.50,47.50,136
2026-08-21 04:20,1281307286,12.40,84.50,47.50,137
2026-08-21 04:22,1281427286,12.40,84.50,48.33,130
2026-08-21 04:24,1281547286,12.40,84.60,48.33,130
2026-08-21 04:26,1281667286,12.40,84.90,47.50,129
2026-08-21 04:28,1281787286,12.40,84.50,47.50,151
2026-08-21 04:30,1281907286,12.40,84.40,47.50,143
2026-08-21 04:32,1282027286,12.40,84.10,47.50,117
2026-08-21 04:34,1282147286,12.50,84.20,47.50,133
2026-08-21 04:36,1282267286,12.40,84.00,47.50,154
2026-08-21 04:38,1282387286,12.40,84.10,47.50,137
2026-08-21 04:40,1282507286,12.30,83.90,47.50,215
2026-08-21 04:42,1282627286,12.40,83.90,47.50,129
2026-08-21 04:44,1282747286,12.30,84.10,47.50,134
2026-08-21 04:46,1282867286,12.20,84.10,47.50,116
2026-08-21 04:48,1282987286,12.30,84.00,48.33,136
2026-08-21 04:50,1283107286,12.20,84.10,47.50,204
2026-08-21 04:52,1283227286,12.20,84.20,47.50,114
2026-08-21 04:54,1283347286,12.20,84.10,47.50,123
2026-08-21 04:56,1283467286,12.30,84.10,47.50,128
2026-08-21 04:58,1283587286,12.20,84.10,47.50,123
2026-08-21 05:00,1283707286,12.20,84.20,47.50,142
2026-08-21 05:02,1283827286,12.20,84.20,47.50,192
2026-08-21 05:04,1283947286,12.20,84.10,47.50,142
2026-08-21 05:06,1284067286,12.20,84.00,47.50,117
2026-08-21 05:08,1284187286,12.20,83.90,47.50,141
2026-08-21 05:10,1284307286,12.20,83.90,47.50,190
2026-08-21 05:12,1284427286,12.20,83.90,47.50,119
2026-08-21 05:14,1284547286,12.20,83.80,47.50,146
2026-08-21 05:16,1284667286,12.30,83.70,47.50,187
2026-08-21 05:18,1284787286,12.30,83.60,47.50,140
2026-08-21 05:20,1284907286,12.30,83.40,47.50,118
2026-08-21 05:22,1285027286,12.30,83.40,47.50,134
2026-08-21 05:24,1285147286,12.20,83.30,47.50,155
2026-08-21 05:26,1285267286,12.10,83.60,47.50,114
2026-08-21 05:28,1285387286,12.10,83.40,47.50,122
2026-08-21 05:30,1285507286,12.20,83.30,47.50,148
2026-08-21 05:32,1285627286,12.10,83.20,47.50,158
2026-08-21 05:34,1285747286,12.10,82.90,47.50,122
2026-08-21 05:36,1285867286,12.10,83.00,47.50,114
2026-08-21 05:38,1285987286,12.00,82.80,47.50,166
2026-08-21 05:40,1286107286,12.00,82.70,47.50,115
2026-08-21 05:42,1286227286,11.90,83.00,47.50,108
2026-08-21 05:44,1286347286,11.90,82.90,47.50,159
2026-08-21 05:46,1286467286,11.60,82.80,47.50,117
2026-08-21 05:48,1286587286,11.70,83.00,47.50,116
2026-08-21 05:50,1286707286,11.60,83.10,47.50,120
2026-08-21 05:52,1286827286,11.60,83.20,47.50,122
2026-08-21 05:54,1286947286,11.60,83.10,47.50,107
2026-08-21 05:56,1287067286,11.70,82.80,47.50,159
2026-08-21 05:58,1287187286,11.80,82.60,47.50,136
2026-08-21 06:00,1287307286,11.80,82.70,47.50,161
2026-08-21 06:02,1287427286,11.80,82.40,47.50,132
2026-08-21 06:04,1287547286,11.80,82.00,46.67,164
2026-08-21 06:06,1287667286,11.70,81.90,47.50,135
2026-08-21 06:08,1287787286,11.60,82.00,47.50,126
2026-08-21 06:10,1287907286,11.60,82.30,47.50,137
2026-08-21 06:12,1288027286,11.50,82.40,47.50,131
2026-08-21 06:14,1288147286,11.60,82.50,47.50,162
2026-08-21 06:16,1288267286,11.60,82.40,47.50,138
2026-08-21 06:18,1288387286,11.50,82.30,46.67,120
2026-08-21 06:20,1288507286,11.40,82.50,47.50,138
2026-08-21 06:22,1288627286,11.60,82.30,47.50,99
2026-08-21 06:24,1288747286,11.50,82.00,47.50,114
2026-08-21 06:26,1288867286,11.50,82.10,47.50,171
2026-08-21 06:28,1288987286,11.50,82.10,46.67,101
2026-08-21 06:30,1289107286,11.50,82.00,46.67,138
2026-08-21 06:32,1289227286,11.50,81.70,47.50,105
2026-08-21 06:34,1289347286,11.40,81.70,46.67,107
2026-08-21 06:36,1289467286,11.50,81.70,47.50,123
2026-08-21 06:38,1289587286,11.50,81.70,47.50,126
2026-08-21 06:40,1289707286,11.40,82.00,47.50,101
2026-08-21 06:42,1289827286,11.40,82.10,47.50,188
2026-08-21 06:44,1289947286,11.30,82.30,47.50,85
2026-08-21 06:46,1290067286,11.50,82.10,47.50,103
2026-08-21 06:48,1290187286,11.30,82.90,47.50,119
2026-08-21 06:50,1290307286,11.30,82.20,47.50,133
2026-08-21 06:52,1290427286,11.30,82.20,47.50,134
2026-08-21 06:54,1290547286,11.30,82.40,47.50,126
2026-08-21 06:56,1290667286,11.20,82.10,47.50,105
2026-08-21 06:58,1290787286,11.20,82.20,48.33,123
2026-08-21 07:00,1290907286,11.20,82.10,49.17,104
2026-08-21 07:02,1291027286,11.10,82.10,49.17,87
2026-08-21 07:04,1291147286,11.20,82.30,50.00,113
2026-08-21 07:06,1291267286,11.10,82.20,50.83,100
2026-08-21 07:08,1291387286,11.30,81.60,51.67,132
2026-08-21 07:10,1291507286,11.10,82.00,52.50,85
2026-08-21 07:12,1291627286,11.20,81.80,53.33,102
2026-08-21 07:14,1291747286,11.10,81.70,53.33,96
2026-08-21 07:16,1291867286,11.10,81.20,54.17,88
2026-08-21 07:18,1291987286,11.10,81.40,55.00,127
2026-08-21 07:20,1292107286,10.90,81.00,55.83,98
2026-08-21 07:22,1292227286,10.80,81.40,56.67,139
2026-08-21 07:24,1292347286,10.80,81.70,56.67,103
2026-08-21 07:26,1292467286,10.80,81.70,58.33,105
2026-08-21 07:28,1292587286,10.70,81.80,58.33,102
2026-08-21 07:30,1292707286,10.90,81.80,60.00,93
2026-08-21 07:32,1292827286,10.80,81.10,60.00,100
2026-08-21 07:34,1292947286,10.80,81.10,60.83,83
2026-08-21 07:36,1293067286,10.80,81.00,61.67,126
2026-08-21 07:38,1293187286,10.70,81.10,61.67,93
2026-08-21 07:40,1293307286,10.60,81.10,63.33,111
2026-08-21 07:42,1293427286,10.60,81.40,64.17,92
2026-08-21 07:44,1293547286,10.70,81.80,64.17,114
2026-08-21 07:46,1293667286,10.70,82.30,64.17,125
2026-08-21 07:48,1293787286,10.70,81.90,68.33,107
2026-08-21 07:50,1293907286,10.60,81.60,67.50,103
2026-08-21 07:52,1294027286,10.70,81.60,69.17,96
2026-08-21 07:54,1294147286,10.80,82.00,68.33,124
2026-08-21 07:56,1294267286,10.90,82.40,69.17,176
2026-08-21 07:58,1294387286,10.90,82.60,70.00,127
2026-08-21 08:00,1294507286,10.80,82.50,70.00,102
2026-08-21 08:02,1294627286,10.80,82.20,25.83,111
2026-08-21 08:04,1294747286,10.70,82.10,26.67,88
2026-08-21 08:06,1294867286,10.60,82.00,25.83,109
2026-08-21 08:08,1294987286,10.70,82.10,25.83,94
2026-08-21 08:10,1295107286,10.60,82.10,27.50,117
2026-08-21 08:12,1295227286,10.60,82.70,29.17,94
2026-08-21 08:14,1295347286,10.60,82.50,29.17,143
2026-08-21 08:16,1295467286,10.60,82.50,28.33,111
2026-08-21 08:18,1295587286,10.60,82.60,28.33,151
2026-08-21 08:20,1295707286,10.70,82.50,27.50,131
2026-08-21 08:22,1295827286,10.70,82.70,27.50,130
2026-08-21 08:24,1295947286,10.60,82.90,27.50,92
2026-08-21 08:26,1296067286,10.90,82.90,30.83,115
2026-08-21 08:28,1296187286,10.90,82.80,32.50,102
2026-08-21 08:30,1296307286,10.80,82.80,33.33,100
2026-08-21 08:32,1296427286,11.00,82.60,34.17,88
2026-08-21 08:34,1296547286,10.90,82.70,35.00,113
2026-08-21 08:36,1296667286,11.00,82.90,35.83,145
2026-08-21 08:38,1296787286,10.90,83.40,40.00,118
2026-08-21 08:40,1296907286,11.00,83.60,43.33,107
2026-08-21 08:42,1297027286,11.00,83.40,47.50,132
2026-08-21 08:44,1297147286,11.10,83.60,53.33,114
2026-08-21 08:46,1297267286,11.10,83.60,59.17,125
2026-08-21 08:48,1297387286,11.10,83.60,65.00,128
2026-08-21 08:50,1297507286,11.20,84.00,71.67,141
2026-08-21 08:52,1297627286,11.40,83.40,83.33,121
2026-08-21 08:54,1297747286,11.50,83.10,83.33,106
2026-08-21 08:56,1297867286,11.60,83.10,80.00,91
2026-08-21 08:58,1297987286,11.60,83.40,78.33,121
2026-08-21 09:00,1298107286,11.70,83.60,84.17,134
2026-08-21 09:02,1298227286,11.90,83.40,84.17,146
2026-08-21 09:04,1298347286,11.90,83.30,85.83,160
2026-08-21 09:06,1298467286,12.10,82.70,96.67,104
2026-08-21 09:08,1298587286,12.20,82.30,92.50,127
2026-08-21 09:10,1298707286,12.20,81.80,90.83,100
2026-08-21 09:12,1298827286,12.30,81.90,100.83,98
2026-08-21 09:14,1298947286,12.50,81.40,124.17,143
2026-08-21 09:16,1299067286,12.50,81.40,157.50,97
2026-08-21 09:18,1299187286,12.70,81.40,181.67,132
2026-08-21 09:20,1299307286,12.80,81.30,189.17,112
2026-08-21 09:22,1299427286,12.90,80.90,190.00,130
2026-08-21 09:24,1299547286,13.10,81.00,190.00,125
2026-08-21 09:26,1299667286,13.20,80.50,190.00,116
2026-08-21 09:28,1299787286,13.30,80.30,191.67,121
2026-08-21 09:30,1299907286,13.40,80.60,195.00,111
2026-08-21 09:32,1300027286,13.50,80.30,195.00,166
2026-08-21 09:34,1300147286,13.60,79.80,201.67,120
2026-08-21 09:36,1300267286,13.90,79.90,200.83,99
2026-08-21 09:38,1300387286,14.00,79.20,200.00,115
2026-08-21 09:40,1300507286,14.10,78.40,203.33,104
2026-08-21 09:42,1300627286,14.10,77.90,205.00,114
2026-08-21 09:44,1300747286,14.30,77.90,209.17,105
2026-08-21 09:46,1300867286,14.50,78.80,208.33,113
2026-08-21 09:48,1300987286,14.50,77.90,210.00,110
2026-08-21 09:50,1301107286,14.50,77.00,217.50,89
2026-08-21 09:52,1301227286,14.70,76.30,219.17,126
2026-08-21 09:54,1301347286,14.70,77.80,224.17,124
2026-08-21 09:56,1301467286,14.80,77.40,212.50,141
2026-08-21 09:58,1301587286,14.90,77.40,225.83,125
2026-08-21 10:00,1301707286,15.00,77.40,226.67,128
2026-08-21 10:02,1301827286,15.00,75.30,225.83,120
2026-08-21 10:04,1301947286,15.10,76.00,230.00,156
2026-08-21 10:06,1302067286,15.20,75.50,231.67,95
2026-08-21 10:08,1302187286,15.20,74.70,227.50,108
2026-08-21 10:10,1302307286,15.40,74.20,227.50,117
2026-08-21 10:12,1302427286,15.50,75.00,228.33,112
2026-08-21 10:14,1302547286,15.60,73.90,228.33,95
2026-08-21 10:16,1302667286,15.70,73.90,239.17,118
2026-08-21 10:18,1302787286,15.60,74.50,240.00,142
2026-08-21 10:20,1302907286,15.80,75.80,240.00,153
2026-08-21 10:22,1303027286,15.90,73.90,238.33,124
2026-08-21 10:24,1303147286,16.00,73.30,236.67,121
2026-08-21 10:26,1303267286,16.10,74.10,241.67,125
2026-08-21 10:28,1303387286,16.20,72.00,245.00,113
2026-08-21 10:30,1303507286,16.20,71.40,245.00,116
2026-08-21 10:32,1303627286,16.30,69.70,247.50,126
2026-08-21 10:34,1303747286,16.30,71.10,240.00,128
2026-08-21 10:36,1303867286,16.40,70.70,243.33,123
2026-08-21 10:38,1303987286,16.40,71.50,253.33,141
2026-08-21 10:40,1304107286,16.60,71.60,251.67,126
2026-08-21 10:42,1304227286,16.60,71.60,255.83,125
2026-08-21 10:44,1304347286,16.70,70.90,256.67,136
2026-08-21 10:46,1304467286,16.80,70.30,250.83,146
2026-08-21 10:48,1304587286,16.90,70.60,248.33,131
2026-08-21 10:50,1304707286,17.00,70.20,247.50,98
2026-08-21 10:52,1304827286,17.20,71.00,253.33,127
2026-08-21 10:54,1304947286,17.10,70.30,252.50,137
2026-08-21 10:56,1305067286,17.40,69.90,251.67,127
2026-08-21 10:58,1305187286,17.50,68.70,257.50,140
2026-08-21 11:00,1305307286,17.60,69.80,260.00,175
2026-08-21 11:02,1305427286,17.60,69.10,263.33,131
2026-08-21 11:04,1305547286,17.70,69.40,265.00,135
2026-08-21 11:06,1305667286,17.80,69.00,266.67,175
2026-08-21 11:08,1305787286,17.90,67.70,263.33,122
2026-08-21 11:10,1305907286,17.90,67.40,267.50,142
2026-08-21 11:12,1306027286,18.00,67.50,262.50,158
2026-08-21 11:14,1306147286,18.10,66.10,265.00,137
2026-08-21 11:16,1306267286,18.10,67.00,264.17,121
2026-08-21 11:18,1306387286,18.30,65.20,260.83,129
2026-08-21 11:20,1306507286,18.30,64.00,265.00,132
2026-08-21 11:22,1306627286,18.20,64.20,269.17,118
2026-08-21 11:24,1306747286,18.40,63.60,278.33,161
2026-08-21 11:26,1306867286,18.40,65.20,275.00,137
2026-08-21 11:28,1306987286,18.60,64.40,254.17,114
2026-08-21 11:30,1307107286,18.70,63.40,246.67,125
2026-08-21 11:32,1307227286,18.70,61.40,277.50,127
2026-08-21 11:34,1307347286,18.80,63.70,271.67,148
2026-08-21 11:36,1307467286,18.90,61.80,274.17,123
2026-08-21 11:38,1307587286,18.90,61.70,281.67,97
2026-08-21 11:40,1307707286,19.00,61.70,277.50,124
2026-08-21 11:42,1307827286,19.10,62.20,280.83,118
2026-08-21 11:44,1307947286,19.10,61.90,279.17,114
2026-08-21 11:46,1308067286,19.30,61.70,280.00,108
2026-08-21 11:48,1308187286,19.30,61.40,280.83,136
2026-08-21 11:50,1308307286,19.40,62.70,279.17,122
2026-08-21 11:52,1308427286,19.50,62.20,279.17,105
2026-08-21 11:54,1308547286,19.70,62.10,283.33,101
2026-08-21 11:56,1308667286,19.70,62.60,287.50,129
2026-08-21 11:58,1308787286,19.80,62.60,286.67,134
2026-08-21 12:00,1308907286,19.90,61.70,278.33,156
2026-08-21 12:02,1309027286,20.00,60.00,290.00,113
2026-08-21 12:04,1309147286,20.10,60.30,285.83,127
2026-08-21 12:06,1309267286,20.20,59.50,290.83,141
2026-08-21 12:08,1309387286,20.30,57.70,291.67,136
2026-08-21 12:10,1309507286,20.20,57.30,291.67,155
2026-08-21 12:12,1309627286,20.30,56.60,290.83,132
2026-08-21 12:14,1309747286,20.30,57.60,285.83,140
2026-08-21 12:16,1309867286,20.40,56.40,285.00,112
2026-08-21 12:18,1309987286,20.40,57.80,287.50,130
2026-08-21 12:20,1310107286,20.40,57.70,285.83,107
2026-08-21 12:22,1310227286,20.50,57.10,280.83,117
2026-08-21 12:24,1310347286,20.50,54.60,281.67,141
2026-08-21 12:26,1310467286,20.60,56.40,292.50,120
2026-08-21 12:28,1310587286,20.60,57.60,291.67,127
2026-08-21 12:30,1310707286,20.80,54.10,290.83,157
2026-08-21 12:32,1310827286,20.70,57.10,280.83,105
2026-08-21 12:34,1310947286,20.80,57.20,285.83,143
2026-08-21 12:36,1311067286,21.00,56.20,285.00,127
2026-08-21 12:38,1311187286,21.10,56.50,288.33,132
2026-08-21 12:40,1311307286,21.10,57.00,287.50,143
2026-08-21 12:42,1311427286,21.30,57.00,289.17,125
2026-08-21 12:44,1311547286,21.40,56.00,290.00,109
2026-08-21 12:46,1311667286,21.40,56.80,290.83,127
2026-08-21 12:48,1311787286,21.40,55.60,284.17,156
2026-08-21 12:50,1311907286,21.50,55.20,292.50,124
2026-08-21 12:52,1312027286,21.60,55.50,290.00,146
2026-08-21 12:54,1312147286,21.60,55.70,287.50,143
2026-08-21 12:56,1312267286,21.70,55.40,287.50,124
2026-08-21 12:58,1312387286,21.80,55.60,293.33,119
2026-08-21 13:00,1312507286,21.90,55.90,293.33,114
2026-08-21 13:02,1312627286,21.90,53.40,293.33,132
2026-08-21 13:04,1312747286,22.00,54.20,287.50,111
2026-08-21 13:06,1312867286,22.10,55.80,289.17,110
2026-08-21 13:08,1312987286,22.30,52.60,287.50,132
2026-08-21 13:10,1313107286,22.20,54.20,290.00,104
2026-08-21 13:12,1313227286,22.30,55.30,285.83,131
2026-08-21 13:14,1313347286,22.40,55.30,293.33,122
2026-08-21 13:16,1313467286,22.50,53.90,281.67,146
2026-08-21 13:18,1313587286,22.60,53.70,277.50,130
2026-08-21 13:20,1313707286,22.60,53.10,282.50,148
2026-08-21 13:22,1313827286,22.60,55.50,287.50,163
2026-08-21 13:24,1313947286,22.70,54.90,290.83,143
2026-08-21 13:26,1314067286,22.70,55.00,290.00,196
2026-08-21 13:28,1314187286,23.00,55.00,292.50,128
2026-08-21 13:30,1314307286,22.90,54.70,286.67,147
2026-08-21 13:32,1314427286,23.00,53.80,290.00,121
2026-08-21 13:34,1314547286,23.10,54.40,280.00,127
2026-08-21 13:36,1314667286,23.10,53.50,279.17,185
2026-08-21 13:38,1314787286,23.20,53.10,288.33,147
2026-08-21 13:40,1314907286,23.10,52.60,290.00,135
2026-08-21 13:42,1315027286,23.20,52.70,289.17,119
2026-08-21 13:44,1315147286,23.10,52.20,293.33,110
2026-08-21 13:46,1315267286,23.10,49.70,281.67,149
2026-08-21 13:48,1315387286,22.90,52.10,289.17,103
2026-08-21 13:50,1315507286,22.90,52.50,289.17,134
2026-08-21 13:52,1315627286,23.00,53.70,287.50,120
2026-08-21 13:54,1315747286,23.00,53.50,282.50,135
2026-08-21 13:56,1315867286,23.10,53.50,280.83,164
2026-08-21 13:58,1315987286,23.30,53.20,284.17,120
2026-08-21 14:00,1316107286,23.40,53.40,284.17,129
2026-08-21 14:02,1316227286,23.40,52.90,279.17,134
2026-08-21 14:04,1316347286,23.50,53.50,274.17,146
2026-08-21 14:06,1316467286,23.50,53.90,270.00,130
2026-08-21 14:08,1316587286,23.50,51.90,280.00,137
2026-08-21 14:10,1316707286,23.50,52.10,280.83,100
2026-08-21 14:12,1316827286,23.60,53.00,282.50,110
2026-08-21 14:14,1316947286,23.60,53.10,275.83,134
2026-08-21 14:16,1317067286,23.60,53.60,284.17,139
2026-08-21 14:18,1317187286,23.70,53.00,271.67,132
2026-08-21 14:20,1317307286,23.60,52.70,275.83,156
2026-08-21 14:22,1317427286,23.70,52.20,266.67,111
2026-08-21 14:24,1317547286,23.60,52.30,267.50,126
2026-08-21 14:26,1317667286,23.70,53.80,267.50,142
2026-08-21 14:28,1317787286,23.70,52.10,245.83,126
2026-08-21 14:30,1317907286,23.70,53.20,270.83,137
2026-08-21 14:32,1318027286,23.70,53.70,266.67,114
2026-08-21 14:34,1318147286,23.70,53.00,266.67,142
2026-08-21 14:36,1318267286,23.70,52.70,262.50,109
2026-08-21 14:38,1318387286,23.60,52.00,269.17,120
2026-08-21 14:40,1318507286,23.70,53.40,266.67,165
2026-08-21 14:42,1318627286,23.80,53.60,270.83,128
2026-08-21 14:44,1318747286,23.80,54.50,259.17,136
2026-08-21 14:46,1318867286,23.80,53.30,260.00,133
2026-08-21 14:48,1318987286,23.80,53.50,255.83,107
2026-08-21 14:50,1319107286,23.90,53.30,266.67,173
2026-08-21 14:52,1319227286,24.00,52.30,266.67,143
2026-08-21 14:54,1319347286,24.00,49.90,263.33,122
2026-08-21 14:56,1319467286,23.80,52.20,259.17,126
2026-08-21 14:58,1319587286,23.80,52.60,254.17,170
2026-08-21 15:00,1319707286,23.80,52.00,255.00,131
2026-08-21 15:02,1319827286,23.90,53.30,247.50,127
2026-08-21 15:04,1319947286,23.80,53.40,261.67,113
2026-08-21 15:06,1320067286,23.90,52.60,245.83,145
2026-08-21 15:08,1320187286,23.80,52.20,251.67,128
2026-08-21 15:10,1320307286,23.80,53.00,258.33,109
2026-08-21 15:12,1320427286,23.80,53.40,258.33,141
2026-08-21 15:14,1320547286,23.90,53.30,250.00,148
2026-08-21 15:16,1320667286,23.90,54.30,247.50,122
2026-08-21 15:18,1320787286,24.00,53.90,240.83,139
2026-08-21 15:20,1320907286,24.10,53.10,239.17,125
2026-08-21 15:22,1321027286,24.00,53.00,241.67,113
2026-08-21 15:24,1321147286,24.00,51.30,240.00,106
2026-08-21 15:26,1321267286,24.00,51.90,245.00,160
2026-08-21 15:28,1321387286,24.00,52.70,235.83,112
2026-08-21 15:30,1321507286,23.90,51.30,230.83,148
2026-08-21 15:32,1321627286,24.00,52.30,234.17,122
2026-08-21 15:34,1321747286,24.00,52.70,233.33,111
2026-08-21 15:36,1321867286,24.10,52.40,229.17,171
2026-08-21 15:38,1321987286,24.00,51.60,230.00,157
2026-08-21 15:40,1322107286,24.00,50.80,225.83,114
2026-08-21 15:42,1322227286,23.90,51.00,223.33,136
2026-08-21 15:44,1322347286,24.10,51.80,224.17,160
2026-08-21 15:46,1322467286,24.10,51.80,229.17,137
2026-08-21 15:48,1322587286,24.10,51.40,223.33,136
2026-08-21 15:50,1322707286,24.00,52.00,220.00,134
2026-08-21 15:52,1322827286,24.10,51.80,216.67,158
2026-08-21 15:54,1322947286,24.10,52.00,217.50,126
2026-08-21 15:56,1323067286,24.00,51.10,212.50,131
2026-08-21 15:58,1323187286,23.90,50.20,210.83,127
2026-08-21 16:00,1323307286,24.00,51.20,220.83,119
2026-08-21 16:02,1323427286,23.90,49.80,219.17,142
2026-08-21 16:04,1323547286,24.00,50.70,209.17,108
2026-08-21 16:06,1323667286,23.90,51.20,211.67,132
2026-08-21 16:08,1323787286,23.90,50.80,209.17,135
2026-08-21 16:10,1323907286,23.90,50.60,205.00,111
2026-08-21 16:12,1324027286,23.80,50.70,201.67,118
2026-08-21 16:14,1324147286,23.90,50.80,204.17,120
2026-08-21 16:16,1324267286,23.70,49.80,206.67,119
2026-08-21 16:18,1324387286,23.70,49.20,197.50,241
2026-08-21 16:20,1324507286,23.60,51.10,202.50,123
2026-08-21 16:22,1324627286,23.50,51.90,202.50,139
2026-08-21 16:24,1324747286,23.60,51.60,197.50,120
2026-08-21 16:26,1324867286,23.60,51.60,191.67,149
2026-08-21 16:28,1324987286,23.60,51.60,185.83,130
2026-08-21 16:30,1325107286,23.50,51.10,185.00,102
2026-08-21 16:32,1325227286,23.60,51.80,182.50,99
2026-08-21 16:34,1325347286,23.50,50.10,182.50,143
2026-08-21 16:36,1325467286,23.50,51.20,187.50,152
2026-08-21 16:38,1325587286,23.50,51.70,181.67,95
2026-08-21 16:40,1325707286,23.50,51.00,183.33,121
2026-08-21 16:42,1325827286,23.50,51.20,179.17,99
2026-08-21 16:44,1325947286,23.40,51.80,176.67,127
2026-08-21 16:46,1326067286,23.30,51.50,168.33,117
2026-08-21 16:48,1326187286,23.30,51.20,167.50,129
2026-08-21 16:50,1326307286,23.20,50.80,163.33,115
2026-08-21 16:52,1326427286,23.10,50.60,162.50,120
2026-08-21 16:54,1326547286,23.20,50.40,160.00,122
2026-08-21 16:56,1326667286,23.10,51.30,159.17,115
2026-08-21 16:58,1326787286,23.00,51.20,154.17,168
2026-08-21 17:00,1326907286,23.00,52.00,149.17,130
2026-08-21 17:02,1327027286,23.00,51.70,143.33,120
2026-08-21 17:04,1327147286,23.00,50.70,140.83,177
2026-08-21 17:06,1327267286,22.90,51.90,132.50,101
2026-08-21 17:08,1327387286,23.00,51.40,125.00,145
2026-08-21 17:10,1327507286,22.70,53.10,110.83,133
2026-08-21 17:12,1327627286,22.60,52.80,97.50,124
2026-08-21 17:14,1327747286,22.60,52.70,86.67,107
2026-08-21 17:16,1327867286,22.50,52.20,73.33,117
2026-08-21 17:18,1327987286,22.40,53.20,59.17,129
2026-08-21 17:20,1328107286,22.30,52.50,45.83,103
2026-08-21 17:22,1328227286,22.30,51.80,40.83,140
2026-08-21 17:24,1328347286,22.20,52.30,37.50,112
2026-08-21 17:26,1328467286,21.90,52.50,38.33,119
2026-08-21 17:28,1328587286,21.80,52.20,37.50,117
2026-08-21 17:30,1328707286,21.80,52.40,32.50,124
2026-08-21 17:32,1328827286,21.60,52.50,29.17,132
2026-08-21 17:34,1328947286,21.50,52.80,28.33,122
2026-08-21 17:36,1329067286,21.40,53.10,28.33,163
2026-08-21 17:38,1329187286,21.30,53.90,27.50,160
2026-08-21 17:40,1329307286,21.20,53.50,26.67,129
2026-08-21 17:42,1329427286,21.10,54.00,25.00,144
2026-08-21 17:44,1329547286,21.00,54.50,23.33,125
2026-08-21 17:46,1329667286,20.90,55.00,22.50,133
2026-08-21 17:48,1329787286,20.80,56.40,21.67,128
2026-08-21 17:50,1329907286,20.70,56.20,20.83,119
2026-08-21 17:52,1330027286,20.70,56.30,19.17,130
2026-08-21 17:54,1330147286,20.60,56.70,18.33,176
2026-08-21 17:56,1330267286,20.40,56.40,16.67,133
2026-08-21 17:58,1330387286,20.30,56.20,15.00,137
2026-08-21 18:00,1330507286,20.20,56.30,14.17,115
2026-08-21 18:02,1330627286,20.10,57.20,12.50,154
2026-08-21 18:04,1330747286,20.10,57.70,10.83,161
2026-08-21 18:06,1330867286,20.00,58.40,10.00,133
2026-08-21 18:08,1330987286,20.00,59.30,8.33,128
2026-08-21 18:10,1331107286,19.90,59.80,6.67,143
2026-08-21 18:12,1331227286,19.80,60.30,5.83,135
2026-08-21 18:14,1331347286,19.80,60.50,4.17,103
2026-08-21 18:16,1331467286,19.70,60.90,4.17,112
2026-08-21 18:18,1331587286,19.70,60.50,3.33,111
2026-08-21 18:20,1331707286,19.60,61.30,2.50,126
2026-08-21 18:22,1331827286,19.60,60.90,1.67,102
2026-08-21 18:24,1331947286,19.50,60.60,0.83,99
2026-08-21 18:26,1332067286,19.40,60.80,0.83,137
2026-08-21 18:28,1332187286,19.40,61.10,0.00,138
2026-08-21 18:30,1332307286,19.40,61.50,0.00,117
2026-08-21 18:32,1332427286,19.30,62.30,50.83,121
2026-08-21 18:34,1332547286,19.30,63.10,50.83,112
2026-08-21 18:36,1332667286,19.10,62.80,50.00,112
2026-08-21 18:38,1332787286,19.00,63.10,49.17,162
2026-08-21 18:40,1332907286,19.00,63.20,48.33,125
2026-08-21 18:42,1333027286,18.90,62.60,49.17,115
2026-08-21 18:44,1333147286,18.90,62.30,48.33,122
2026-08-21 18:46,1333267286,18.80,62.80,48.33,125
2026-08-21 18:48,1333387286,18.70,62.80,48.33,88
2026-08-21 18:50,1333507286,18.70,62.10,48.33,153
2026-08-21 18:52,1333627286,18.70,62.30,48.33,137
2026-08-21 18:54,1333747286,18.60,62.70,47.50,107
2026-08-21 18:56,1333867286,18.60,62.20,48.33,120
2026-08-21 18:58,1333987286,18.40,63.20,47.50,109
2026-08-21 19:00,1334107286,18.40,63.00,47.50,91
2026-08-21 19:02,1334227286,18.40,62.50,47.50,136
2026-08-21 19:04,1334347286,18.20,62.80,47.50,168
2026-08-21 19:06,1334467286,18.30,62.50,47.50,106
2026-08-21 19:08,1334587286,18.30,63.20,47.50,108
2026-08-21 19:10,1334707286,18.20,63.70,47.50,98
2026-08-21 19:12,1334827286,18.20,64.00,47.50,124
2026-08-21 19:14,1334947286,18.10,62.90,47.50,143
2026-08-21 19:16,1335067286,18.00,63.50,47.50,115
2026-08-21 19:18,1335187286,17.90,63.80,47.50,115
2026-08-21 19:20,1335307286,17.90,63.80,47.50,82
2026-08-21 19:22,1335427286,17.80,64.10,47.50,129
2026-08-21 19:24,1335547286,17.80,64.20,47.50,124
2026-08-21 19:26,1335667286,17.80,65.10,47.50,90
2026-08-21 19:28,1335787286,17.70,64.40,47.50,106
2026-08-21 19:30,1335907286,17.70,65.60,47.50,93
2026-08-21 19:32,1336027286,17.70,65.40,47.50,135
2026-08-21 19:34,1336147286,17.70,64.60,47.50,94
2026-08-21 19:36,1336267286,17.60,65.30,47.50,119
2026-08-21 19:38,1336387286,17.50,65.20,47.50,97
2026-08-21 19:40,1336507286,17.50,64.80,47.50,106
2026-08-21 19:42,1336627286,17.40,65.40,47.50,97
2026-08-21 19:44,1336747286,17.30,64.80,47.50,91
2026-08-21 19:46,1336867286,17.30,65.00,47.50,122
2026-08-21 19:48,1336987286,17.30,66.20,47.50,128
2026-08-21 19:50,1337107286,17.30,66.20,47.50,113
2026-08-21 19:52,1337227286,17.10,67.10,47.50,138
2026-08-21 19:54,1337347286,17.30,65.70,47.50,115
2026-08-21 19:56,1337467286,17.10,65.60,46.67,103
2026-08-21 19:58,1337587286,17.10,66.40,47.50,92
2026-08-21 20:00,1337707286,17.00,66.70,46.67,131
2026-08-21 20:02,1337827286,17.00,67.60,47.50,109
2026-08-21 20:04,1337947286,17.00,67.50,47.50,95
2026-08-21 20:06,1338067286,17.10,68.90,47.50,124
2026-08-21 20:08,1338187286,17.00,69.70,47.50,94
2026-08-21 20:10,1338307286,16.90,68.80,47.50,157
2026-08-21 20:12,1338427286,16.90,68.20,47.50,128
2026-08-21 20:14,1338547286,16.80,68.70,47.50,128
2026-08-21 20:16,1338667286,16.70,68.90,47.50,156
2026-08-21 20:18,1338787286,16.70,69.00,47.50,126
2026-08-21 20:20,1338907286,16.60,69.10,47.50,112
2026-08-21 20:22,1339027286,16.70,69.30,47.50,133
2026-08-21 20:24,1339147286,16.50,70.20,47.50,98
2026-08-21 20:26,1339267286,16.50,70.70,47.50,126
2026-08-21 20:28,1339387286,16.40,71.00,47.50,112
2026-08-21 20:30,1339507286,16.30,70.80,47.50,101
2026-08-21 20:32,1339627286,16.30,71.00,47.50,105
2026-08-21 20:34,1339747286,16.40,71.10,47.50,95
2026-08-21 20:36,1339867286,16.30,70.80,47.50,126
2026-08-21 20:38,1339987286,16.20,71.70,47.50,112
2026-08-21 20:40,1340107286,16.20,71.80,47.50,89
2026-08-21 20:42,1340227286,16.20,71.60,47.50,171
2026-08-21 20:44,1340347286,16.10,71.10,47.50,67
2026-08-21 20:46,1340467286,16.00,71.50,47.50,113
2026-08-21 20:48,1340587286,16.00,71.30,47.50,103
2026-08-21 20:50,1340707286,16.00,71.30,47.50,121
2026-08-21 20:52,1340827286,16.00,71.40,47.50,146
2026-08-21 20:54,1340947286,16.00,71.20,47.50,138
2026-08-21 20:56,1341067286,15.90,71.90,47.50,94
2026-08-21 20:58,1341187286,15.90,72.10,47.50,114
2026-08-21 21:00,1341307286,15.90,72.30,47.50,118
2026-08-21 21:02,1341427286,15.80,72.50,47.50,109
2026-08-21 21:04,1341547286,15.80,72.40,47.50,125
2026-08-21 21:06,1341667286,15.70,72.00,47.50,120
2026-08-21 21:08,1341787286,15.70,72.50,47.50,158
2026-08-21 21:10,1341907286,15.80,72.40,47.50,124
2026-08-21 21:12,1342027286,15.70,72.30,47.50,105
2026-08-21 21:14,1342147286,15.60,72.80,47.50,91
2026-08-21 21:16,1342267286,15.50,72.70,47.50,144
2026-08-21 21:18,1342387286,15.50,72.80,47.50,120
2026-08-21 21:20,1342507286,15.60,73.00,48.33,108
2026-08-21 21:22,1342627286,15.50,73.90,47.50,105
2026-08-21 21:24,1342747286,15.50,73.70,47.50,117
2026-08-21 21:26,1342867286,15.50,73.10,47.50,131
2026-08-21 21:28,1342987286,15.50,73.00,47.50,126
2026-08-21 21:30,1343107286,15.40,73.30,47.50,102
2026-08-21 21:32,1343227286,15.40,74.00,47.50,119
2026-08-21 21:34,1343347286,15.50,73.90,47.50,88
2026-08-21 21:36,1343467286,15.40,72.90,47.50,129
2026-08-21 21:38,1343587286,15.30,72.90,47.50,149
2026-08-21 21:40,1343707286,15.40,72.00,47.50,92
2026-08-21 21:42,1343827286,15.30,71.60,47.50,110
2026-08-21 21:44,1343947286,15.40,71.20,47.50,128
2026-08-21 21:46,1344067286,15.30,71.20,47.50,104
2026-08-21 21:48,1344187286,15.30,71.10,47.50,147
2026-08-21 21:50,1344307286,15.30,71.70,47.50,122
2026-08-21 21:52,1344427286,15.40,71.20,47.50,89
2026-08-21 21:54,1344547286,15.30,71.30,47.50,105
2026-08-21 21:56,1344667286,15.50,71.30,47.50,122
2026-08-21 21:58,1344787286,15.30,72.30,47.50,121
2026-08-21 22:00,1344907286,15.30,71.30,47.50,116
2026-08-21 22:02,1345027286,15.30,71.80,47.50,127
2026-08-21 22:04,1345147286,15.30,71.70,47.50,140
2026-08-21 22:06,1345267286,15.20,72.60,47.50,108
2026-08-21 22:08,1345387286,15.20,72.70,47.50,106
2026-08-21 22:10,1345507286,15.10,72.30,47.50,85
2026-08-21 22:12,1345627286,15.10,73.00,47.50,99
2026-08-21 22:14,1345747286,15.20,72.50,47.50,104
2026-08-21 22:16,1345867286,15.10,73.00,47.50,160
2026-08-21 22:18,1345987286,15.20,73.40,47.50,118
2026-08-21 22:20,1346107286,15.20,72.80,47.50,105
2026-08-21 22:22,1346227286,15.10,72.60,47.50,135
2026-08-21 22:24,1346347286,15.00,73.10,48.33,122
2026-08-21 22:26,1346467286,15.20,72.90,47.50,108
2026-08-21 22:28,1346587286,15.00,73.20,47.50,131
2026-08-21 22:30,1346707286,14.90,73.70,47.50,121
2026-08-21 22:32,1346827286,14.90,73.70,47.50,108
2026-08-21 22:34,1346947286,15.00,73.90,47.50,107
2026-08-21 22:36,1347067286,14.80,74.20,47.50,105
2026-08-21 22:38,1347187286,14.90,74.60,47.50,96
2026-08-21 22:40,1347307286,14.90,74.50,47.50,115
2026-08-21 22:42,1347427286,14.80,74.90,47.50,131
2026-08-21 22:44,1347547286,14.80,74.90,47.50,92
2026-08-21 22:46,1347667286,14.80,74.80,47.50,86
2026-08-21 22:48,1347787286,14.70,74.50,47.50,137
2026-08-21 22:50,1347907286,14.80,74.00,47.50,95
2026-08-21 22:52,1348027286,14.60,74.80,47.50,132
2026-08-21 22:54,1348147286,14.60,74.20,47.50,111
2026-08-21 22:56,1348267286,14.80,75.10,48.33,162
2026-08-21 22:58,1348387286,14.60,75.00,47.50,115
2026-08-21 23:00,1348507286,14.70,74.90,47.50,128
2026-08-21 23:02,1348627286,14.60,75.10,47.50,105
2026-08-21 23:04,1348747286,14.60,75.10,47.50,117
2026-08-21 23:06,1348867286,14.60,75.20,47.50,96
2026-08-21 23:08,1348987286,14.60,75.40,47.50,106
2026-08-21 23:10,1349107286,14.60,75.40,47.50,102
2026-08-21 23:12,1349227286,14.60,75.40,47.50,108
2026-08-21 23:14,1349347286,14.50,75.50,48.33,161
2026-08-21 23:16,1349467286,14.40,75.80,47.50,133
2026-08-21 23:18,1349587286,14.40,75.20,47.50,104
2026-08-21 23:20,1349707286,14.30,75.20,47.50,106
2026-08-21 23:22,1349827286,14.30,76.10,47.50,107
2026-08-21 23:24,1349947286,14.30,75.20,47.50,99
2026-08-21 23:26,1350067286,14.40,76.10,48.33,108
2026-08-21 23:28,1350187286,14.30,75.40,47.50,128
2026-08-21 23:30,1350307286,14.20,75.80,48.33,134
2026-08-21 23:32,1350427286,14.30,75.70,47.50,123
2026-08-21 23:34,1350547286,14.20,75.90,47.50,130
2026-08-21 23:36,1350667286,14.20,76.20,47.50,154
2026-08-21 23:38,1350787286,14.20,75.50,48.33,104
2026-08-21 23:40,1350907286,14.10,76.00,47.50,110
2026-08-21 23:42,1351027286,14.20,76.30,47.50,110
2026-08-21 23:44,1351147286,14.10,76.10,47.50,110
2026-08-21 23:46,1351267286,14.10,75.90,47.50,96
2026-08-21 23:48,1351387286,14.10,76.50,48.33,153
2026-08-21 23:50,1351507286,14.10,76.20,47.50,95
2026-08-21 23:52,1351627286,14.00,76.20,47.50,127
2026-08-21 23:54,1351747286,14.10,76.10,47.50,91
2026-08-21 23:56,1351867286,14.00,76.30,47.50,172
2026-08-21 23:58,1351987286,13.90,77.20,48.33,127
2026-08-22 00:00,1352107286,14.00,77.00,47.50,158
2026-08-22 00:02,1352227286,13.90,76.40,47.50,115
2026-08-22 00:04,1352347286,13.90,76.50,48.33,108
2026-08-22 00:06,1352467286,13.90,76.30,48.33,120
2026-08-22 00:08,1352587286,13.90,76.60,47.50,95
2026-08-22 00:10,1352707286,13.80,76.60,47.50,121
2026-08-22 00:12,1352827286,13.80,76.30,48.33,126
2026-08-22 00:14,1352947286,13.80,76.20,47.50,121
2026-08-22 00:16,1353067286,13.80,76.50,0.00,99
2026-08-22 00:18,1353187286,13.70,76.50,0.00,99
2026-08-22 00:20,1353307286,13.70,76.80,0.00,119
2026-08-22 00:22,1353427286,13.60,76.70,0.00,98
2026-08-22 00:24,1353547286,13.60,77.00,0.00,111
2026-08-22 00:26,1353667286,13.60,77.30,0.00,123
2026-08-22 00:28,1353787286,13.50,76.80,0.00,106
2026-08-22 00:30,1353907286,13.50,77.50,0.00,109
2026-08-22 00:32,1354027286,13.50,77.80,0.00,150
2026-08-22 00:34,1354147286,13.40,77.40,0.00,123
2026-08-22 00:36,1354267286,13.50,76.60,0.00,115
2026-08-22 00:38,1354387286,13.60,77.20,0.00,90
2026-08-22 00:40,1354507286,13.50,76.80,0.00,105
2026-08-22 00:42,1354627286,13.50,77.30,0.00,117
2026-08-22 00:44,1354747286,13.50,77.40,0.00,88
2026-08-22 00:46,1354867286,13.50,77.10,0.00,129
2026-08-22 00:48,1354987286,13.50,77.00,0.00,106
2026-08-22 00:50,1355107286,13.50,76.90,0.00,109
2026-08-22 00:52,1355227286,13.50,77.00,0.00,128
2026-08-22 00:54,1355347286,13.50,77.00,0.00,125
2026-08-22 00:56,1355467286,13.50,77.10,0.00,136
2026-08-22 00:58,1355587286,13.50,76.80,0.00,137
2026-08-22 01:00,1355707286,13.50,77.70,0.00,125
2026-08-22 01:02,1355827286,13.50,77.60,0.00,90
2026-08-22 01:04,1355947286,13.50,77.80,0.00,144
2026-08-22 01:06,1356067286,13.40,77.70,0.00,119
2026-08-22 01:08,1356187286,13.30,77.60,0.00,123
2026-08-22 01:10,1356307286,13.30,77.70,0.00,113
2026-08-22 01:12,1356427286,13.50,78.40,0.00,91
2026-08-22 01:14,1356547286,13.40,78.60,0.00,97
2026-08-22 01:16,1356667286,13.30,78.50,0.00,111
2026-08-22 01:18,1356787286,13.30,78.40,0.00,95
2026-08-22 01:20,1356907286,13.40,78.10,0.00,102
2026-08-22 01:22,1357027286,13.30,78.10,0.00,125
2026-08-22 01:24,1357147286,13.40,78.20,0.00,121
2026-08-22 01:26,1357267286,13.30,78.10,0.00,129
2026-08-22 01:28,1357387286,13.30,78.50,0.00,137
2026-08-22 01:30,1357507286,13.30,78.40,0.00,118
2026-08-22 01:32,1357627286,13.30,78.90,0.00,152
2026-08-22 01:34,1357747286,13.30,78.80,0.00,151
2026-08-22 01:36,1357867286,13.20,78.50,0.00,128
2026-08-22 01:38,1357987286,13.30,78.50,0.00,105
2026-08-22 01:40,1358107286,13.20,79.00,0.00,125
2026-08-22 01:42,1358227286,13.10,78.80,0.00,127
2026-08-22 01:44,1358347286,13.10,78.70,0.00,130
2026-08-22 01:46,1358467286,13.20,79.00,0.00,106
2026-08-22 01:48,1358587286,13.10,79.20,0.00,124
2026-08-22 01:50,1358707286,13.10,78.30,0.00,99
2026-08-22 01:52,1358827286,13.10,78.70,0.00,96
2026-08-22 01:54,1358947286,13.00,78.20,0.00,96
2026-08-22 01:56,1359067286,13.10,78.20,0.00,98
2026-08-22 01:58,1359187286,13.10,78.30,0.00,114
2026-08-22 02:00,1359307286,13.10,78.80,0.00,101
2026-08-22 02:02,1359427286,13.00,78.50,0.00,79
2026-08-22 02:04,1359547286,13.00,78.10,0.00,123
2026-08-22 02:06,1359667286,13.00,78.50,0.00,105
2026-08-22 02:08,1359787286,13.00,78.30,0.00,99
2026-08-22 02:10,1359907286,13.00,78.10,0.00,167
2026-08-22 02:12,1360027286,12.90,78.50,0.00,154
2026-08-22 02:14,1360147286,12.90,78.40,0.00,95
2026-08-22 02:16,1360267286,12.90,78.50,0.00,183
2026-08-22 02:18,1360387286,12.90,78.20,0.00,102
2026-08-22 02:20,1360507286,13.00,78.10,0.00,97
2026-08-22 02:22,1360627286,12.80,78.30,0.00,116
2026-08-22 02:24,1360747286,12.80,78.20,0.00,109
2026-08-22 02:26,1360867286,12.80,77.90,0.00,93
2026-08-22 02:28,1360987286,12.80,78.30,0.00,104
2026-08-22 02:30,1361107286,12.70,78.90,0.00,95
2026-08-22 02:32,1361227286,12.80,78.60,0.00,118
2026-08-22 02:34,1361347286,12.80,78.30,0.00,164
2026-08-22 02:36,1361467286,12.80,78.30,0.00,95
2026-08-22 02:38,1361587286,12.70,78.50,0.00,157
2026-08-22 02:40,1361707286,12.70,78.30,0.00,97
2026-08-22 02:42,1361827286,12.70,78.20,0.00,154
2026-08-22 02:44,1361947286,12.70,77.80,0.00,119
2026-08-22 02:46,1362067286,12.60,78.00,0.00,102
2026-08-22 02:48,1362187286,12.60,78.20,0.00,105
2026-08-22 02:50,1362307286,12.60,77.80,0.00,108
2026-08-22 02:52,1362427286,12.60,78.20,0.00,120
2026-08-22 02:54,1362547286,12.60,78.10,0.00,155
2026-08-22 02:56,1362667286,12.60,78.20,0.00,102
2026-08-22 02:58,1362787286,12.50,78.30,0.00,102
2026-08-22 03:00,1362907286,12.50,78.30,0.00,110
2026-08-22 03:02,1363027286,12.50,78.60,0.00,122
2026-08-22 03:04,1363147286,12.40,78.00,0.00,125
2026-08-22 03:06,1363267286,12.50,78.40,0.00,111
2026-08-22 03:08,1363387286,12.40,78.40,0.00,116
2026-08-22 03:10,1363507286,12.50,78.20,0.00,115
2026-08-22 03:12,1363627286,12.40,78.90,0.00,111
2026-08-22 03:14,1363747286,12.40,78.50,0.00,139
2026-08-22 03:16,1363867286,12.30,78.50,0.00,128
2026-08-22 03:18,1363987286,12.30,78.70,0.00,115
2026-08-22 03:20,1364107286,12.30,78.80,0.00,174
2026-08-22 03:22,1364227286,12.30,78.40,0.00,111
2026-08-22 03:24,1364347286,12.30,78.30,0.00,90
2026-08-22 03:26,1364467286,12.30,78.50,0.00,142
2026-08-22 03:28,1364587286,12.20,78.60,0.00,117
2026-08-22 03:30,1364707286,12.30,78.60,0.00,88
2026-08-22 03:32,1364827286,12.20,78.00,0.00,107
2026-08-22 03:34,1364947286,12.10,78.10,50.83,128
2026-08-22 03:36,1365067286,12.10,78.00,50.83,125
2026-08-22 03:38,1365187286,12.20,77.70,50.83,128
2026-08-22 03:40,1365307286,12.10,78.00,49.17,129
2026-08-22 03:42,1365427286,12.20,77.90,49.17,115
2026-08-22 03:44,1365547286,12.00,77.70,49.17,137
2026-08-22 03:46,1365667286,12.00,77.70,49.17,147
2026-08-22 03:48,1365787286,12.00,77.90,48.33,107
2026-08-22 03:50,1365907286,12.00,77.90,48.33,127
2026-08-22 03:52,1366027286,11.90,77.90,48.33,106
2026-08-22 03:54,1366147286,12.00,77.70,48.33,121
2026-08-22 03:56,1366267286,11.80,77.90,47.50,153
2026-08-22 03:58,1366387286,11.90,77.80,47.50,114
2026-08-22 04:00,1366507286,11.90,77.70,48.33,108
2026-08-22 04:02,1366627286,11.90,77.60,47.50,113
2026-08-22 04:04,1366747286,11.80,78.10,47.50,112
2026-08-22 04:06,1366867286,11.80,78.30,47.50,85
2026-08-22 04:08,1366987286,11.70,78.20,47.50,156
2026-08-22 04:10,1367107286,11.80,77.90,47.50,128
2026-08-22 04:12,1367227286,11.70,78.30,47.50,102
2026-08-22 04:14,1367347286,11.60,77.60,47.50,97
2026-08-22 04:16,1367467286,11.60,77.70,47.50,142
2026-08-22 04:18,1367587286,11.50,77.30,47.50,119
2026-08-22 04:20,1367707286,11.50,77.50,47.50,99
2026-08-22 04:22,1367827286,11.60,77.70,48.33,98
2026-08-22 04:24,1367947286,11.60,77.80,48.33,118
2026-08-22 04:26,1368067286,11.50,78.20,48.33,124
2026-08-22 04:28,1368187286,11.40,78.00,47.50,93
2026-08-22 04:30,1368307286,11.60,78.30,47.50,89
2026-08-22 04:32,1368427286,11.50,78.10,47.50,120
2026-08-22 04:34,1368547286,11.50,78.00,47.50,140
2026-08-22 04:36,1368667286,11.40,78.50,47.50,107
2026-08-22 04:38,1368787286,11.50,78.40,47.50,112
2026-08-22 04:40,1368907286,11.40,78.30,47.50,78
2026-08-22 04:42,1369027286,11.30,78.50,47.50,140
2026-08-22 04:44,1369147286,11.30,78.60,47.50,102
2026-08-22 04:46,1369267286,11.30,78.60,47.50,107
2026-08-22 04:48,1369387286,11.30,78.70,47.50,93
2026-08-22 04:50,1369507286,11.50,78.80,48.33,95
2026-08-22 04:52,1369627286,11.40,78.60,47.50,110
2026-08-22 04:54,1369747286,11.40,78.70,47.50,82
2026-08-22 04:56,1369867286,11.30,78.80,47.50,99
2026-08-22 04:58,1369987286,11.40,79.00,47.50,125
2026-08-22 05:00,1370107286,11.20,78.90,47.50,187
2026-08-22 05:02,1370227286,11.20,79.10,47.50,83
2026-08-22 05:04,1370347286,11.30,78.90,47.50,112
2026-08-22 05:06,1370467286,11.20,78.50,47.50,118
2026-08-22 05:08,1370587286,11.20,78.80,47.50,132
2026-08-22 05:10,1370707286,11.10,78.80,47.50,89
2026-08-22 05:12,1370827286,11.20,78.80,48.33,132
2026-08-22 05:14,1370947286,11.20,78.90,47.50,102
2026-08-22 05:16,1371067286,11.10,78.60,47.50,125
2026-08-22 05:18,1371187286,11.10,78.40,47.50,79
2026-08-22 05:20,1371307286,11.10,78.70,47.50,125
2026-08-22 05:22,1371427286,11.00,78.60,47.50,89
2026-08-22 05:24,1371547286,11.10,78.60,47.50,122
2026-08-22 05:26,1371667286,11.10,78.40,47.50,146
2026-08-22 05:28,1371787286,11.10,78.90,47.50,83
2026-08-22 05:30,1371907286,11.00,78.80,47.50,125
2026-08-22 05:32,1372027286,11.00,78.20,47.50,105
2026-08-22 05:34,1372147286,11.10,78.50,47.50,93
2026-08-22 05:36,1372267286,10.90,78.60,48.33,98
2026-08-22 05:38,1372387286,10.90,78.40,47.50,114
2026-08-22 05:40,1372507286,10.80,78.70,47.50,72
2026-08-22 05:42,1372627286,10.90,78.70,47.50,80
2026-08-22 05:44,1372747286,10.80,78.80,47.50,101
2026-08-22 05:46,1372867286,10.90,78.50,47.50,110
2026-08-22 05:48,1372987286,10.80,78.50,47.50,102
2026-08-22 05:50,1373107286,10.60,78.50,47.50,118
2026-08-22 05:52,1373227286,10.50,78.70,47.50,113
2026-08-22 05:54,1373347286,10.50,78.80,48.33,73
2026-08-22 05:56,1373467286,10.50,78.90,47.50,131
2026-08-22 05:58,1373587286,10.50,78.50,47.50,135
2026-08-22 06:00,1373707286,10.40,78.10,47.50,89
2026-08-22 06:02,1373827286,10.40,78.00,47.50,102
2026-08-22 06:04,1373947286,10.30,78.30,48.33,81
2026-08-22 06:06,1374067286,10.20,78.40,47.50,144
2026-08-22 06:08,1374187286,10.30,78.30,47.50,124
2026-08-22 06:10,1374307286,10.20,78.00,47.50,128
2026-08-22 06:12,1374427286,10.20,78.20,47.50,89
2026-08-22 06:14,1374547286,10.20,78.60,47.50,104
2026-08-22 06:16,1374667286,10.20,78.60,47.50,99
2026-08-22 06:18,1374787286,10.20,78.90,48.33,142
2026-08-22 06:20,1374907286,10.20,78.70,48.33,137
2026-08-22 06:22,1375027286,10.10,78.80,48.33,94
2026-08-22 06:24,1375147286,10.10,78.90,47.50,101
2026-08-22 06:26,1375267286,10.10,78.50,48.33,107
2026-08-22 06:28,1375387286,10.10,78.60,47.50,122
2026-08-22 06:30,1375507286,10.10,78.80,47.50,93
2026-08-22 06:32,1375627286,10.00,78.40,47.50,96
2026-08-22 06:34,1375747286,10.10,78.20,47.50,102
2026-08-22 06:36,1375867286,10.10,78.40,47.50,96
2026-08-22 06:38,1375987286,10.10,78.30,48.33,149
2026-08-22 06:40,1376107286,10.10,78.70,47.50,121
2026-08-22 06:42,1376227286,10.00,78.60,47.50,124
2026-08-22 06:44,1376347286,10.10,79.00,47.50,89
2026-08-22 06:46,1376467286,10.00,79.40,48.33,112
2026-08-22 06:48,1376587286,10.00,79.20,47.50,138
2026-08-22 06:50,1376707286,10.10,78.30,48.33,105
2026-08-22 06:52,1376827286,10.00,77.90,48.33,115
2026-08-22 06:54,1376947286,10.00,78.10,48.33,98
2026-08-22 06:56,1377067286,10.00,78.20,48.33,110
2026-08-22 06:58,1377187286,9.90,78.30,49.17,107
2026-08-22 07:00,1377307286,10.00,78.00,49.17,111
2026-08-22 07:02,1377427286,9.90,77.90,50.00,104
2026-08-22 07:04,1377547286,9.90,78.00,50.83,123
2026-08-22 07:06,1377667286,9.80,78.30,50.83,97
2026-08-22 07:08,1377787286,9.90,78.00,51.67,87
2026-08-22 07:10,1377907286,9.80,78.20,52.50,86
2026-08-22 07:12,1378027286,9.90,78.20,53.33,133
2026-08-22 07:14,1378147286,9.80,78.70,53.33,110
2026-08-22 07:16,1378267286,9.90,78.30,54.17,128
2026-08-22 07:18,1378387286,9.90,78.60,55.00,96
2026-08-22 07:20,1378507286,9.90,79.10,55.83,93
2026-08-22 07:22,1378627286,9.80,78.40,57.50,100
2026-08-22 07:24,1378747286,9.90,78.10,57.50,75
2026-08-22 07:26,1378867286,9.90,78.10,58.33,106
2026-08-22 07:28,1378987286,9.90,78.60,60.00,73
2026-08-22 07:30,1379107286,9.80,78.40,60.00,89
2026-08-22 07:32,1379227286,9.80,78.20,60.00,105
2026-08-22 07:34,1379347286,9.90,78.30,61.67,88
2026-08-22 07:36,1379467286,9.90,78.40,62.50,90
2026-08-22 07:38,1379587286,9.80,78.40,62.50,105
2026-08-22 07:40,1379707286,9.90,78.40,63.33,114
2026-08-22 07:42,1379827286,9.90,78.40,63.33,109
2026-08-22 07:44,1379947286,9.80,78.90,65.00,88
2026-08-22 07:46,1380067286,9.80,78.90,65.00,124
2026-08-22 07:48,1380187286,9.90,78.60,68.33,96
2026-08-22 07:50,1380307286,9.80,78.70,68.33,86
2026-08-22 07:52,1380427286,9.90,79.10,69.17,96
2026-08-22 07:54,1380547286,9.90,79.60,69.17,107
2026-08-22 07:56,1380667286,9.90,78.80,70.00,102
2026-08-22 07:58,1380787286,9.90,78.90,70.83,96
2026-08-22 08:00,1380907286,10.00,79.10,71.67,107
2026-08-22 08:02,1381027286,9.90,79.20,25.83,110
2026-08-22 08:04,1381147286,10.00,78.80,25.83,85
2026-08-22 08:06,1381267286,9.90,79.40,25.00,81
2026-08-22 08:08,1381387286,10.00,79.00,25.83,93
2026-08-22 08:10,1381507286,9.90,78.80,26.67,108
2026-08-22 08:12,1381627286,9.90,78.80,26.67,83
2026-08-22 08:14,1381747286,9.90,78.80,27.50,115
2026-08-22 08:16,1381867286,10.00,79.00,28.33,113
2026-08-22 08:18,1381987286,9.90,79.00,28.33,101
2026-08-22 08:20,1382107286,10.00,79.00,29.17,106
2026-08-22 08:22,1382227286,10.00,79.00,30.00,111
2026-08-22 08:24,1382347286,10.00,78.80,30.83,84
2026-08-22 08:26,1382467286,9.90,79.10,32.50,103
2026-08-22 08:28,1382587286,10.00,79.00,33.33,88
2026-08-22 08:30,1382707286,10.00,78.90,35.00,173
2026-08-22 08:32,1382827286,10.00,78.80,35.83,108
2026-08-22 08:34,1382947286,10.00,78.90,35.83,99
2026-08-22 08:36,1383067286,10.00,78.90,38.33,123
2026-08-22 08:38,1383187286,10.00,79.00,41.67,119
2026-08-22 08:40,1383307286,10.00,78.90,44.17,104
2026-08-22 08:42,1383427286,10.00,78.80,51.67,111
2026-08-22 08:44,1383547286,10.10,78.90,56.67,104
2026-08-22 08:46,1383667286,10.00,79.20,53.33,141
2026-08-22 08:48,1383787286,10.00,78.90,63.33,118
2026-08-22 08:50,1383907286,10.10,78.90,73.33,122
2026-08-22 08:52,1384027286,10.10,79.10,89.17,106
2026-08-22 08:54,1384147286,10.10,79.20,82.50,165
2026-08-22 08:56,1384267286,10.30,79.30,104.17,106
2026-08-22 08:58,1384387286,10.50,79.60,110.00,125
2026-08-22 09:00,1384507286,10.40,79.80,109.17,168
2026-08-22 09:02,1384627286,10.60,79.50,105.83,90
2026-08-22 09:04,1384747286,10.70,79.20,117.50,105
2026-08-22 09:06,1384867286,10.80,79.00,120.83,89
2026-08-22 09:08,1384987286,11.10,78.70,130.83,85
2026-08-22 09:10,1385107286,11.20,78.80,114.17,110
2026-08-22 09:12,1385227286,11.30,78.90,110.00,175
2026-08-22 09:14,1385347286,11.40,78.30,75.83,141
2026-08-22 09:16,1385467286,11.50,77.80,190.83,159
2026-08-22 09:18,1385587286,11.60,77.80,225.83,126
2026-08-22 09:20,1385707286,11.70,77.60,165.00,144
2026-08-22 09:22,1385827286,11.90,78.00,106.67,115
2026-08-22 09:24,1385947286,11.90,77.60,223.33,145
2026-08-22 09:26,1386067286,12.00,77.50,155.00,117
2026-08-22 09:28,1386187286,12.10,77.50,134.17,128
2026-08-22 09:30,1386307286,12.20,77.00,87.50,98
2026-08-22 09:32,1386427286,12.20,77.10,81.67,134
2026-08-22 09:34,1386547286,12.30,76.80,75.83,109
2026-08-22 09:36,1386667286,12.20,76.80,80.83,125
2026-08-22 09:38,1386787286,12.30,76.50,86.67,135
2026-08-22 09:40,1386907286,12.20,76.80,85.83,137
2026-08-22 09:42,1387027286,12.30,76.80,82.50,108
2026-08-22 09:44,1387147286,12.30,76.50,85.00,145
2026-08-22 09:46,1387267286,12.40,76.80,106.67,147
2026-08-22 09:48,1387387286,12.50,77.20,98.33,101
2026-08-22 09:50,1387507286,12.60,76.80,94.17,119
2026-08-22 09:52,1387627286,12.60,77.00,216.67,111
2026-08-22 09:54,1387747286,12.70,76.40,184.17,136
2026-08-22 09:56,1387867286,12.70,75.10,106.67,143
2026-08-22 09:58,1387987286,12.80,75.90,109.17,107
2026-08-22 10:00,1388107286,12.90,75.10,266.67,131
2026-08-22 10:02,1388227286,13.00,75.10,275.00,102
2026-08-22 10:04,1388347286,13.10,75.50,256.67,159
2026-08-22 10:06,1388467286,13.20,75.80,164.17,121
2026-08-22 10:08,1388587286,13.40,74.80,164.17,117
2026-08-22 10:10,1388707286,13.50,72.90,137.50,107
2026-08-22 10:12,1388827286,13.70,73.20,297.50,156
2026-08-22 10:14,1388947286,13.90,73.90,303.33,143
2026-08-22 10:16,1389067286,14.00,73.60,299.17,91
2026-08-22 10:18,1389187286,14.30,73.30,130.83,201
2026-08-22 10:20,1389307286,14.50,71.90,310.83,107
2026-08-22 10:22,1389427286,14.70,71.00,275.83,124
2026-08-22 10:24,1389547286,14.80,71.20,215.83,118
2026-08-22 10:26,1389667286,15.00,70.80,297.50,117
2026-08-22 10:28,1389787286,15.20,70.10,303.33,146
2026-08-22 10:30,1389907286,15.30,69.80,289.17,118
2026-08-22 10:32,1390027286,15.40,69.50,279.17,123
2026-08-22 10:34,1390147286,15.50,68.80,280.83,114
2026-08-22 10:36,1390267286,15.70,67.90,287.50,126
2026-08-22 10:38,1390387286,15.80,68.00,296.67,150
2026-08-22 10:40,1390507286,16.00,67.70,103.33,126
2026-08-22 10:42,1390627286,16.00,67.90,219.17,129
2026-08-22 10:44,1390747286,16.00,67.30,293.33,101
2026-08-22 10:46,1390867286,16.20,67.60,308.33,132
2026-08-22 10:48,1390987286,16.30,67.40,277.50,123
2026-08-22 10:50,1391107286,16.40,66.80,249.17,103
2026-08-22 10:52,1391227286,16.40,66.30,122.50,102
2026-08-22 10:54,1391347286,16.40,66.20,113.33,139
2026-08-22 10:56,1391467286,16.40,66.00,245.00,168
2026-08-22 10:58,1391587286,16.40,65.80,282.50,124
2026-08-22 11:00,1391707286,16.40,66.00,281.67,140
2026-08-22 11:02,1391827286,16.50,66.60,227.50,173
2026-08-22 11:04,1391947286,16.60,65.90,120.00,131
2026-08-22 11:06,1392067286,16.60,66.00,308.33,122
2026-08-22 11:08,1392187286,16.80,65.70,140.83,112
2026-08-22 11:10,1392307286,16.80,64.90,253.33,136
2026-08-22 11:12,1392427286,16.90,66.20,292.50,123
2026-08-22 11:14,1392547286,17.10,65.60,189.17,125
2026-08-22 11:16,1392667286,17.00,66.00,285.83,146
2026-08-22 11:18,1392787286,17.20,65.10,295.83,160
2026-08-22 11:20,1392907286,17.40,64.80,228.33,143
2026-08-22 11:22,1393027286,17.40,65.40,127.50,129
2026-08-22 11:24,1393147286,17.50,64.50,168.33,121
2026-08-22 11:26,1393267286,17.50,64.10,302.50,162
2026-08-22 11:28,1393387286,17.60,64.40,292.50,123
2026-08-22 11:30,1393507286,17.80,63.90,297.50,126
2026-08-22 11:32,1393627286,17.90,63.20,285.00,126
2026-08-22 11:34,1393747286,18.00,62.60,285.00,128
2026-08-22 11:36,1393867286,18.10,61.60,154.17,118
2026-08-22 11:38,1393987286,18.10,60.70,286.67,137
2026-08-22 11:40,1394107286,18.20,62.50,285.83,132
2026-08-22 11:42,1394227286,18.30,59.80,216.67,147
2026-08-22 11:44,1394347286,18.40,59.00,281.67,131
2026-08-22 11:46,1394467286,18.40,60.30,275.00,123
2026-08-22 11:48,1394587286,18.40,60.90,236.67,165
2026-08-22 11:50,1394707286,18.60,61.60,278.33,162
2026-08-22 11:52,1394827286,18.60,61.60,278.33,117
2026-08-22 11:54,1394947286,18.80,60.90,278.33,103
2026-08-22 11:56,1395067286,18.90,60.10,280.00,148
2026-08-22 11:58,1395187286,19.00,60.70,290.83,140
2026-08-22 12:00,1395307286,19.20,60.40,224.17,177
2026-08-22 12:02,1395427286,19.20,60.10,302.50,132
2026-08-22 12:04,1395547286,19.30,60.30,295.83,147
2026-08-22 12:06,1395667286,19.40,59.30,280.00,133
2026-08-22 12:08,1395787286,19.50,58.90,275.83,129
2026-08-22 12:10,1395907286,19.50,55.10,285.83,118
2026-08-22 12:12,1396027286,19.50,57.20,287.50,126
2026-08-22 12:14,1396147286,19.60,57.30,290.83,107
2026-08-22 12:16,1396267286,19.70,56.60,289.17,144
2026-08-22 12:18,1396387286,19.80,56.80,286.67,145
2026-08-22 12:20,1396507286,20.00,55.90,280.83,131
2026-08-22 12:22,1396627286,20.00,56.10,288.33,149
2026-08-22 12:24,1396747286,20.20,56.10,285.00,108
2026-08-22 12:26,1396867286,20.20,55.30,286.67,154
2026-08-22 12:28,1396987286,20.50,54.20,283.33,136
2026-08-22 12:30,1397107286,20.50,53.70,288.33,138
2026-08-22 12:32,1397227286,20.50,52.20,290.00,128
2026-08-22 12:34,1397347286,20.50,51.70,291.67,154
2026-08-22 12:36,1397467286,20.40,53.20,290.00,174
2026-08-22 12:38,1397587286,20.50,55.00,291.67,126
2026-08-22 12:40,1397707286,20.70,55.50,291.67,107
2026-08-22 12:42,1397827286,20.80,55.10,286.67,110
2026-08-22 12:44,1397947286,20.80,54.50,285.00,135
2026-08-22 12:46,1398067286,21.00,54.40,281.67,128
2026-08-22 12:48,1398187286,21.10,54.50,293.33,127
2026-08-22 12:50,1398307286,21.20,54.10,285.83,132
2026-08-22 12:52,1398427286,21.30,54.00,285.00,128
2026-08-22 12:54,1398547286,21.40,54.80,282.50,156
2026-08-22 12:56,1398667286,21.50,54.10,279.17,127
2026-08-22 12:58,1398787286,21.40,49.50,282.50,145
2026-08-22 13:00,1398907286,21.30,51.40,285.83,135
2026-08-22 13:02,1399027286,21.30,53.10,283.33,159
2026-08-22 13:04,1399147286,21.40,53.30,287.50,164
2026-08-22 13:06,1399267286,21.40,53.30,288.33,130
2026-08-22 13:08,1399387286,21.60,52.90,292.50,134
2026-08-22 13:10,1399507286,21.70,52.90,291.67,116
2026-08-22 13:12,1399627286,21.80,53.70,293.33,148
2026-08-22 13:14,1399747286,22.00,53.50,293.33,145
2026-08-22 13:16,1399867286,22.10,52.30,296.67,123
2026-08-22 13:18,1399987286,22.00,49.20,295.83,169
2026-08-22 13:20,1400107286,22.00,49.30,293.33,139
2026-08-22 13:22,1400227286,21.90,49.70,290.83,120
2026-08-22 13:24,1400347286,21.90,51.90,290.83,150
2026-08-22 13:26,1400467286,21.90,51.40,284.17,116
2026-08-22 13:28,1400587286,22.10,52.30,292.50,157
2026-08-22 13:30,1400707286,22.20,51.80,277.50,135
2026-08-22 13:32,1400827286,22.30,53.00,281.67,140
2026-08-22 13:34,1400947286,22.40,51.90,280.83,141
2026-08-22 13:36,1401067286,22.40,50.20,280.83,203
2026-08-22 13:38,1401187286,22.40,50.30,280.83,117
2026-08-22 13:40,1401307286,22.30,48.60,286.67,146
2026-08-22 13:42,1401427286,22.40,50.50,294.17,127
2026-08-22 13:44,1401547286,22.40,50.20,283.33,135
2026-08-22 13:46,1401667286,22.50,50.80,279.17,125
2026-08-22 13:48,1401787286,22.60,49.50,272.50,132
2026-08-22 13:50,1401907286,22.60,48.60,280.00,138
2026-08-22 13:52,1402027286,22.70,48.60,286.67,133
2026-08-22 13:54,1402147286,22.80,49.50,280.83,195
2026-08-22 13:56,1402267286,22.90,49.20,274.17,120
2026-08-22 13:58,1402387286,22.90,49.30,279.17,128
2026-08-22 14:00,1402507286,22.80,48.50,280.83,143
2026-08-22 14:02,1402627286,22.70,48.00,279.17,145
2026-08-22 14:04,1402747286,22.70,45.80,276.67,136
2026-08-22 14:06,1402867286,22.60,49.00,278.33,129
2026-08-22 14:08,1402987286,22.70,48.80,277.50,131
2026-08-22 14:10,1403107286,22.70,48.90,273.33,130
2026-08-22 14:12,1403227286,22.90,50.00,266.67,161
2026-08-22 14:14,1403347286,23.00,49.30,270.83,120
2026-08-22 14:16,1403467286,23.10,44.80,273.33,153
2026-08-22 14:18,1403587286,23.00,45.30,281.67,157
2026-08-22 14:20,1403707286,23.00,46.70,279.17,126
2026-08-22 14:22,1403827286,22.90,46.00,273.33,117
2026-08-22 14:24,1403947286,23.00,47.20,271.67,149
2026-08-22 14:26,1404067286,22.90,47.20,266.67,158
2026-08-22 14:28,1404187286,23.00,46.80,266.67,120
2026-08-22 14:30,1404307286,23.00,47.80,265.00,131
2026-08-22 14:32,1404427286,22.90,48.10,260.83,115
2026-08-22 14:34,1404547286,23.10,47.40,263.33,127
2026-08-22 14:36,1404667286,23.10,47.70,266.67,115
2026-08-22 14:38,1404787286,23.00,47.40,268.33,157
2026-08-22 14:40,1404907286,22.90,45.80,266.67,103
2026-08-22 14:42,1405027286,22.90,45.60,262.50,123
2026-08-22 14:44,1405147286,22.90,45.40,265.00,113
2026-08-22 14:46,1405267286,22.90,45.10,260.00,163
2026-08-22 14:48,1405387286,22.90,46.60,260.00,117
2026-08-22 14:50,1405507286,22.90,45.10,257.50,115
2026-08-22 14:52,1405627286,22.90,43.80,263.33,106
2026-08-22 14:54,1405747286,22.90,45.70,262.50,125
2026-08-22 14:56,1405867286,23.00,45.90,261.67,136
2026-08-22 14:58,1405987286,23.00,45.20,259.17,114
2026-08-22 15:00,1406107286,23.10,46.10,256.67,145
2026-08-22 15:02,1406227286,23.10,45.20,248.33,161
2026-08-22 15:04,1406347286,23.20,44.80,249.17,136
2026-08-22 15:06,1406467286,23.20,46.50,250.00,133
2026-08-22 15:08,1406587286,23.20,46.50,247.50,111
2026-08-22 15:10,1406707286,23.30,45.80,248.33,106
2026-08-22 15:12,1406827286,23.30,45.10,254.17,145
2026-08-22 15:14,1406947286,23.20,45.30,252.50,130
2026-08-22 15:16,1407067286,23.20,45.90,246.67,118
2026-08-22 15:18,1407187286,23.20,45.90,203.33,152
2026-08-22 15:20,1407307286,23.20,45.00,247.50,109
2026-08-22 15:22,1407427286,23.20,44.70,245.00,138
2026-08-22 15:24,1407547286,23.20,44.60,237.50,108
2026-08-22 15:26,1407667286,23.10,47.60,244.17,123
2026-08-22 15:28,1407787286,23.10,45.80,243.33,135
2026-08-22 15:30,1407907286,23.10,45.00,244.17,108
2026-08-22 15:32,1408027286,23.00,45.40,247.50,150
2026-08-22 15:34,1408147286,23.00,45.80,239.17,101
2026-08-22 15:36,1408267286,23.00,44.30,240.83,155
2026-08-22 15:38,1408387286,23.00,45.10,235.83,130
2026-08-22 15:40,1408507286,23.00,45.70,230.00,136
2026-08-22 15:42,1408627286,23.00,46.40,232.50,106
2026-08-22 15:44,1408747286,22.90,46.20,226.67,168
2026-08-22 15:46,1408867286,23.00,46.30,225.83,105
2026-08-22 15:48,1408987286,22.90,45.70,224.17,120
2026-08-22 15:50,1409107286,22.90,46.50,214.17,141
2026-08-22 15:52,1409227286,23.00,46.80,222.50,130
2026-08-22 15:54,1409347286,23.00,46.00,218.33,126
2026-08-22 15:56,1409467286,23.00,46.40,218.33,126
2026-08-22 15:58,1409587286,23.00,45.70,217.50,132
2026-08-22 16:00,1409707286,23.10,46.70,223.33,111
2026-08-22 16:02,1409827286,23.10,46.40,220.00,148
2026-08-22 16:04,1409947286,23.00,46.60,214.17,137
2026-08-22 16:06,1410067286,23.00,44.30,212.50,104
2026-08-22 16:08,1410187286,22.80,43.60,213.33,107
2026-08-22 16:10,1410307286,22.90,45.90,210.83,147
2026-08-22 16:12,1410427286,22.90,46.70,205.00,162
2026-08-22 16:14,1410547286,22.80,47.10,198.33,169
2026-08-22 16:16,1410667286,22.80,47.10,203.33,131
2026-08-22 16:18,1410787286,22.80,47.80,201.67,117
2026-08-22 16:20,1410907286,22.90,47.10,196.67,119
2026-08-22 16:22,1411027286,22.90,47.10,196.67,153
2026-08-22 16:24,1411147286,22.90,47.30,200.00,128
2026-08-22 16:26,1411267286,22.80,46.30,195.83,112
2026-08-22 16:28,1411387286,22.90,47.60,192.50,134
2026-08-22 16:30,1411507286,22.80,47.50,191.67,111
2026-08-22 16:32,1411627286,22.70,47.80,186.67,142
2026-08-22 16:34,1411747286,22.70,47.60,187.50,117
2026-08-22 16:36,1411867286,22.70,48.10,186.67,133
2026-08-22 16:38,1411987286,22.60,47.40,184.17,150
2026-08-22 16:40,1412107286,22.60,47.50,180.83,160
2026-08-22 16:42,1412227286,22.40,47.50,182.50,132
2026-08-22 16:44,1412347286,22.50,48.00,176.67,139
2026-08-22 16:46,1412467286,22.50,47.90,171.67,167
2026-08-22 16:48,1412587286,22.40,47.90,175.00,136
2026-08-22 16:50,1412707286,22.20,48.30,167.50,106
2026-08-22 16:52,1412827286,22.20,49.10,161.67,163
2026-08-22 16:54,1412947286,22.20,49.80,160.00,156
2026-08-22 16:56,1413067286,22.20,49.40,160.00,126
2026-08-22 16:58,1413187286,22.20,49.40,150.00,121
2026-08-22 17:00,1413307286,22.10,49.00,146.67,117
2026-08-22 17:02,1413427286,22.00,48.20,142.50,123
2026-08-22 17:04,1413547286,22.00,47.20,131.67,161
2026-08-22 17:06,1413667286,21.80,48.60,127.50,129
2026-08-22 17:08,1413787286,21.70,48.50,118.33,110
2026-08-22 17:10,1413907286,21.60,49.30,110.83,132
2026-08-22 17:12,1414027286,21.60,50.60,97.50,178
2026-08-22 17:14,1414147286,21.50,49.60,86.67,121
2026-08-22 17:16,1414267286,21.50,48.70,72.50,110
2026-08-22 17:18,1414387286,21.30,49.50,60.00,155
2026-08-22 17:20,1414507286,21.20,50.00,49.17,126
2026-08-22 17:22,1414627286,21.10,49.20,41.67,123
2026-08-22 17:24,1414747286,21.10,50.00,37.50,121
2026-08-22 17:26,1414867286,20.90,51.00,36.67,138
2026-08-22 17:28,1414987286,20.90,50.90,35.83,128
2026-08-22 17:30,1415107286,20.90,50.80,33.33,133
2026-08-22 17:32,1415227286,20.80,51.00,30.83,114
2026-08-22 17:34,1415347286,20.70,51.60,30.00,130
2026-08-22 17:36,1415467286,20.60,51.90,29.17,101
2026-08-22 17:38,1415587286,20.50,51.90,29.17,109
2026-08-22 17:40,1415707286,20.40,52.30,30.00,108
2026-08-22 17:42,1415827286,20.20,52.20,28.33,116
2026-08-22 17:44,1415947286,20.10,52.50,24.17,95
2026-08-22 17:46,1416067286,20.00,53.30,23.33,126
2026-08-22 17:48,1416187286,19.90,53.30,23.33,161
2026-08-22 17:50,1416307286,19.90,53.10,21.67,102
2026-08-22 17:52,1416427286,19.70,53.70,20.00,130
2026-08-22 17:54,1416547286,19.60,53.90,18.33,107
2026-08-22 17:56,1416667286,19.60,54.40,16.67,112
2026-08-22 17:58,1416787286,19.50,55.10,16.67,144
2026-08-22 18:00,1416907286,19.40,56.00,15.00,135
2026-08-22 18:02,1417027286,19.30,56.70,13.33,89
2026-08-22 18:04,1417147286,19.20,57.00,12.50,143
2026-08-22 18:06,1417267286,19.10,57.10,10.00,80
2026-08-22 18:08,1417387286,19.00,58.20,9.17,89
2026-08-22 18:10,1417507286,18.90,58.10,7.50,106
2026-08-22 18:12,1417627286,18.80,58.50,6.67,121
2026-08-22 18:14,1417747286,18.60,58.90,5.00,94
2026-08-22 18:16,1417867286,18.60,59.50,4.17,111
2026-08-22 18:18,1417987286,18.50,59.70,3.33,125
2026-08-22 18:20,1418107286,18.40,59.80,2.50,145
2026-08-22 18:22,1418227286,18.30,60.00,1.67,148
2026-08-22 18:24,1418347286,18.20,60.20,1.67,134
2026-08-22 18:26,1418467286,18.10,59.80,0.83,123
2026-08-22 18:28,1418587286,18.00,60.00,0.83,111
2026-08-22 18:30,1418707286,17.80,60.00,52.50,147
2026-08-22 18:32,1418827286,17.80,59.70,50.83,141
2026-08-22 18:34,1418947286,17.70,60.20,50.83,104
2026-08-22 18:36,1419067286,17.50,60.00,50.00,117
2026-08-22 18:38,1419187286,17.40,60.30,50.00,109
2026-08-22 18:40,1419307286,17.30,60.80,49.17,87
2026-08-22 18:42,1419427286,17.20,60.60,49.17,111
2026-08-22 18:44,1419547286,17.00,61.40,49.17,154
2026-08-22 18:46,1419667286,16.90,61.10,48.33,124
2026-08-22 18:48,1419787286,16.90,61.20,48.33,108
2026-08-22 18:50,1419907286,16.80,62.40,48.33,130
2026-08-22 18:52,1420027286,16.80,62.50,47.50,98
2026-08-22 18:54,1420147286,16.70,62.30,47.50,118
2026-08-22 18:56,1420267286,16.50,63.10,48.33,134
2026-08-22 18:58,1420387286,16.50,63.40,48.33,135
2026-08-22 19:00,1420507286,16.30,62.60,48.33,185
2026-08-22 19:02,1420627286,16.30,63.60,47.50,165
2026-08-22 19:04,1420747286,16.30,63.40,48.33,86
2026-08-22 19:06,1420867286,16.20,63.50,48.33,172
2026-08-22 19:08,1420987286,16.10,64.50,47.50,84
2026-08-22 19:10,1421107286,16.10,63.70,48.33,86
2026-08-22 19:12,1421227286,15.90,63.00,47.50,89
2026-08-22 19:14,1421347286,15.90,62.80,48.33,97
2026-08-22 19:16,1421467286,15.90,62.30,48.33,139
2026-08-22 19:18,1421587286,16.00,61.90,47.50,136
2026-08-22 19:20,1421707286,15.90,61.20,47.50,139
2026-08-22 19:22,1421827286,15.80,61.30,47.50,88
2026-08-22 19:24,1421947286,15.80,61.30,47.50,137
2026-08-22 19:26,1422067286,15.70,61.30,48.33,111
2026-08-22 19:28,1422187286,15.60,62.40,48.33,120
2026-08-22 19:30,1422307286,15.60,62.40,47.50,122
2026-08-22 19:32,1422427286,15.60,63.10,47.50,119
2026-08-22 19:34,1422547286,15.40,63.40,48.33,137
2026-08-22 19:36,1422667286,15.40,63.40,48.33,116
2026-08-22 19:38,1422787286,15.30,63.40,47.50,108
2026-08-22 19:40,1422907286,15.20,64.00,47.50,104
2026-08-22 19:42,1423027286,15.20,63.40,47.50,113
2026-08-22 19:44,1423147286,15.00,63.30,48.33,97
2026-08-22 19:46,1423267286,15.00,63.10,47.50,117
2026-08-22 19:48,1423387286,15.00,63.00,47.50,111
2026-08-22 19:50,1423507286,14.90,64.00,48.33,121
2026-08-22 19:52,1423627286,14.90,63.90,48.33,79
2026-08-22 19:54,1423747286,14.80,65.00,48.33,108
2026-08-22 19:56,1423867286,14.80,64.70,48.33,101
2026-08-22 19:58,1423987286,14.70,63.80,47.50,112
2026-08-22 20:00,1424107286,14.60,64.90,48.33,113
2026-08-22 20:02,1424227286,14.60,64.70,48.33,106
2026-08-22 20:04,1424347286,14.50,65.50,47.50,100
2026-08-22 20:06,1424467286,14.50,65.60,48.33,91
2026-08-22 20:08,1424587286,14.40,64.90,47.50,154
2026-08-22 20:10,1424707286,14.50,65.40,48.33,98
2026-08-22 20:12,1424827286,14.40,65.20,47.50,135
2026-08-22 20:14,1424947286,14.30,64.70,47.50,85
2026-08-22 20:16,1425067286,14.30,64.50,47.50,124
2026-08-22 20:18,1425187286,14.30,64.00,47.50,91
2026-08-22 20:20,1425307286,14.40,63.80,47.50,99
2026-08-22 20:22,1425427286,14.30,63.80,47.50,128
2026-08-22 20:24,1425547286,14.40,63.70,48.33,135
2026-08-22 20:26,1425667286,14.30,63.60,48.33,111
2026-08-22 20:28,1425787286,14.30,63.60,48.33,147
2026-08-22 20:30,1425907286,14.20,63.40,47.50,110
2026-08-22 20:32,1426027286,14.30,63.20,47.50,99
2026-08-22 20:34,1426147286,14.20,63.00,47.50,98
2026-08-22 20:36,1426267286,14.20,63.00,48.33,110
2026-08-22 20:38,1426387286,14.20,62.80,47.50,115
2026-08-22 20:40,1426507286,14.10,62.90,47.50,113
2026-08-22 20:42,1426627286,14.10,62.50,47.50,111
2026-08-22 20:44,1426747286,14.10,62.90,48.33,153
2026-08-22 20:46,1426867286,14.10,62.80,47.50,156
2026-08-22 20:48,1426987286,14.10,63.50,47.50,122
2026-08-22 20:50,1427107286,13.90,63.60,48.33,125
2026-08-22 20:52,1427227286,14.00,63.40,47.50,108
2026-08-22 20:54,1427347286,14.00,63.40,47.50,114
2026-08-22 20:56,1427467286,14.00,63.30,47.50,117
2026-08-22 20:58,1427587286,13.90,63.70,47.50,92
2026-08-22 21:00,1427707286,13.90,63.40,48.33,114
2026-08-22 21:02,1427827286,13.80,64.00,48.33,100
2026-08-22 21:04,1427947286,13.70,64.70,47.50,87
2026-08-22 21:06,1428067286,13.70,65.40,48.33,111
2026-08-22 21:08,1428187286,13.70,65.20,48.33,132
2026-08-22 21:10,1428307286,13.60,66.20,47.50,120
2026-08-22 21:12,1428427286,13.60,65.50,48.33,111
2026-08-22 21:14,1428547286,13.60,65.50,47.50,125
2026-08-22 21:16,1428667286,13.50,65.50,48.33,127
2026-08-22 21:18,1428787286,13.50,67.20,48.33,98
2026-08-22 21:20,1428907286,13.50,66.70,48.33,128
2026-08-22 21:22,1429027286,13.40,67.80,48.33,130
2026-08-22 21:24,1429147286,13.50,66.10,48.33,96
2026-08-22 21:26,1429267286,13.40,66.70,47.50,99
2026-08-22 21:28,1429387286,13.40,66.40,48.33,112
2026-08-22 21:30,1429507286,13.30,66.10,47.50,100
2026-08-22 21:32,1429627286,13.40,67.10,48.33,138
2026-08-22 21:34,1429747286,13.40,68.00,48.33,142
2026-08-22 21:36,1429867286,13.20,66.70,47.50,115
2026-08-22 21:38,1429987286,13.30,66.70,48.33,117
2026-08-22 21:40,1430107286,13.30,65.90,47.50,125
2026-08-22 21:42,1430227286,13.20,65.90,47.50,120
2026-08-22 21:44,1430347286,13.10,65.50,47.50,118
2026-08-22 21:46,1430467286,13.10,65.50,47.50,109
2026-08-22 21:48,1430587286,13.10,65.10,47.50,100
2026-08-22 21:50,1430707286,13.20,65.10,47.50,100
2026-08-22 21:52,1430827286,13.10,65.00,47.50,108
2026-08-22 21:54,1430947286,13.10,64.90,48.33,107
2026-08-22 21:56,1431067286,13.10,65.60,47.50,164
2026-08-22 21:58,1431187286,13.10,64.70,47.50,102
2026-08-22 22:00,1431307286,13.00,65.00,47.50,130
2026-08-22 22:02,1431427286,13.00,65.80,47.50,121
2026-08-22 22:04,1431547286,12.90,66.50,47.50,118
2026-08-22 22:06,1431667286,12.80,65.80,47.50,121
2026-08-22 22:08,1431787286,12.80,66.40,48.33,104
2026-08-22 22:10,1431907286,12.70,66.50,47.50,105
2026-08-22 22:12,1432027286,12.60,66.50,47.50,102
2026-08-22 22:14,1432147286,12.60,66.70,48.33,83
2026-08-22 22:16,1432267286,12.50,67.80,47.50,131
2026-08-22 22:18,1432387286,12.50,68.30,48.33,102
2026-08-22 22:20,1432507286,12.40,68.10,48.33,102
2026-08-22 22:22,1432627286,12.20,68.30,47.50,156
2026-08-22 22:24,1432747286,12.30,69.10,47.50,92
2026-08-22 22:26,1432867286,12.20,69.00,47.50,103
2026-08-22 22:28,1432987286,12.20,68.50,48.33,146
2026-08-22 22:30,1433107286,12.20,68.20,47.50,97
2026-08-22 22:32,1433227286,12.20,67.90,48.33,90
2026-08-22 22:34,1433347286,12.20,67.40,47.50,114
2026-08-22 22:36,1433467286,12.20,67.10,47.50,138
2026-08-22 22:38,1433587286,12.20,67.50,47.50,145
2026-08-22 22:40,1433707286,12.10,67.30,48.33,102
2026-08-22 22:42,1433827286,12.20,67.20,47.50,150
2026-08-22 22:44,1433947286,12.20,67.00,48.33,118
2026-08-22 22:46,1434067286,12.20,67.40,47.50,136
2026-08-22 22:48,1434187286,12.20,67.30,47.50,115
2026-08-22 22:50,1434307286,12.20,67.40,48.33,143
2026-08-22 22:52,1434427286,12.10,66.60,48.33,94
2026-08-22 22:54,1434547286,12.10,66.30,47.50,94
2026-08-22 22:56,1434667286,12.20,66.20,48.33,124
2026-08-22 22:58,1434787286,12.10,65.80,47.50,93
2026-08-22 23:00,1434907286,12.10,66.30,47.50,107
2026-08-22 23:02,1435027286,12.10,67.20,47.50,121
2026-08-22 23:04,1435147286,12.10,67.50,47.50,108
2026-08-22 23:06,1435267286,12.00,67.10,47.50,150
2026-08-22 23:08,1435387286,11.90,66.70,47.50,159
2026-08-22 23:10,1435507286,12.00,67.20,47.50,77
2026-08-22 23:12,1435627286,11.90,67.50,47.50,145
2026-08-22 23:14,1435747286,11.90,67.60,47.50,124
2026-08-22 23:16,1435867286,11.90,67.50,48.33,118
2026-08-22 23:18,1435987286,11.90,67.40,47.50,81
2026-08-22 23:20,1436107286,11.80,67.60,47.50,140
2026-08-22 23:22,1436227286,11.80,67.90,48.33,98
2026-08-22 23:24,1436347286,11.70,68.20,48.33,129
2026-08-22 23:26,1436467286,11.60,68.70,48.33,132
2026-08-22 23:28,1436587286,11.60,69.20,47.50,148
2026-08-22 23:30,1436707286,11.60,68.90,48.33,107
2026-08-22 23:32,1436827286,11.60,69.40,48.33,171
2026-08-22 23:34,1436947286,11.40,69.50,47.50,144
2026-08-22 23:36,1437067286,11.40,69.10,48.33,121
2026-08-22 23:38,1437187286,11.40,69.40,47.50,110
2026-08-22 23:40,1437307286,11.20,69.40,48.33,108
2026-08-22 23:42,1437427286,11.30,69.10,48.33,132
2026-08-22 23:44,1437547286,11.30,69.60,48.33,109
2026-08-22 23:46,1437667286,11.20,69.80,48.33,102
2026-08-22 23:48,1437787286,11.20,70.00,48.33,94
2026-08-22 23:50,1437907286,11.00,69.90,47.50,105
2026-08-22 23:52,1438027286,11.00,70.20,48.33,133
2026-08-22 23:54,1438147286,10.80,70.20,48.33,92
2026-08-22 23:56,1438267286,10.80,70.00,48.33,108
2026-08-22 23:58,1438387286,10.80,70.20,48.33,139
2026-08-23 00:00,1438507286,10.80,71.00,47.50,129
2026-08-23 00:02,1438627286,10.80,70.10,47.50,81
2026-08-23 00:04,1438747286,10.70,69.80,47.50,132
2026-08-23 00:06,1438867286,10.70,69.80,48.33,116
2026-08-23 00:08,1438987286,10.60,71.00,47.50,96
2026-08-23 00:10,1439107286,10.50,70.40,47.50,115
2026-08-23 00:12,1439227286,10.50,70.60,48.33,144
2026-08-23 00:14,1439347286,10.50,70.70,48.33,117
2026-08-23 00:16,1439467286,10.40,71.00,0.00,173
2026-08-23 00:18,1439587286,10.40,70.70,0.00,145
2026-08-23 00:20,1439707286,10.50,71.20,0.00,103
2026-08-23 00:22,1439827286,10.30,71.50,0.00,94
2026-08-23 00:24,1439947286,10.30,72.00,0.00,97
2026-08-23 00:26,1440067286,10.30,72.50,0.00,131
2026-08-23 00:28,1440187286,10.30,72.20,0.00,129
2026-08-23 00:30,1440307286,10.20,72.00,0.00,110
2026-08-23 00:32,1440427286,10.20,72.20,0.00,91
2026-08-23 00:34,1440547286,10.20,71.80,0.00,112
2026-08-23 00:36,1440667286,10.10,72.50,0.00,125
2026-08-23 00:38,1440787286,10.20,72.10,0.00,116
2026-08-23 00:40,1440907286,10.10,71.10,0.00,139
2026-08-23 00:42,1441027286,10.10,71.00,0.00,143
2026-08-23 00:44,1441147286,10.10,70.60,0.00,91
2026-08-23 00:46,1441267286,10.10,70.70,0.00,158
2026-08-23 00:48,1441387286,10.10,70.50,0.00,157
2026-08-23 00:50,1441507286,10.10,70.50,0.00,115
2026-08-23 00:52,1441627286,10.20,70.30,0.00,123
2026-08-23 00:54,1441747286,10.10,69.60,0.00,140
2026-08-23 00:56,1441867286,10.10,69.40,0.00,161
2026-08-23 00:58,1441987286,10.10,69.60,0.00,95
2026-08-23 01:00,1442107286,10.20,69.90,0.00,125
2026-08-23 01:02,1442227286,10.10,70.50,0.00,157
2026-08-23 01:04,1442347286,10.10,71.60,0.00,116
2026-08-23 01:06,1442467286,10.00,71.10,0.00,154
2026-08-23 01:08,1442587286,10.00,70.80,0.00,103
2026-08-23 01:10,1442707286,10.00,70.60,0.00,120
2026-08-23 01:12,1442827286,9.90,70.30,0.00,105
2026-08-23 01:14,1442947286,9.90,70.30,0.00,130
2026-08-23 01:16,1443067286,9.80,70.90,0.00,129
2026-08-23 01:18,1443187286,9.80,71.20,0.00,116
2026-08-23 01:20,1443307286,9.70,70.90,0.00,103
2026-08-23 01:22,1443427286,9.70,70.90,0.00,178
2026-08-23 01:24,1443547286,9.70,71.80,0.00,125
2026-08-23 01:26,1443667286,9.70,71.70,0.00,104
2026-08-23 01:28,1443787286,9.50,72.00,0.00,114
2026-08-23 01:30,1443907286,9.50,72.20,0.00,118
2026-08-23 01:32,1444027286,9.50,71.60,0.00,155
2026-08-23 01:34,1444147286,9.50,72.20,0.00,116
2026-08-23 01:36,1444267286,9.50,71.70,0.00,114
2026-08-23 01:38,1444387286,9.40,72.20,0.00,98
2026-08-23 01:40,1444507286,9.30,72.40,0.00,103
2026-08-23 01:42,1444627286,9.30,72.80,0.00,102
2026-08-23 01:44,1444747286,9.30,72.20,0.00,117
2026-08-23 01:46,1444867286,9.30,72.40,0.00,135
2026-08-23 01:48,1444987286,9.30,72.90,0.00,90
2026-08-23 01:50,1445107286,9.30,73.20,0.00,114
2026-08-23 01:52,1445227286,9.30,73.20,0.00,125
2026-08-23 01:54,1445347286,9.20,72.90,0.00,101
2026-08-23 01:56,1445467286,9.30,73.20,0.00,103
2026-08-23 01:58,1445587286,9.20,72.90,0.00,113
2026-08-23 02:00,1445707286,9.20,73.20,0.00,122
2026-08-23 02:02,1445827286,9.20,73.20,0.00,103
2026-08-23 02:04,1445947286,9.20,73.30,0.00,89
2026-08-23 02:06,1446067286,9.20,73.00,0.00,87
2026-08-23 02:08,1446187286,9.20,73.20,0.00,112
2026-08-23 02:10,1446307286,9.20,73.40,0.00,121
2026-08-23 02:12,1446427286,9.20,73.30,0.00,149
2026-08-23 02:14,1446547286,9.20,74.00,0.00,105
2026-08-23 02:16,1446667286,9.10,73.50,0.00,115
2026-08-23 02:18,1446787286,9.10,73.50,0.00,118
2026-08-23 02:20,1446907286,9.10,73.00,0.00,135
2026-08-23 02:22,1447027286,9.10,74.10,0.00,112
2026-08-23 02:24,1447147286,9.10,73.60,0.00,106
2026-08-23 02:26,1447267286,9.10,73.20,0.00,117
2026-08-23 02:28,1447387286,9.10,73.60,0.00,93
2026-08-23 02:30,1447507286,9.10,73.20,0.00,86
2026-08-23 02:32,1447627286,9.00,73.20,0.00,98
2026-08-23 02:34,1447747286,9.00,72.80,0.00,102
2026-08-23 02:36,1447867286,9.00,73.10,0.00,108
2026-08-23 02:38,1447987286,9.00,72.90,0.00,104
2026-08-23 02:40,1448107286,9.00,72.80,0.00,145
2026-08-23 02:42,1448227286,9.10,73.10,0.00,140
2026-08-23 02:44,1448347286,8.90,72.50,0.00,90
2026-08-23 02:46,1448467286,8.90,72.70,0.00,154
2026-08-23 02:48,1448587286,8.90,72.60,0.00,175
2026-08-23 02:50,1448707286,8.80,72.80,0.00,105
2026-08-23 02:52,1448827286,8.80,72.70,0.00,90
2026-08-23 02:54,1448947286,8.80,72.50,0.00,142
2026-08-23 02:56,1449067286,8.70,73.00,0.00,112
2026-08-23 02:58,1449187286,8.70,72.90,0.00,132
2026-08-23 03:00,1449307286,8.70,73.20,0.00,105
2026-08-23 03:02,1449427286,8.70,74.20,0.00,98
2026-08-23 03:04,1449547286,8.60,74.20,0.00,94
2026-08-23 03:06,1449667286,8.60,74.20,0.00,116
2026-08-23 03:08,1449787286,8.60,74.00,0.00,122
2026-08-23 03:10,1449907286,8.50,73.20,0.00,150
2026-08-23 03:12,1450027286,8.50,73.90,0.00,116
2026-08-23 03:14,1450147286,8.50,73.70,0.00,76
2026-08-23 03:16,1450267286,8.40,75.20,0.00,119
2026-08-23 03:18,1450387286,8.40,74.70,0.00,101
2026-08-23 03:20,1450507286,8.50,74.00,0.00,150
2026-08-23 03:22,1450627286,8.40,73.70,0.00,105
2026-08-23 03:24,1450747286,8.30,73.60,0.00,109
2026-08-23 03:26,1450867286,8.30,73.70,0.00,79
2026-08-23 03:28,1450987286,8.20,73.90,0.00,103
2026-08-23 03:30,1451107286,8.30,73.70,0.00,104
2026-08-23 03:32,1451227286,8.30,74.20,0.00,105
2026-08-23 03:34,1451347286,8.40,75.20,51.67,109
2026-08-23 03:36,1451467286,8.50,75.30,50.83,89
2026-08-23 03:38,1451587286,8.30,74.80,50.00,138
2026-08-23 03:40,1451707286,8.40,74.10,50.00,109
2026-08-23 03:42,1451827286,8.40,73.80,49.17,106
2026-08-23 03:44,1451947286,8.50,73.40,50.00,124
2026-08-23 03:46,1452067286,8.60,73.30,49.17,117
2026-08-23 03:48,1452187286,8.60,73.20,48.33,86
2026-08-23 03:50,1452307286,8.60,73.00,48.33,99
2026-08-23 03:52,1452427286,8.60,73.10,48.33,123
2026-08-23 03:54,1452547286,8.60,73.30,48.33,118
2026-08-23 03:56,1452667286,8.60,73.20,48.33,104
2026-08-23 03:58,1452787286,8.60,73.00,48.33,87
2026-08-23 04:00,1452907286,8.60,73.60,48.33,108
2026-08-23 04:02,1453027286,8.60,73.60,48.33,86
2026-08-23 04:04,1453147286,8.60,74.20,48.33,100
2026-08-23 04:06,1453267286,8.70,73.50,48.33,98
2026-08-23 04:08,1453387286,8.60,74.70,48.33,104
2026-08-23 04:10,1453507286,8.70,74.40,48.33,112
2026-08-23 04:12,1453627286,8.60,74.90,48.33,123
2026-08-23 04:14,1453747286,8.70,74.60,48.33,93
2026-08-23 04:16,1453867286,8.60,75.50,47.50,101
2026-08-23 04:18,1453987286,8.60,75.10,47.50,87
2026-08-23 04:20,1454107286,8.60,74.70,48.33,101
2026-08-23 04:22,1454227286,8.60,74.90,48.33,131
2026-08-23 04:24,1454347286,8.60,74.90,48.33,112
2026-08-23 04:26,1454467286,8.60,74.80,48.33,87
2026-08-23 04:28,1454587286,8.60,74.90,48.33,86
2026-08-23 04:30,1454707286,8.50,75.50,48.33,95
2026-08-23 04:32,1454827286,8.60,74.90,48.33,124
2026-08-23 04:34,1454947286,8.60,73.90,48.33,95
2026-08-23 04:36,1455067286,8.60,73.80,47.50,97
2026-08-23 04:38,1455187286,8.50,74.30,47.50,120
2026-08-23 04:40,1455307286,8.50,74.50,47.50,128
2026-08-23 04:42,1455427286,8.60,73.90,48.33,77
2026-08-23 04:44,1455547286,8.50,73.70,47.50,67
2026-08-23 04:46,1455667286,8.50,74.70,48.33,104
2026-08-23 04:48,1455787286,8.50,74.50,48.33,76
2026-08-23 04:50,1455907286,8.60,74.60,48.33,88
2026-08-23 04:52,1456027286,8.50,74.80,47.50,110
2026-08-23 04:54,1456147286,8.50,73.90,48.33,116
2026-08-23 04:56,1456267286,8.40,74.10,48.33,95
2026-08-23 04:58,1456387286,8.20,74.10,48.33,88
2026-08-23 05:00,1456507286,8.30,74.50,48.33,100
2026-08-23 05:02,1456627286,8.20,74.90,47.50,71
2026-08-23 05:04,1456747286,8.30,74.10,47.50,121
2026-08-23 05:06,1456867286,8.10,75.00,48.33,121
2026-08-23 05:08,1456987286,8.20,74.00,47.50,88
2026-08-23 05:10,1457107286,8.20,73.70,48.33,82
2026-08-23 05:12,1457227286,8.10,73.60,47.50,100
2026-08-23 05:14,1457347286,8.10,74.10,47.50,72
2026-08-23 05:16,1457467286,8.10,74.60,48.33,140
2026-08-23 05:18,1457587286,8.00,74.00,47.50,105
2026-08-23 05:20,1457707286,8.00,74.60,47.50,110
2026-08-23 05:22,1457827286,7.80,73.80,47.50,72
2026-08-23 05:24,1457947286,7.90,73.90,47.50,97
2026-08-23 05:26,1458067286,7.90,74.10,48.33,73
2026-08-23 05:28,1458187286,7.80,74.90,47.50,79
2026-08-23 05:30,1458307286,7.80,74.50,47.50,94
2026-08-23 05:32,1458427286,7.70,74.50,47.50,123
2026-08-23 05:34,1458547286,7.70,75.70,48.33,119
2026-08-23 05:36,1458667286,7.80,74.80,47.50,73
2026-08-23 05:38,1458787286,7.70,74.40,47.50,66
2026-08-23 05:40,1458907286,7.70,74.90,47.50,136
2026-08-23 05:42,1459027286,7.80,74.00,48.33,96
2026-08-23 05:44,1459147286,7.50,73.90,48.33,98
2026-08-23 05:46,1459267286,7.60,74.20,47.50,119
2026-08-23 05:48,1459387286,7.40,74.50,47.50,114
2026-08-23 05:50,1459507286,7.50,74.80,47.50,76
2026-08-23 05:52,1459627286,7.50,74.20,48.33,103
2026-08-23 05:54,1459747286,7.40,74.60,47.50,144
2026-08-23 05:56,1459867286,7.30,74.70,47.50,101
2026-08-23 05:58,1459987286,7.50,74.80,47.50,137
2026-08-23 06:00,1460107286,7.40,74.70,47.50,101
2026-08-23 06:02,1460227286,7.50,74.90,48.33,74
2026-08-23 06:04,1460347286,7.40,76.10,48.33,97
2026-08-23 06:06,1460467286,7.30,75.50,48.33,91
2026-08-23 06:08,1460587286,7.50,74.80,48.33,74
2026-08-23 06:10,1460707286,7.30,75.50,48.33,147
2026-08-23 06:12,1460827286,7.40,75.10,48.33,92
2026-08-23 06:14,1460947286,7.30,75.00,48.33,92
2026-08-23 06:16,1461067286,7.30,75.90,48.33,106
2026-08-23 06:18,1461187286,7.30,75.70,48.33,92
2026-08-23 06:20,1461307286,7.40,75.80,48.33,82
2026-08-23 06:22,1461427286,7.30,76.00,47.50,124
2026-08-23 06:24,1461547286,7.50,75.90,48.33,139
2026-08-23 06:26,1461667286,7.40,75.70,48.33,77
2026-08-23 06:28,1461787286,7.30,76.00,48.33,88
2026-08-23 06:30,1461907286,7.50,75.30,47.50,84
2026-08-23 06:32,1462027286,7.50,75.60,48.33,62
2026-08-23 06:34,1462147286,7.30,75.50,47.50,136
2026-08-23 06:36,1462267286,7.20,75.20,48.33,151
2026-08-23 06:38,1462387286,7.40,75.20,48.33,85
2026-08-23 06:40,1462507286,7.40,75.30,48.33,87
2026-08-23 06:42,1462627286,7.30,75.10,48.33,116
2026-08-23 06:44,1462747286,7.20,75.50,48.33,84
2026-08-23 06:46,1462867286,7.30,76.60,48.33,95
2026-08-23 06:48,1462987286,7.40,75.80,48.33,101
2026-08-23 06:50,1463107286,7.30,75.80,48.33,103
2026-08-23 06:52,1463227286,7.50,75.60,48.33,120
2026-08-23 06:54,1463347286,7.20,75.30,48.33,122
2026-08-23 06:56,1463467286,7.30,76.30,48.33,104
2026-08-23 06:58,1463587286,7.30,76.00,49.17,99
2026-08-23 07:00,1463707286,7.40,76.00,50.00,99
2026-08-23 07:02,1463827286,7.50,75.40,50.00,77
2026-08-23 07:04,1463947286,7.30,75.50,51.67,60
2026-08-23 07:06,1464067286,7.40,75.90,51.67,51
2026-08-23 07:08,1464187286,7.20,76.30,53.33,118
2026-08-23 07:10,1464307286,7.20,76.00,53.33,113
2026-08-23 07:12,1464427286,7.40,76.30,54.17,112
2026-08-23 07:14,1464547286,7.40,75.80,54.17,111
2026-08-23 07:16,1464667286,7.30,75.80,55.00,88
2026-08-23 07:18,1464787286,7.40,75.80,55.83,130
2026-08-23 07:20,1464907286,7.30,75.50,57.50,195
2026-08-23 07:22,1465027286,7.30,76.40,57.50,94
2026-08-23 07:24,1465147286,7.50,76.70,58.33,120
2026-08-23 07:26,1465267286,7.50,77.20,60.00,90
2026-08-23 07:28,1465387286,7.40,76.10,60.00,134
2026-08-23 07:30,1465507286,7.50,75.80,60.83,115
2026-08-23 07:32,1465627286,7.40,76.00,60.83,87
2026-08-23 07:34,1465747286,7.50,76.00,62.50,69
2026-08-23 07:36,1465867286,7.50,76.10,63.33,111
2026-08-23 07:38,1465987286,7.40,76.60,63.33,74
2026-08-23 07:40,1466107286,7.50,75.80,64.17,127
2026-08-23 07:42,1466227286,7.40,76.80,64.17,103
2026-08-23 07:44,1466347286,7.50,76.20,65.00,83
2026-08-23 07:46,1466467286,7.50,76.50,65.83,114
2026-08-23 07:48,1466587286,7.50,76.40,66.67,89
2026-08-23 07:50,1466707286,7.40,76.30,67.50,110
2026-08-23 07:52,1466827286,7.70,76.60,67.50,93
2026-08-23 07:54,1466947286,7.50,75.90,96.67,97
2026-08-23 07:56,1467067286,7.60,75.60,96.67,117
2026-08-23 07:58,1467187286,7.70,75.90,96.67,147
2026-08-23 08:00,1467307286,7.70,76.50,98.33,102
2026-08-23 08:02,1467427286,7.70,76.50,50.83,104
2026-08-23 08:04,1467547286,7.70,76.50,50.00,88
2026-08-23 08:06,1467667286,7.80,76.40,49.17,157
2026-08-23 08:08,1467787286,7.70,76.50,50.83,119
2026-08-23 08:10,1467907286,7.80,75.90,51.67,165
2026-08-23 08:12,1468027286,7.80,76.30,51.67,135
2026-08-23 08:14,1468147286,7.90,76.30,51.67,142
2026-08-23 08:16,1468267286,7.90,76.60,51.67,99
2026-08-23 08:18,1468387286,7.80,76.50,52.50,119
2026-08-23 08:20,1468507286,7.90,76.70,53.33,130
2026-08-23 08:22,1468627286,8.00,76.20,53.33,107
2026-08-23 08:24,1468747286,8.00,76.80,54.17,73
2026-08-23 08:26,1468867286,8.10,76.00,55.00,99
2026-08-23 08:28,1468987286,8.00,76.00,56.67,92
2026-08-23 08:30,1469107286,8.00,75.90,57.50,114
2026-08-23 08:32,1469227286,8.00,75.50,58.33,100
2026-08-23 08:34,1469347286,8.10,76.00,58.33,99
2026-08-23 08:36,1469467286,8.20,76.40,60.00,122
2026-08-23 08:38,1469587286,8.20,76.20,64.17,108
2026-08-23 08:40,1469707286,8.20,76.30,67.50,126
2026-08-23 08:42,1469827286,8.30,77.10,74.17,148
2026-08-23 08:44,1469947286,8.40,76.10,76.67,124
2026-08-23 08:46,1470067286,8.50,76.30,75.83,123
2026-08-23 08:48,1470187286,8.50,76.40,83.33,137
2026-08-23 08:50,1470307286,8.60,76.50,97.50,106
2026-08-23 08:52,1470427286,8.50,76.50,108.33,117
2026-08-23 08:54,1470547286,8.70,77.00,119.17,162
2026-08-23 08:56,1470667286,8.70,77.00,124.17,105
2026-08-23 08:58,1470787286,8.80,77.00,124.17,111
2026-08-23 09:00,1470907286,9.10,76.60,115.83,105
2026-08-23 09:02,1471027286,9.20,76.00,106.67,126
2026-08-23 09:04,1471147286,9.30,76.10,111.67,120
2026-08-23 09:06,1471267286,9.50,75.60,110.83,119
2026-08-23 09:08,1471387286,9.70,75.00,102.50,130
2026-08-23 09:10,1471507286,9.80,75.40,110.83,135
2026-08-23 09:12,1471627286,9.90,75.00,137.50,115
2026-08-23 09:14,1471747286,10.10,74.70,172.50,98
2026-08-23 09:16,1471867286,10.20,74.40,204.17,113
2026-08-23 09:18,1471987286,10.50,73.70,210.83,104
2026-08-23 09:20,1472107286,10.70,73.60,213.33,103
2026-08-23 09:22,1472227286,10.90,72.90,215.83,121
2026-08-23 09:24,1472347286,11.10,73.10,221.67,137
2026-08-23 09:26,1472467286,11.30,72.50,222.50,156
2026-08-23 09:28,1472587286,11.60,72.20,220.00,116
2026-08-23 09:30,1472707286,11.80,71.80,224.17,117
2026-08-23 09:32,1472827286,12.00,70.90,226.67,113
2026-08-23 09:34,1472947286,12.20,69.70,225.83,125
2026-08-23 09:36,1473067286,12.20,69.70,230.00,107
2026-08-23 09:38,1473187286,12.40,69.40,231.67,122
2026-08-23 09:40,1473307286,12.60,68.70,234.17,127
2026-08-23 09:42,1473427286,12.70,68.90,235.00,224
2026-08-23 09:44,1473547286,12.90,68.30,238.33,128
2026-08-23 09:46,1473667286,13.00,66.90,242.50,136
2026-08-23 09:48,1473787286,13.10,66.60,239.17,126
2026-08-23 09:50,1473907286,13.30,66.90,242.50,100
2026-08-23 09:52,1474027286,13.40,66.00,242.50,144
2026-08-23 09:54,1474147286,13.50,65.70,245.83,146
2026-08-23 09:56,1474267286,13.60,65.30,245.00,142
2026-08-23 09:58,1474387286,13.70,64.10,248.33,138
2026-08-23 10:00,1474507286,13.80,63.70,255.00,166
2026-08-23 10:02,1474627286,14.00,64.10,253.33,124
2026-08-23 10:04,1474747286,14.10,64.10,256.67,135
2026-08-23 10:06,1474867286,14.20,64.00,259.17,107
2026-08-23 10:08,1474987286,14.30,63.60,261.67,158
2026-08-23 10:10,1475107286,14.50,63.30,255.83,143
2026-08-23 10:12,1475227286,14.60,63.40,262.50,123
2026-08-23 10:14,1475347286,14.70,62.40,258.33,135
2026-08-23 10:16,1475467286,14.80,62.50,258.33,125
2026-08-23 10:18,1475587286,14.90,61.70,263.33,128
2026-08-23 10:20,1475707286,15.10,61.90,270.00,156
2026-08-23 10:22,1475827286,15.20,61.40,263.33,123
2026-08-23 10:24,1475947286,15.30,61.10,269.17,135
2026-08-23 10:26,1476067286,15.40,61.30,268.33,106
2026-08-23 10:28,1476187286,15.50,61.30,263.33,108
2026-08-23 10:30,1476307286,15.80,60.60,276.67,170
2026-08-23 10:32,1476427286,15.80,60.90,275.83,119
2026-08-23 10:34,1476547286,16.00,59.30,271.67,114
2026-08-23 10:36,1476667286,16.10,59.90,273.33,147
2026-08-23 10:38,1476787286,16.20,60.10,273.33,140
2026-08-23 10:40,1476907286,16.40,59.00,273.33,138
2026-08-23 10:42,1477027286,16.50,58.60,276.67,177
2026-08-23 10:44,1477147286,16.70,59.30,285.83,109
2026-08-23 10:46,1477267286,16.60,58.10,279.17,121
2026-08-23 10:48,1477387286,16.80,57.90,280.83,115
2026-08-23 10:50,1477507286,16.90,57.10,282.50,91
2026-08-23 10:52,1477627286,17.00,57.20,279.17,125
2026-08-23 10:54,1477747286,17.20,56.60,291.67,142
2026-08-23 10:56,1477867286,17.30,55.20,290.00,151
2026-08-23 10:58,1477987286,17.50,55.90,283.33,107
2026-08-23 11:00,1478107286,17.60,56.20,285.83,144
2026-08-23 11:02,1478227286,17.70,55.60,285.83,137
2026-08-23 11:04,1478347286,17.80,55.90,290.00,147
2026-08-23 11:06,1478467286,17.90,55.80,290.00,114
2026-08-23 11:08,1478587286,18.10,56.60,280.83,149
2026-08-23 11:10,1478707286,18.10,56.40,290.00,127
2026-08-23 11:12,1478827286,18.40,56.10,295.00,126
2026-08-23 11:14,1478947286,18.30,54.60,298.33,109
2026-08-23 11:16,1479067286,18.60,54.30,295.00,158
2026-08-23 11:18,1479187286,18.60,54.50,295.83,149
2026-08-23 11:20,1479307286,18.80,54.80,299.17,175
2026-08-23 11:22,1479427286,18.70,54.10,297.50,142
2026-08-23 11:24,1479547286,18.80,53.10,305.83,149
2026-08-23 11:26,1479667286,18.90,52.20,305.00,97
2026-08-23 11:28,1479787286,18.90,51.40,305.00,114
2026-08-23 11:30,1479907286,19.00,52.80,304.17,112
2026-08-23 11:32,1480027286,19.00,51.20,305.00,161
2026-08-23 11:34,1480147286,19.10,52.10,303.33,113
2026-08-23 11:36,1480267286,19.20,52.20,302.50,133
2026-08-23 11:38,1480387286,19.20,52.00,304.17,129
2026-08-23 11:40,1480507286,19.20,52.00,306.67,139
2026-08-23 11:42,1480627286,19.40,50.50,307.50,175
2026-08-23 11:44,1480747286,19.60,52.00,307.50,157
2026-08-23 11:46,1480867286,19.70,51.70,305.83,145
2026-08-23 11:48,1480987286,19.70,51.60,302.50,127
2026-08-23 11:50,1481107286,19.90,51.80,304.17,121
2026-08-23 11:52,1481227286,20.00,51.80,300.83,134
2026-08-23 11:54,1481347286,20.00,49.20,301.67,114
2026-08-23 11:56,1481467286,20.10,50.20,303.33,160
2026-08-23 11:58,1481587286,20.20,49.40,303.33,119
2026-08-23 12:00,1481707286,20.30,50.80,305.83,94
2026-08-23 12:02,1481827286,20.40,51.70,315.00,146
2026-08-23 12:04,1481947286,20.60,50.60,315.00,182
2026-08-23 12:06,1482067286,20.70,50.10,314.17,143
2026-08-23 12:08,1482187286,20.80,50.20,315.00,140
2026-08-23 12:10,1482307286,20.90,49.90,315.83,153
2026-08-23 12:12,1482427286,21.10,50.60,310.83,142
2026-08-23 12:14,1482547286,21.20,50.10,314.17,123
2026-08-23 12:16,1482667286,21.20,47.80,315.83,134
2026-08-23 12:18,1482787286,21.20,47.80,306.67,140
2026-08-23 12:20,1482907286,21.20,46.90,306.67,134
2026-08-23 12:22,1483027286,21.20,47.40,308.33,136
2026-08-23 12:24,1483147286,21.20,48.40,313.33,125
2026-08-23 12:26,1483267286,21.20,48.70,312.50,155
2026-08-23 12:28,1483387286,21.40,48.90,321.67,108
2026-08-23 12:30,1483507286,21.40,47.50,315.83,133
2026-08-23 12:32,1483627286,21.60,48.30,310.00,116
2026-08-23 12:34,1483747286,21.60,48.00,307.50,124
2026-08-23 12:36,1483867286,21.70,47.60,298.33,140
2026-08-23 12:38,1483987286,21.80,46.20,305.00,124
2026-08-23 12:40,1484107286,21.90,45.90,308.33,155
2026-08-23 12:42,1484227286,22.10,46.70,307.50,148
2026-08-23 12:44,1484347286,22.00,46.00,315.00,172
2026-08-23 12:46,1484467286,22.20,45.80,310.00,116
2026-08-23 12:48,1484587286,22.10,45.80,310.83,151
2026-08-23 12:50,1484707286,22.20,46.60,309.17,143
2026-08-23 12:52,1484827286,22.30,46.40,309.17,114
2026-08-23 12:54,1484947286,22.40,45.50,308.33,165
2026-08-23 12:56,1485067286,22.50,44.90,310.83,146
2026-08-23 12:58,1485187286,22.50,44.50,312.50,155
2026-08-23 13:00,1485307286,22.60,46.20,306.67,144
2026-08-23 13:02,1485427286,22.70,46.00,315.83,147
2026-08-23 13:04,1485547286,22.80,45.00,305.00,142
2026-08-23 13:06,1485667286,22.90,45.30,303.33,152
2026-08-23 13:08,1485787286,23.00,44.90,315.83,111
2026-08-23 13:10,1485907286,23.00,44.60,312.50,121
2026-08-23 13:12,1486027286,23.10,45.00,314.17,218
2026-08-23 13:14,1486147286,23.10,44.60,305.00,150
2026-08-23 13:16,1486267286,23.30,44.80,312.50,131
2026-08-23 13:18,1486387286,23.40,45.30,300.00,133
2026-08-23 13:20,1486507286,23.40,45.20,302.50,169
2026-08-23 13:22,1486627286,23.50,44.70,315.83,131
2026-08-23 13:24,1486747286,23.50,44.50,316.67,139
2026-08-23 13:26,1486867286,23.50,44.30,315.00,178
2026-08-23 13:28,1486987286,23.50,43.80,308.33,187
2026-08-23 13:30,1487107286,23.50,44.90,314.17,134
2026-08-23 13:32,1487227286,23.60,43.70,309.17,162
2026-08-23 13:34,1487347286,23.50,43.10,306.67,141
2026-08-23 13:36,1487467286,23.60,43.50,310.83,166
2026-08-23 13:38,1487587286,23.60,44.10,296.67,150
2026-08-23 13:40,1487707286,23.70,43.30,313.33,156
2026-08-23 13:42,1487827286,23.70,43.30,315.83,159
2026-08-23 13:44,1487947286,23.70,42.90,308.33,150
2026-08-23 13:46,1488067286,23.80,43.90,311.67,136
2026-08-23 13:48,1488187286,23.80,44.20,297.50,120
2026-08-23 13:50,1488307286,23.90,44.00,304.17,142
2026-08-23 13:52,1488427286,23.90,44.00,298.33,179
2026-08-23 13:54,1488547286,24.10,43.30,310.83,147
2026-08-23 13:56,1488667286,24.20,43.00,307.50,193
2026-08-23 13:58,1488787286,24.10,42.70,298.33,141
2026-08-23 14:00,1488907286,24.10,42.60,295.00,179
2026-08-23 14:02,1489027286,24.20,42.90,295.83,157
2026-08-23 14:04,1489147286,24.10,41.90,304.17,111
2026-08-23 14:06,1489267286,24.10,43.10,300.83,161
2026-08-23 14:08,1489387286,24.20,41.80,297.50,157
2026-08-23 14:10,1489507286,24.30,44.30,302.50,159
2026-08-23 14:12,1489627286,24.20,43.40,295.83,142
2026-08-23 14:14,1489747286,24.30,43.00,289.17,191
2026-08-23 14:16,1489867286,24.30,43.30,299.17,111
2026-08-23 14:18,1489987286,24.40,43.50,300.00,153
2026-08-23 14:20,1490107286,24.30,41.80,297.50,131
2026-08-23 14:22,1490227286,24.40,41.60,300.00,150
2026-08-23 14:24,1490347286,24.40,43.50,292.50,173
2026-08-23 14:26,1490467286,24.40,43.40,300.83,162
2026-08-23 14:28,1490587286,24.40,43.10,298.33,170
2026-08-23 14:30,1490707286,24.40,40.90,286.67,136
2026-08-23 14:32,1490827286,24.30,42.00,282.50,132
2026-08-23 14:34,1490947286,24.40,43.30,282.50,149
2026-08-23 14:36,1491067286,24.40,42.50,286.67,131
2026-08-23 14:38,1491187286,24.50,42.80,284.17,151
2026-08-23 14:40,1491307286,24.50,42.80,286.67,134
2026-08-23 14:42,1491427286,24.60,43.10,284.17,118
2026-08-23 14:44,1491547286,24.60,43.00,287.50,130
2026-08-23 14:46,1491667286,24.60,41.50,283.33,163
2026-08-23 14:48,1491787286,24.60,41.40,285.83,124
2026-08-23 14:50,1491907286,24.60,42.80,275.83,130
2026-08-23 14:52,1492027286,24.70,42.80,281.67,156
2026-08-23 14:54,1492147286,24.70,43.20,279.17,164
2026-08-23 14:56,1492267286,24.80,42.60,285.83,154
2026-08-23 14:58,1492387286,24.80,41.10,283.33,123
2026-08-23 15:00,1492507286,24.70,41.20,279.17,139
2026-08-23 15:02,1492627286,24.70,40.60,282.50,151
2026-08-23 15:04,1492747286,24.60,41.70,280.00,168
2026-08-23 15:06,1492867286,24.70,41.80,280.00,137
2026-08-23 15:08,1492987286,24.70,42.80,266.67,190
2026-08-23 15:10,1493107286,24.80,41.90,268.33,138
2026-08-23 15:12,1493227286,24.80,40.70,268.33,168
2026-08-23 15:14,1493347286,24.70,40.50,265.83,140
2026-08-23 15:16,1493467286,24.70,41.50,269.17,169
2026-08-23 15:18,1493587286,24.80,41.30,265.00,134
2026-08-23 15:20,1493707286,24.80,41.30,263.33,166
2026-08-23 15:22,1493827286,24.80,41.10,264.17,154
2026-08-23 15:24,1493947286,24.80,41.20,265.83,156
2026-08-23 15:26,1494067286,24.90,41.00,264.17,157
2026-08-23 15:28,1494187286,24.80,41.10,259.17,120
2026-08-23 15:30,1494307286,24.80,41.40,171.67,129
2026-08-23 15:32,1494427286,24.80,41.00,256.67,133
2026-08-23 15:34,1494547286,24.80,40.90,255.83,121
2026-08-23 15:36,1494667286,24.80,41.50,246.67,157
2026-08-23 15:38,1494787286,24.80,40.90,260.83,166
2026-08-23 15:40,1494907286,24.80,40.60,264.17,151
2026-08-23 15:42,1495027286,24.80,41.50,260.83,169
2026-08-23 15:44,1495147286,24.80,41.20,255.83,144
2026-08-23 15:46,1495267286,24.70,41.30,247.50,143
2026-08-23 15:48,1495387286,24.70,41.30,250.00,126
2026-08-23 15:50,1495507286,24.70,40.40,251.67,171
2026-08-23 15:52,1495627286,24.70,38.30,248.33,130
2026-08-23 15:54,1495747286,24.60,40.70,245.83,162
2026-08-23 15:56,1495867286,24.60,40.50,239.17,138
2026-08-23 15:58,1495987286,24.50,41.30,238.33,140
2026-08-23 16:00,1496107286,24.60,40.20,235.00,135
2026-08-23 16:02,1496227286,24.50,39.40,240.83,136
2026-08-23 16:04,1496347286,24.40,40.20,235.83,184
2026-08-23 16:06,1496467286,24.30,41.40,234.17,175
2026-08-23 16:08,1496587286,24.30,40.80,230.83,143
2026-08-23 16:10,1496707286,24.20,40.90,225.00,149
2026-08-23 16:12,1496827286,24.30,41.20,226.67,148
2026-08-23 16:14,1496947286,24.20,42.50,221.67,144
2026-08-23 16:16,1497067286,24.30,42.60,223.33,131
2026-08-23 16:18,1497187286,24.30,42.40,220.00,168
2026-08-23 16:20,1497307286,24.20,40.80,221.67,151
2026-08-23 16:22,1497427286,24.20,39.90,226.67,139
2026-08-23 16:24,1497547286,24.00,39.40,222.50,155
2026-08-23 16:26,1497667286,24.00,41.40,213.33,135
2026-08-23 16:28,1497787286,23.90,41.30,215.00,141
2026-08-23 16:30,1497907286,24.00,41.90,211.67,137
2026-08-23 16:32,1498027286,24.00,42.50,213.33,153
2026-08-23 16:34,1498147286,23.90,42.40,213.33,162
2026-08-23 16:36,1498267286,23.80,41.20,207.50,152
2026-08-23 16:38,1498387286,23.80,42.30,200.83,158
2026-08-23 16:40,1498507286,23.90,41.90,201.67,167
2026-08-23 16:42,1498627286,23.80,41.50,200.00,161
2026-08-23 16:44,1498747286,23.70,41.70,195.83,140
2026-08-23 16:46,1498867286,23.70,42.00,196.67,124
2026-08-23 16:48,1498987286,23.80,41.70,189.17,128
2026-08-23 16:50,1499107286,23.70,42.30,194.17,145
2026-08-23 16:52,1499227286,23.60,41.90,190.00,102
2026-08-23 16:54,1499347286,23.60,42.50,185.00,130
2026-08-23 16:56,1499467286,23.50,43.40,181.67,153
2026-08-23 16:58,1499587286,23.40,42.50,177.50,142
2026-08-23 17:00,1499707286,23.40,42.00,179.17,161
2026-08-23 17:02,1499827286,23.20,41.30,175.00,162
2026-08-23 17:04,1499947286,23.10,43.50,165.83,139
2026-08-23 17:06,1500067286,23.10,43.10,151.67,141
2026-08-23 17:08,1500187286,23.20,43.90,148.33,153
2026-08-23 17:10,1500307286,23.10,43.00,140.00,136
2026-08-23 17:12,1500427286,23.00,43.20,122.50,128
2026-08-23 17:14,1500547286,23.00,42.70,110.83,109
2026-08-23 17:16,1500667286,22.90,42.80,95.83,139
2026-08-23 17:18,1500787286,22.80,43.20,83.33,161
2026-08-23 17:20,1500907286,22.70,43.60,70.00,139
2026-08-23 17:22,1501027286,22.60,44.30,60.00,139
2026-08-23 17:24,1501147286,22.40,44.60,57.50,138
2026-08-23 17:26,1501267286,22.40,44.20,56.67,136
2026-08-23 17:28,1501387286,22.30,44.70,56.67,121
2026-08-23 17:30,1501507286,22.20,44.50,54.17,127
2026-08-23 17:32,1501627286,22.00,45.10,53.33,154
2026-08-23 17:34,1501747286,22.00,45.00,53.33,116
2026-08-23 17:36,1501867286,21.80,45.90,52.50,119
2026-08-23 17:38,1501987286,21.60,46.00,53.33,118
2026-08-23 17:40,1502107286,21.60,45.60,55.00,162
2026-08-23 17:42,1502227286,21.40,46.20,53.33,112
2026-08-23 17:44,1502347286,21.20,45.90,49.17,115
2026-08-23 17:46,1502467286,21.20,46.80,49.17,133
2026-08-23 17:48,1502587286,21.10,46.40,48.33,150
2026-08-23 17:50,1502707286,21.10,47.00,45.83,111
2026-08-23 17:52,1502827286,20.90,47.40,45.83,153
2026-08-23 17:54,1502947286,20.80,48.70,43.33,146
2026-08-23 17:56,1503067286,20.50,49.80,43.33,150
2026-08-23 17:58,1503187286,20.60,50.30,43.33,200
2026-08-23 18:00,1503307286,20.40,50.30,42.50,153
2026-08-23 18:02,1503427286,20.20,51.50,40.00,123
2026-08-23 18:04,1503547286,20.10,51.80,38.33,160
2026-08-23 18:06,1503667286,20.00,52.50,36.67,130
2026-08-23 18:08,1503787286,19.80,53.10,35.00,126
2026-08-23 18:10,1503907286,19.70,53.10,34.17,136
2026-08-23 18:12,1504027286,19.50,53.20,32.50,136
2026-08-23 18:14,1504147286,19.50,54.30,30.83,132
2026-08-23 18:16,1504267286,19.30,54.30,29.17,150
2026-08-23 18:18,1504387286,19.20,53.90,28.33,131
2026-08-23 18:20,1504507286,19.10,54.70,27.50,140
2026-08-23 18:22,1504627286,19.00,54.40,26.67,198
2026-08-23 18:24,1504747286,18.90,54.80,1.67,146
2026-08-23 18:26,1504867286,18.80,54.10,0.83,146
2026-08-23 18:28,1504987286,18.60,54.80,0.83,108
2026-08-23 18:30,1505107286,18.50,55.50,53.33,127
2026-08-23 18:32,1505227286,18.40,55.60,51.67,128
2026-08-23 18:34,1505347286,18.30,55.90,50.83,162
2026-08-23 18:36,1505467286,18.20,55.00,50.83,124
2026-08-23 18:38,1505587286,18.10,55.20,50.00,119
2026-08-23 18:40,1505707286,18.00,56.00,50.00,173
2026-08-23 18:42,1505827286,17.80,55.10,49.17,106
2026-08-23 18:44,1505947286,17.80,55.50,49.17,117
2026-08-23 18:46,1506067286,17.70,55.50,49.17,123
2026-08-23 18:48,1506187286,17.60,55.80,48.33,165
2026-08-23 18:50,1506307286,17.40,56.50,49.17,137
2026-08-23 18:52,1506427286,17.40,57.00,48.33,173
2026-08-23 18:54,1506547286,17.30,56.80,48.33,154
2026-08-23 18:56,1506667286,17.30,58.10,48.33,156
2026-08-23 18:58,1506787286,17.10,57.80,48.33,145
2026-08-23 19:00,1506907286,16.90,58.80,48.33,185
2026-08-23 19:02,1507027286,16.80,58.80,48.33,124
2026-08-23 19:04,1507147286,16.80,58.50,47.50,117
2026-08-23 19:06,1507267286,16.70,58.70,48.33,98
2026-08-23 19:08,1507387286,16.70,57.60,47.50,143
2026-08-23 19:10,1507507286,16.50,57.30,48.33,150
2026-08-23 19:12,1507627286,16.40,57.40,48.33,144
2026-08-23 19:14,1507747286,16.40,57.60,47.50,134
2026-08-23 19:16,1507867286,16.30,57.20,48.33,123
2026-08-23 19:18,1507987286,16.20,56.80,47.50,108
2026-08-23 19:20,1508107286,16.10,57.60,48.33,112
2026-08-23 19:22,1508227286,16.10,57.70,47.50,162
2026-08-23 19:24,1508347286,16.00,57.50,47.50,84
2026-08-23 19:26,1508467286,16.00,57.50,47.50,108
2026-08-23 19:28,1508587286,15.90,58.00,48.33,120
2026-08-23 19:30,1508707286,15.80,58.00,47.50,129
2026-08-23 19:32,1508827286,15.80,58.40,48.33,161
2026-08-23 19:34,1508947286,15.70,58.40,48.33,132
2026-08-23 19:36,1509067286,15.70,58.40,47.50,127
2026-08-23 19:38,1509187286,15.60,59.50,47.50,150
2026-08-23 19:40,1509307286,15.50,59.60,48.33,193
2026-08-23 19:42,1509427286,15.50,59.40,48.33,112
2026-08-23 19:44,1509547286,15.40,59.70,47.50,101
2026-08-23 19:46,1509667286,15.40,59.90,48.33,116
2026-08-23 19:48,1509787286,15.30,59.70,47.50,122
2026-08-23 19:50,1509907286,15.30,60.30,48.33,139
2026-08-23 19:52,1510027286,15.30,60.50,47.50,157
2026-08-23 19:54,1510147286,15.20,60.90,48.33,106
2026-08-23 19:56,1510267286,15.20,60.90,48.33,150
2026-08-23 19:58,1510387286,15.10,61.30,48.33,147
2026-08-23 20:00,1510507286,15.00,60.90,48.33,132
2026-08-23 20:02,1510627286,15.00,61.10,47.50,136
2026-08-23 20:04,1510747286,15.00,60.90,47.50,107
2026-08-23 20:06,1510867286,14.90,61.50,48.33,135
2026-08-23 20:08,1510987286,14.90,61.60,47.50,204
2026-08-23 20:10,1511107286,14.80,61.80,47.50,136
2026-08-23 20:12,1511227286,14.80,61.60,47.50,150
2026-08-23 20:14,1511347286,14.70,61.50,48.33,152
2026-08-23 20:16,1511467286,14.70,61.50,48.33,97
2026-08-23 20:18,1511587286,14.60,61.80,47.50,138
2026-08-23 20:20,1511707286,14.50,62.30,48.33,133
2026-08-23 20:22,1511827286,14.50,61.50,48.33,147
2026-08-23 20:24,1511947286,14.50,62.40,48.33,123
2026-08-23 20:26,1512067286,14.50,61.90,47.50,150
2026-08-23 20:28,1512187286,14.50,62.20,47.50,135
2026-08-23 20:30,1512307286,14.30,62.00,47.50,118
2026-08-23 20:32,1512427286,14.30,62.30,47.50,159
2026-08-23 20:34,1512547286,14.30,62.10,48.33,108
2026-08-23 20:36,1512667286,14.20,62.60,47.50,112
2026-08-23 20:38,1512787286,14.20,63.00,47.50,136
2026-08-23 20:40,1512907286,14.20,62.70,47.50,116
2026-08-23 20:42,1513027286,14.10,62.50,48.33,138
2026-08-23 20:44,1513147286,14.10,62.10,48.33,118
2026-08-23 20:46,1513267286,14.00,62.10,47.50,138
2026-08-23 20:48,1513387286,13.90,62.90,48.33,171
2026-08-23 20:50,1513507286,13.80,63.60,47.50,156
2026-08-23 20:52,1513627286,13.80,63.90,47.50,154
2026-08-23 20:54,1513747286,13.70,63.70,48.33,142
2026-08-23 20:56,1513867286,13.70,64.50,48.33,165
2026-08-23 20:58,1513987286,13.60,63.50,47.50,130
2026-08-23 21:00,1514107286,13.70,64.30,47.50,135
2026-08-23 21:02,1514227286,13.60,63.80,47.50,129
2026-08-23 21:04,1514347286,13.50,64.50,48.33,150
2026-08-23 21:06,1514467286,13.50,65.10,47.50,185
2026-08-23 21:08,1514587286,13.50,64.60,47.50,117
2026-08-23 21:10,1514707286,13.50,65.60,48.33,146
2026-08-23 21:12,1514827286,13.50,64.50,47.50,119
2026-08-23 21:14,1514947286,13.40,65.40,47.50,153
2026-08-23 21:16,1515067286,13.40,64.00,48.33,174
2026-08-23 21:18,1515187286,13.40,63.80,47.50,161
2026-08-23 21:20,1515307286,13.30,63.80,48.33,135
2026-08-23 21:22,1515427286,13.30,62.80,48.33,129
2026-08-23 21:24,1515547286,13.30,62.50,47.50,124
2026-08-23 21:26,1515667286,13.30,62.00,48.33,107
2026-08-23 21:28,1515787286,13.30,62.70,48.33,127
2026-08-23 21:30,1515907286,13.30,61.80,47.50,113
2026-08-23 21:32,1516027286,13.30,61.90,48.33,104
2026-08-23 21:34,1516147286,13.30,62.10,48.33,187
2026-08-23 21:36,1516267286,13.40,62.90,48.33,140
2026-08-23 21:38,1516387286,13.30,63.80,47.50,165
2026-08-23 21:40,1516507286,13.30,63.30,47.50,107
2026-08-23 21:42,1516627286,13.20,62.60,48.33,163
2026-08-23 21:44,1516747286,13.10,62.90,48.33,107
2026-08-23 21:46,1516867286,13.10,64.60,48.33,101
2026-08-23 21:48,1516987286,13.00,63.10,48.33,132
2026-08-23 21:50,1517107286,13.00,62.90,48.33,216
2026-08-23 21:52,1517227286,13.00,62.90,48.33,167
2026-08-23 21:54,1517347286,13.00,62.80,48.33,128
2026-08-23 21:56,1517467286,12.90,63.40,48.33,117
2026-08-23 21:58,1517587286,13.00,65.60,47.50,156
2026-08-23 22:00,1517707286,12.90,65.00,47.50,147
2026-08-23 22:02,1517827286,12.90,64.30,47.50,101
2026-08-23 22:04,1517947286,12.80,64.50,47.50,102
2026-08-23 22:06,1518067286,12.80,64.60,48.33,98
2026-08-23 22:08,1518187286,12.70,64.30,48.33,106
2026-08-23 22:10,1518307286,12.60,64.20,48.33,178
2026-08-23 22:12,1518427286,12.70,63.40,48.33,129
2026-08-23 22:14,1518547286,12.60,62.90,48.33,147
2026-08-23 22:16,1518667286,12.60,63.60,48.33,139
2026-08-23 22:18,1518787286,12.60,63.70,48.33,184
2026-08-23 22:20,1518907286,12.60,63.50,48.33,128
2026-08-23 22:22,1519027286,12.60,63.90,47.50,120
2026-08-23 22:24,1519147286,12.60,65.00,47.50,131
2026-08-23 22:26,1519267286,12.50,65.00,48.33,134
2026-08-23 22:28,1519387286,12.60,64.50,48.33,106
2026-08-23 22:30,1519507286,12.60,64.70,48.33,114
2026-08-23 22:32,1519627286,12.50,64.40,48.33,143
2026-08-23 22:34,1519747286,12.50,64.60,48.33,144
2026-08-23 22:36,1519867286,12.40,64.20,48.33,144
2026-08-23 22:38,1519987286,12.50,64.60,48.33,91
2026-08-23 22:40,1520107286,12.50,63.90,48.33,128
2026-08-23 22:42,1520227286,12.50,63.90,48.33,109
2026-08-23 22:44,1520347286,12.50,64.00,48.33,146
2026-08-23 22:46,1520467286,12.50,63.70,48.33,106
2026-08-23 22:48,1520587286,12.40,64.00,48.33,94
2026-08-23 22:50,1520707286,12.40,64.40,47.50,121
2026-08-23 22:52,1520827286,12.40,64.60,47.50,114
2026-08-23 22:54,1520947286,12.30,65.10,48.33,135
2026-08-23 22:56,1521067286,12.30,64.50,48.33,156
2026-08-23 22:58,1521187286,12.30,64.40,48.33,109
2026-08-23 23:00,1521307286,12.30,64.10,47.50,123
2026-08-23 23:02,1521427286,12.30,64.30,48.33,155
2026-08-23 23:04,1521547286,12.30,63.90,48.33,130
2026-08-23 23:06,1521667286,12.20,63.90,48.33,125
2026-08-23 23:08,1521787286,12.20,63.80,48.33,99
2026-08-23 23:10,1521907286,12.20,63.40,48.33,116
2026-08-23 23:12,1522027286,12.20,63.30,48.33,98
2026-08-23 23:14,1522147286,12.10,63.50,48.33,159
2026-08-23 23:16,1522267286,12.20,63.70,48.33,157
2026-08-23 23:18,1522387286,12.10,63.70,47.50,98
2026-08-23 23:20,1522507286,12.10,63.90,48.33,104
2026-08-23 23:22,1522627286,12.20,64.10,48.33,102
2026-08-23 23:24,1522747286,12.10,64.00,48.33,113
2026-08-23 23:26,1522867286,12.10,64.00,48.33,82
2026-08-23 23:28,1522987286,12.10,64.00,48.33,97
2026-08-23 23:30,1523107286,12.00,64.20,48.33,146
2026-08-23 23:32,1523227286,12.00,63.80,47.50,154
2026-08-23 23:34,1523347286,11.90,63.80,48.33,143
2026-08-23 23:36,1523467286,11.90,63.70,48.33,112
2026-08-23 23:38,1523587286,11.80,63.90,48.33,121
2026-08-23 23:40,1523707286,11.80,63.80,47.50,141
2026-08-23 23:42,1523827286,11.80,64.00,47.50,165
2026-08-23 23:44,1523947286,11.70,63.70,48.33,136
2026-08-23 23:46,1524067286,11.80,65.80,48.33,165
2026-08-23 23:48,1524187286,11.70,65.70,48.33,122
2026-08-23 23:50,1524307286,11.70,65.00,48.33,149
2026-08-23 23:52,1524427286,11.80,64.90,48.33,146
2026-08-23 23:54,1524547286,11.60,64.70,48.33,125
2026-08-23 23:56,1524667286,11.60,65.10,48.33,145
2026-08-23 23:58,1524787286,11.50,64.80,48.33,163
2026-08-24 00:00,1524907286,11.60,64.70,48.33,135
2026-08-24 00:02,1525027286,11.50,64.80,48.33,141
2026-08-24 00:04,1525147286,11.50,64.60,48.33,119
2026-08-24 00:06,1525267286,11.50,65.20,47.50,125
2026-08-24 00:08,1525387286,11.40,65.20,48.33,132
2026-08-24 00:10,1525507286,11.40,65.40,48.33,105
2026-08-24 00:12,1525627286,11.40,65.70,48.33,130
2026-08-24 00:14,1525747286,11.40,65.70,48.33,171
2026-08-24 00:16,1525867286,11.40,65.50,0.00,149
2026-08-24 00:18,1525987286,11.30,65.50,0.00,103
2026-08-24 00:20,1526107286,11.20,64.90,0.00,100
2026-08-24 00:22,1526227286,11.30,65.10,0.00,160
2026-08-24 00:24,1526347286,11.20,65.60,0.00,126
2026-08-24 00:26,1526467286,11.10,65.40,0.00,112
2026-08-24 00:28,1526587286,11.20,65.50,0.00,134
2026-08-24 00:30,1526707286,11.10,65.70,0.00,165
2026-08-24 00:32,1526827286,11.10,65.70,0.00,155
2026-08-24 00:34,1526947286,11.10,65.70,0.00,147
2026-08-24 00:36,1527067286,11.10,65.20,0.00,122
2026-08-24 00:38,1527187286,11.10,65.50,0.00,131
2026-08-24 00:40,1527307286,10.90,65.50,0.00,144
2026-08-24 00:42,1527427286,10.90,65.40,0.00,120
2026-08-24 00:44,1527547286,10.80,65.40,0.00,133
2026-08-24 00:46,1527667286,11.00,65.10,0.00,148
2026-08-24 00:48,1527787286,10.70,65.30,0.00,144
2026-08-24 00:50,1527907286,10.90,65.70,0.00,145
2026-08-24 00:52,1528027286,10.70,65.70,0.00,120
2026-08-24 00:54,1528147286,10.70,66.30,0.00,147
2026-08-24 00:56,1528267286,10.60,67.10,0.00,152
2026-08-24 00:58,1528387286,10.60,66.70,0.00,126
2026-08-24 01:00,1528507286,10.60,66.90,0.00,121
2026-08-24 01:02,1528627286,10.50,67.30,0.00,131
2026-08-24 01:04,1528747286,10.40,66.90,0.00,141
2026-08-24 01:06,1528867286,10.40,67.40,0.00,161
2026-08-24 01:08,1528987286,10.30,67.10,0.00,132
2026-08-24 01:10,1529107286,10.40,67.80,0.00,179
2026-08-24 01:12,1529227286,10.30,67.70,0.00,135
2026-08-24 01:14,1529347286,10.10,67.90,0.00,112
2026-08-24 01:16,1529467286,10.20,67.80,0.00,114
2026-08-24 01:18,1529587286,10.10,68.10,0.00,128
2026-08-24 01:20,1529707286,10.10,68.10,0.00,141
2026-08-24 01:22,1529827286,10.10,67.90,0.00,185
2026-08-24 01:24,1529947286,10.10,68.00,0.00,121
2026-08-24 01:26,1530067286,10.10,67.20,0.00,131
2026-08-24 01:28,1530187286,10.00,68.00,0.00,127
2026-08-24 01:30,1530307286,10.00,67.20,0.00,107
2026-08-24 01:32,1530427286,10.00,67.40,0.00,114
2026-08-24 01:34,1530547286,10.10,67.30,0.00,121
2026-08-24 01:36,1530667286,10.00,67.00,0.00,120
2026-08-24 01:38,1530787286,10.00,67.50,0.00,138
2026-08-24 01:40,1530907286,10.00,68.50,0.00,136
2026-08-24 01:42,1531027286,10.00,67.50,0.00,148
2026-08-24 01:44,1531147286,10.10,67.00,0.00,102
2026-08-24 01:46,1531267286,9.90,67.40,0.00,105
2026-08-24 01:48,1531387286,9.90,67.00,0.00,133
2026-08-24 01:50,1531507286,9.90,67.20,0.00,150
2026-08-24 01:52,1531627286,9.80,67.30,0.00,116
2026-08-24 01:54,1531747286,9.80,67.20,0.00,115
2026-08-24 01:56,1531867286,9.80,67.70,0.00,153
2026-08-24 01:58,1531987286,9.80,67.40,0.00,117
2026-08-24 02:00,1532107286,9.80,67.70,0.00,126
2026-08-24 02:02,1532227286,9.80,68.20,0.00,118
2026-08-24 02:04,1532347286,9.80,68.20,0.00,126
2026-08-24 02:06,1532467286,9.80,68.00,0.00,126
2026-08-24 02:08,1532587286,9.80,67.20,0.00,151
2026-08-24 02:10,1532707286,9.80,67.50,0.00,157
2026-08-24 02:12,1532827286,9.80,67.50,0.00,109
2026-08-24 02:14,1532947286,9.80,67.70,0.00,144
2026-08-24 02:16,1533067286,9.70,68.50,0.00,124
2026-08-24 02:18,1533187286,9.70,68.40,0.00,91
2026-08-24 02:20,1533307286,9.60,67.80,0.00,133
2026-08-24 02:22,1533427286,9.70,68.70,0.00,114
2026-08-24 02:24,1533547286,9.70,68.70,0.00,123
2026-08-24 02:26,1533667286,9.60,69.00,0.00,118
2026-08-24 02:28,1533787286,9.60,68.30,0.00,161
2026-08-24 02:30,1533907286,9.60,68.90,0.00,121
2026-08-24 02:32,1534027286,9.50,68.30,0.00,160
2026-08-24 02:34,1534147286,9.50,68.40,0.00,130
2026-08-24 02:36,1534267286,9.50,68.90,0.00,130
2026-08-24 02:38,1534387286,9.60,69.70,0.00,154
2026-08-24 02:40,1534507286,9.50,69.50,0.00,101
2026-08-24 02:42,1534627286,9.40,69.60,0.00,146
2026-08-24 02:44,1534747286,9.40,69.70,0.00,123
2026-08-24 02:46,1534867286,9.40,69.30,0.00,134
2026-08-24 02:48,1534987286,9.30,70.40,0.00,116
2026-08-24 02:50,1535107286,9.30,69.80,0.00,126
2026-08-24 02:52,1535227286,9.30,69.60,0.00,92
2026-08-24 02:54,1535347286,9.20,70.30,0.00,147
2026-08-24 02:56,1535467286,9.20,69.90,0.00,97
2026-08-24 02:58,1535587286,9.20,70.10,0.00,154
2026-08-24 03:00,1535707286,9.10,70.00,0.00,126
2026-08-24 03:02,1535827286,9.10,70.10,0.00,123
2026-08-24 03:04,1535947286,9.10,70.10,0.00,143
2026-08-24 03:06,1536067286,9.10,70.00,0.00,130
2026-08-24 03:08,1536187286,9.20,70.10,0.00,117
2026-08-24 03:10,1536307286,9.10,70.70,0.00,128
2026-08-24 03:12,1536427286,9.10,70.30,0.00,152
2026-08-24 03:14,1536547286,9.00,70.30,0.00,120
2026-08-24 03:16,1536667286,9.00,70.20,0.00,114
2026-08-24 03:18,1536787286,9.00,69.70,0.00,163
2026-08-24 03:20,1536907286,9.00,70.20,0.00,147
2026-08-24 03:22,1537027286,9.00,69.80,0.00,104
2026-08-24 03:24,1537147286,9.00,70.00,0.00,111
2026-08-24 03:26,1537267286,8.90,69.90,0.00,104
2026-08-24 03:28,1537387286,8.90,69.90,0.00,117
2026-08-24 03:30,1537507286,9.00,69.40,0.00,111
2026-08-24 03:32,1537627286,9.00,69.70,0.00,171
2026-08-24 03:34,1537747286,9.00,69.30,51.67,142
2026-08-24 03:36,1537867286,9.10,69.50,51.67,138
2026-08-24 03:38,1537987286,9.00,69.10,50.83,143
2026-08-24 03:40,1538107286,9.10,69.00,50.00,159
2026-08-24 03:42,1538227286,9.10,69.00,50.00,151
2026-08-24 03:44,1538347286,9.00,68.70,50.00,122
2026-08-24 03:46,1538467286,9.10,68.70,49.17,111
2026-08-24 03:48,1538587286,9.00,68.60,49.17,111
2026-08-24 03:50,1538707286,9.00,69.10,49.17,105
2026-08-24 03:52,1538827286,9.10,69.10,48.33,141
2026-08-24 03:54,1538947286,9.00,68.90,48.33,147
2026-08-24 03:56,1539067286,9.10,69.30,48.33,151
2026-08-24 03:58,1539187286,9.00,69.20,48.33,100
2026-08-24 04:00,1539307286,9.10,69.60,48.33,124
2026-08-24 04:02,1539427286,9.00,70.20,48.33,98
2026-08-24 04:04,1539547286,9.00,69.80,48.33,130
2026-08-24 04:06,1539667286,9.00,70.00,48.33,122
2026-08-24 04:08,1539787286,9.00,70.80,48.33,116
2026-08-24 04:10,1539907286,9.00,70.20,48.33,127
2026-08-24 04:12,1540027286,9.10,70.70,48.33,122
2026-08-24 04:14,1540147286,8.90,69.60,48.33,161
2026-08-24 04:16,1540267286,8.90,70.00,48.33,131
2026-08-24 04:18,1540387286,8.90,70.40,48.33,143
2026-08-24 04:20,1540507286,8.90,71.00,48.33,102
2026-08-24 04:22,1540627286,9.00,70.30,48.33,120
2026-08-24 04:24,1540747286,8.90,69.90,48.33,113
2026-08-24 04:26,1540867286,8.90,70.60,48.33,120
2026-08-24 04:28,1540987286,8.90,70.70,48.33,130
2026-08-24 04:30,1541107286,8.90,70.60,48.33,132
2026-08-24 04:32,1541227286,8.90,71.00,48.33,121
2026-08-24 04:34,1541347286,8.80,71.00,48.33,102
2026-08-24 04:36,1541467286,8.80,70.80,48.33,107
2026-08-24 04:38,1541587286,8.80,71.00,48.33,92
2026-08-24 04:40,1541707286,8.80,70.70,48.33,155
2026-08-24 04:42,1541827286,8.80,71.10,48.33,110
2026-08-24 04:44,1541947286,8.80,70.50,48.33,143
2026-08-24 04:46,1542067286,8.80,70.20,48.33,123
2026-08-24 04:48,1542187286,8.70,70.40,48.33,139
2026-08-24 04:50,1542307286,8.70,70.10,48.33,90
2026-08-24 04:52,1542427286,8.80,70.40,48.33,135
2026-08-24 04:54,1542547286,8.70,70.60,48.33,93
2026-08-24 04:56,1542667286,8.70,71.10,48.33,113
2026-08-24 04:58,1542787286,8.60,70.70,48.33,128
2026-08-24 05:00,1542907286,8.60,71.10,48.33,109
2026-08-24 05:02,1543027286,8.60,70.80,48.33,146
2026-08-24 05:04,1543147286,8.70,71.60,48.33,155
2026-08-24 05:06,1543267286,8.60,71.60,48.33,88
2026-08-24 05:08,1543387286,8.70,71.50,48.33,205
2026-08-24 05:10,1543507286,8.70,71.90,48.33,114
2026-08-24 05:12,1543627286,8.60,71.50,48.33,135
2026-08-24 05:14,1543747286,8.60,71.40,48.33,116
2026-08-24 05:16,1543867286,8.60,71.90,48.33,121
2026-08-24 05:18,1543987286,8.50,71.80,48.33,108
2026-08-24 05:20,1544107286,8.60,72.30,48.33,116
2026-08-24 05:22,1544227286,8.50,71.80,48.33,122
2026-08-24 05:24,1544347286,8.50,72.10,48.33,96
2026-08-24 05:26,1544467286,8.40,72.00,48.33,89
2026-08-24 05:28,1544587286,8.40,72.00,48.33,144
2026-08-24 05:30,1544707286,8.40,71.40,48.33,147
2026-08-24 05:32,1544827286,8.30,71.40,48.33,127
2026-08-24 05:34,1544947286,8.40,72.10,48.33,95
2026-08-24 05:36,1545067286,8.40,71.90,48.33,103
2026-08-24 05:38,1545187286,8.30,71.40,48.33,115
2026-08-24 05:40,1545307286,8.40,71.10,48.33,93
2026-08-24 05:42,1545427286,8.40,72.00,48.33,130
2026-08-24 05:44,1545547286,8.20,71.90,48.33,94
2026-08-24 05:46,1545667286,8.30,71.80,48.33,103
2026-08-24 05:48,1545787286,8.30,72.30,48.33,88
2026-08-24 05:50,1545907286,8.30,71.90,48.33,103
2026-08-24 05:52,1546027286,8.20,71.50,47.50,107
2026-08-24 05:54,1546147286,8.30,72.50,48.33,133
2026-08-24 05:56,1546267286,8.30,72.30,48.33,137
2026-08-24 05:58,1546387286,8.30,72.20,48.33,117
2026-08-24 06:00,1546507286,8.10,72.40,48.33,102
2026-08-24 06:02,1546627286,8.20,72.20,48.33,148
2026-08-24 06:04,1546747286,8.30,71.80,48.33,144
2026-08-24 06:06,1546867286,8.10,72.50,48.33,109
2026-08-24 06:08,1546987286,8.20,72.40,48.33,112
2026-08-24 06:10,1547107286,8.10,72.10,48.33,160
2026-08-24 06:12,1547227286,8.10,71.70,48.33,89
2026-08-24 06:14,1547347286,8.00,72.70,48.33,107
2026-08-24 06:16,1547467286,8.10,72.70,48.33,104
2026-08-24 06:18,1547587286,8.20,72.40,48.33,96
2026-08-24 06:20,1547707286,8.20,71.60,48.33,119
2026-08-24 06:22,1547827286,8.10,71.20,48.33,122
2026-08-24 06:24,1547947286,8.10,71.50,48.33,123
2026-08-24 06:26,1548067286,8.00,71.80,48.33,105
2026-08-24 06:28,1548187286,8.10,71.60,48.33,151
2026-08-24 06:30,1548307286,8.10,71.20,48.33,89
2026-08-24 06:32,1548427286,8.10,72.20,48.33,105
2026-08-24 06:34,1548547286,8.10,72.00,47.50,82
2026-08-24 06:36,1548667286,8.10,72.80,48.33,115
2026-08-24 06:38,1548787286,8.10,73.10,48.33,118
2026-08-24 06:40,1548907286,8.00,72.90,48.33,141
2026-08-24 06:42,1549027286,8.00,72.80,48.33,98
2026-08-24 06:44,1549147286,8.00,71.60,48.33,111
2026-08-24 06:46,1549267286,7.90,72.20,48.33,120
2026-08-24 06:48,1549387286,8.00,73.50,48.33,150
2026-08-24 06:50,1549507286,7.90,73.80,48.33,128
2026-08-24 06:52,1549627286,8.00,73.20,49.17,106
2026-08-24 06:54,1549747286,8.00,73.50,49.17,94
2026-08-24 06:56,1549867286,7.90,73.00,50.00,90
2026-08-24 06:58,1549987286,7.90,72.60,50.00,83
2026-08-24 07:00,1550107286,7.90,72.90,50.00,117
2026-08-24 07:02,1550227286,7.90,72.20,50.83,137
2026-08-24 07:04,1550347286,7.90,71.90,51.67,110
2026-08-24 07:06,1550467286,7.90,72.30,52.50,105
2026-08-24 07:08,1550587286,7.80,72.00,53.33,139
2026-08-24 07:10,1550707286,7.80,72.10,53.33,101
2026-08-24 07:12,1550827286,7.80,72.60,54.17,103
2026-08-24 07:14,1550947286,7.90,74.40,55.83,106
2026-08-24 07:16,1551067286,7.90,73.90,55.83,106
2026-08-24 07:18,1551187286,7.80,73.50,57.50,109
2026-08-24 07:20,1551307286,7.90,73.60,58.33,99
2026-08-24 07:22,1551427286,7.90,73.00,60.00,105
2026-08-24 07:24,1551547286,7.90,72.90,60.00,118
2026-08-24 07:26,1551667286,7.90,72.40,60.83,162
2026-08-24 07:28,1551787286,7.90,72.50,63.33,106
2026-08-24 07:30,1551907286,7.90,72.20,64.17,92
2026-08-24 07:32,1552027286,7.80,72.10,65.83,81
2026-08-24 07:34,1552147286,7.90,72.50,66.67,119
2026-08-24 07:36,1552267286,8.00,72.50,67.50,128
2026-08-24 07:38,1552387286,8.00,72.60,68.33,109
2026-08-24 07:40,1552507286,7.80,73.60,70.00,139
2026-08-24 07:42,1552627286,8.00,72.70,70.83,100
2026-08-24 07:44,1552747286,8.10,73.30,71.67,83
2026-08-24 07:46,1552867286,8.10,73.30,72.50,125
2026-08-24 07:48,1552987286,8.10,73.20,73.33,149
2026-08-24 07:50,1553107286,8.00,73.40,74.17,104
2026-08-24 07:52,1553227286,8.10,72.80,75.00,126
2026-08-24 07:54,1553347286,8.20,72.70,75.83,90
2026-08-24 07:56,1553467286,8.20,72.60,75.83,103
2026-08-24 07:58,1553587286,8.20,72.60,77.50,111
2026-08-24 08:00,1553707286,8.10,72.40,77.50,133
2026-08-24 08:02,1553827286,8.10,72.40,29.17,78
2026-08-24 08:04,1553947286,8.10,72.10,31.67,104
2026-08-24 08:06,1554067286,8.10,72.10,32.50,146
2026-08-24 08:08,1554187286,8.20,72.20,33.33,145
2026-08-24 08:10,1554307286,8.20,72.40,33.33,108
2026-08-24 08:12,1554427286,8.10,72.20,34.17,120
2026-08-24 08:14,1554547286,8.10,72.90,32.50,117
2026-08-24 08:16,1554667286,8.20,73.00,35.83,132
2026-08-24 08:18,1554787286,8.30,73.30,36.67,129
2026-08-24 08:20,1554907286,8.20,72.80,37.50,104
2026-08-24 08:22,1555027286,8.40,73.10,37.50,132
2026-08-24 08:24,1555147286,8.20,73.00,39.17,137
2026-08-24 08:26,1555267286,8.50,73.00,41.67,146
2026-08-24 08:28,1555387286,8.50,73.00,43.33,117
2026-08-24 08:30,1555507286,8.60,73.30,41.67,106
2026-08-24 08:32,1555627286,8.60,73.10,43.33,140
2026-08-24 08:34,1555747286,8.70,72.70,47.50,115
2026-08-24 08:36,1555867286,8.70,72.80,48.33,111
2026-08-24 08:38,1555987286,8.80,72.50,48.33,134
2026-08-24 08:40,1556107286,8.80,72.80,50.83,106
2026-08-24 08:42,1556227286,8.90,72.90,51.67,104
2026-08-24 08:44,1556347286,8.90,73.10,50.83,164
2026-08-24 08:46,1556467286,9.00,72.90,58.33,109
2026-08-24 08:48,1556587286,9.00,72.70,71.67,121
2026-08-24 08:50,1556707286,9.10,72.50,85.83,125
2026-08-24 08:52,1556827286,9.30,72.50,98.33,124
2026-08-24 08:54,1556947286,9.30,72.40,106.67,126
2026-08-24 08:56,1557067286,9.40,71.70,106.67,161
2026-08-24 08:58,1557187286,9.60,71.60,105.83,173
2026-08-24 09:00,1557307286,9.70,71.00,85.00,164
2026-08-24 09:02,1557427286,9.80,70.70,78.33,97
2026-08-24 09:04,1557547286,9.90,70.40,95.00,153
2026-08-24 09:06,1557667286,10.00,70.50,105.83,123
2026-08-24 09:08,1557787286,10.20,70.40,105.00,123
2026-08-24 09:10,1557907286,10.40,70.40,115.00,121
2026-08-24 09:12,1558027286,10.50,69.60,134.17,144
2026-08-24 09:14,1558147286,10.80,70.10,151.67,154
2026-08-24 09:16,1558267286,11.00,70.10,175.83,115
2026-08-24 09:18,1558387286,11.20,69.60,181.67,92
2026-08-24 09:20,1558507286,11.40,68.50,190.00,155
2026-08-24 09:22,1558627286,11.70,68.40,185.00,133
2026-08-24 09:24,1558747286,11.80,67.90,191.67,137
2026-08-24 09:26,1558867286,11.90,67.30,195.83,98
2026-08-24 09:28,1558987286,12.10,67.50,190.83,147
2026-08-24 09:30,1559107286,12.40,66.40,192.50,194
2026-08-24 09:32,1559227286,12.50,66.70,209.17,130
2026-08-24 09:34,1559347286,12.60,65.90,201.67,189
2026-08-24 09:36,1559467286,12.70,65.70,203.33,122
2026-08-24 09:38,1559587286,12.90,65.70,207.50,141
2026-08-24 09:40,1559707286,13.00,66.60,210.83,171
2026-08-24 09:42,1559827286,13.10,65.90,212.50,164
2026-08-24 09:44,1559947286,13.30,65.80,212.50,130
2026-08-24 09:46,1560067286,13.40,65.90,213.33,144
2026-08-24 09:48,1560187286,13.50,64.70,223.33,130
2026-08-24 09:50,1560307286,13.80,64.60,221.67,142
2026-08-24 09:52,1560427286,13.80,64.30,230.83,154
2026-08-24 09:54,1560547286,14.10,63.90,232.50,157
2026-08-24 09:56,1560667286,14.20,64.10,234.17,109
2026-08-24 09:58,1560787286,14.40,63.50,233.33,158
2026-08-24 10:00,1560907286,14.50,62.80,235.83,171
2026-08-24 10:02,1561027286,14.60,63.10,235.00,125
2026-08-24 10:04,1561147286,14.70,62.70,233.33,145
2026-08-24 10:06,1561267286,14.80,63.50,233.33,156
2026-08-24 10:08,1561387286,15.10,63.30,229.17,103
2026-08-24 10:10,1561507286,15.20,62.40,243.33,146
2026-08-24 10:12,1561627286,15.30,62.50,252.50,137
2026-08-24 10:14,1561747286,15.50,61.60,254.17,145
2026-08-24 10:16,1561867286,15.70,61.80,260.00,161
2026-08-24 10:18,1561987286,15.80,61.60,252.50,153
2026-08-24 10:20,1562107286,16.00,61.20,253.33,162
2026-08-24 10:22,1562227286,16.20,61.40,256.67,140
2026-08-24 10:24,1562347286,16.30,61.40,252.50,125
2026-08-24 10:26,1562467286,16.50,59.40,256.67,133
2026-08-24 10:28,1562587286,16.60,60.20,254.17,135
2026-08-24 10:30,1562707286,16.80,59.70,256.67,125
2026-08-24 10:32,1562827286,17.00,58.70,255.00,182
2026-08-24 10:34,1562947286,17.20,59.30,260.00,116
2026-08-24 10:36,1563067286,17.40,59.20,257.50,143
2026-08-24 10:38,1563187286,17.50,58.20,261.67,133
2026-08-24 10:40,1563307286,17.60,58.90,247.50,136
2026-08-24 10:42,1563427286,17.70,58.40,230.00,181
2026-08-24 10:44,1563547286,17.80,57.50,233.33,137
2026-08-24 10:46,1563667286,18.00,57.00,250.83,190
2026-08-24 10:48,1563787286,18.10,56.80,266.67,129
2026-08-24 10:50,1563907286,18.20,57.90,245.83,180
2026-08-24 10:52,1564027286,18.30,57.50,245.83,162
2026-08-24 10:54,1564147286,18.40,57.10,238.33,137
2026-08-24 10:56,1564267286,18.60,57.40,241.67,122
2026-08-24 10:58,1564387286,18.80,57.30,252.50,155
2026-08-24 11:00,1564507286,18.80,56.40,242.50,191
2026-08-24 11:02,1564627286,19.00,55.40,254.17,195
2026-08-24 11:04,1564747286,19.10,54.30,255.83,150
2026-08-24 11:06,1564867286,19.20,54.70,281.67,134
2026-08-24 11:08,1564987286,19.40,54.20,290.83,140
2026-08-24 11:10,1565107286,19.50,54.40,282.50,172
2026-08-24 11:12,1565227286,19.60,53.40,287.50,160
2026-08-24 11:14,1565347286,19.80,53.10,285.83,201
2026-08-24 11:16,1565467286,19.80,53.50,289.17,202
2026-08-24 11:18,1565587286,20.10,52.70,295.83,158
2026-08-24 11:20,1565707286,20.20,53.30,292.50,126
2026-08-24 11:22,1565827286,20.30,53.20,290.83,133
2026-08-24 11:24,1565947286,20.50,52.20,290.83,152
2026-08-24 11:26,1566067286,20.60,52.50,285.83,190
2026-08-24 11:28,1566187286,20.70,52.60,283.33,144
2026-08-24 11:30,1566307286,20.90,52.40,294.17,157
2026-08-24 11:32,1566427286,21.10,52.90,292.50,244
2026-08-24 11:34,1566547286,21.10,52.50,291.67,153
2026-08-24 11:36,1566667286,21.30,51.90,291.67,153
2026-08-24 11:38,1566787286,21.40,52.30,287.50,154
2026-08-24 11:40,1566907286,21.50,51.00,297.50,226
2026-08-24 11:42,1567027286,21.60,51.60,300.83,201
2026-08-24 11:44,1567147286,21.70,50.90,305.83,112
2026-08-24 11:46,1567267286,21.90,51.50,302.50,157
2026-08-24 11:48,1567387286,22.00,51.10,310.00,149
2026-08-24 11:50,1567507286,22.10,49.20,305.83,187
2026-08-24 11:52,1567627286,22.20,50.40,302.50,154
2026-08-24 11:54,1567747286,22.20,49.70,298.33,131
2026-08-24 11:56,1567867286,22.40,49.40,295.83,148
2026-08-24 11:58,1567987286,22.40,49.20,290.83,157
2026-08-24 12:00,1568107286,22.60,49.60,288.33,177
2026-08-24 12:02,1568227286,22.70,48.80,285.83,173
2026-08-24 12:04,1568347286,22.70,49.40,286.67,162
2026-08-24 12:06,1568467286,22.90,49.40,283.33,135
2026-08-24 12:08,1568587286,23.00,47.40,281.67,154
2026-08-24 12:10,1568707286,23.00,48.20,277.50,217
2026-08-24 12:12,1568827286,23.10,47.50,284.17,182
2026-08-24 12:14,1568947286,23.20,48.20,282.50,162
2026-08-24 12:16,1569067286,23.20,47.30,300.83,140
2026-08-24 12:18,1569187286,23.20,45.90,300.00,167
2026-08-24 12:20,1569307286,23.30,47.80,296.67,158
2026-08-24 12:22,1569427286,23.40,46.90,297.50,162
2026-08-24 12:24,1569547286,23.40,47.60,302.50,158
2026-08-24 12:26,1569667286,23.50,47.50,292.50,160
2026-08-24 12:28,1569787286,23.60,46.50,304.17,151
2026-08-24 12:30,1569907286,23.60,47.00,298.33,150
2026-08-24 12:32,1570027286,23.80,47.20,290.00,178
2026-08-24 12:34,1570147286,24.00,47.10,308.33,130
2026-08-24 12:36,1570267286,24.00,46.60,309.17,153
2026-08-24 12:38,1570387286,24.10,46.80,306.67,153
2026-08-24 12:40,1570507286,24.10,47.20,308.33,139
2026-08-24 12:42,1570627286,24.30,47.10,295.83,201
2026-08-24 12:44,1570747286,24.40,46.40,290.83,146
2026-08-24 12:46,1570867286,24.50,47.00,295.00,170
2026-08-24 12:48,1570987286,24.60,47.00,295.83,161
2026-08-24 12:50,1571107286,24.70,46.20,301.67,168
2026-08-24 12:52,1571227286,24.90,45.40,301.67,162
2026-08-24 12:54,1571347286,24.80,46.20,305.83,242
2026-08-24 12:56,1571467286,25.00,45.80,305.00,170
2026-08-24 12:58,1571587286,25.00,45.10,236.67,210
2026-08-24 13:00,1571707286,25.10,45.30,200.83,131
2026-08-24 13:02,1571827286,25.20,44.60,302.50,149
2026-08-24 13:04,1571947286,25.10,43.30,299.17,158
2026-08-24 13:06,1572067286,25.10,44.00,315.00,125
2026-08-24 13:08,1572187286,25.20,42.80,300.83,171
2026-08-24 13:10,1572307286,25.20,44.50,315.83,186
2026-08-24 13:12,1572427286,25.30,45.20,320.83,159
2026-08-24 13:14,1572547286,25.40,45.70,324.17,133
2026-08-24 13:16,1572667286,25.50,45.20,325.00,144
2026-08-24 13:18,1572787286,25.50,45.00,315.83,164
2026-08-24 13:20,1572907286,25.60,45.30,299.17,171
2026-08-24 13:22,1573027286,25.70,45.10,295.00,146
2026-08-24 13:24,1573147286,25.80,43.80,300.00,158
2026-08-24 13:26,1573267286,25.90,43.80,302.50,152
2026-08-24 13:28,1573387286,25.90,44.10,285.83,129
2026-08-24 13:30,1573507286,26.00,44.10,268.33,178
2026-08-24 13:32,1573627286,26.00,43.70,258.33,140
2026-08-24 13:34,1573747286,26.00,41.70,257.50,138
2026-08-24 13:36,1573867286,25.90,42.80,229.17,166
2026-08-24 13:38,1573987286,25.80,42.10,221.67,145
2026-08-24 13:40,1574107286,25.70,43.30,214.17,170
2026-08-24 13:42,1574227286,25.60,43.30,219.17,178
2026-08-24 13:44,1574347286,25.50,43.50,223.33,161
2026-08-24 13:46,1574467286,25.50,43.80,224.17,135
2026-08-24 13:48,1574587286,25.40,42.70,266.67,176
2026-08-24 13:50,1574707286,25.40,43.20,263.33,145
2026-08-24 13:52,1574827286,25.30,42.60,260.83,180
2026-08-24 13:54,1574947286,25.30,43.50,252.50,216
2026-08-24 13:56,1575067286,25.40,44.20,239.17,147
2026-08-24 13:58,1575187286,25.30,43.50,234.17,142
2026-08-24 14:00,1575307286,25.30,44.40,223.33,186
2026-08-24 14:02,1575427286,25.20,43.90,224.17,162
2026-08-24 14:04,1575547286,25.10,44.60,220.00,154
2026-08-24 14:06,1575667286,25.20,44.80,201.67,173
2026-08-24 14:08,1575787286,25.10,44.70,208.33,147
2026-08-24 14:10,1575907286,25.10,44.90,197.50,145
2026-08-24 14:12,1576027286,25.10,45.30,184.17,136
2026-08-24 14:14,1576147286,25.00,45.70,178.33,181
2026-08-24 14:16,1576267286,25.00,44.40,177.50,170
2026-08-24 14:18,1576387286,24.90,43.80,169.17,166
2026-08-24 14:20,1576507286,24.80,44.10,163.33,224
2026-08-24 14:22,1576627286,24.90,44.70,160.00,140
2026-08-24 14:24,1576747286,24.80,44.60,154.17,143
2026-08-24 14:26,1576867286,24.70,43.60,152.50,156
2026-08-24 14:28,1576987286,24.60,44.60,156.67,125
2026-08-24 14:30,1577107286,24.60,45.10,154.17,174
2026-08-24 14:32,1577227286,24.50,45.00,150.83,163
2026-08-24 14:34,1577347286,24.40,45.40,147.50,159
2026-08-24 14:36,1577467286,24.40,45.80,141.67,133
2026-08-24 14:38,1577587286,24.40,45.60,142.50,133
2026-08-24 14:40,1577707286,24.20,45.90,135.83,174
2026-08-24 14:42,1577827286,24.30,46.10,131.67,145
2026-08-24 14:44,1577947286,24.20,46.80,132.50,144
2026-08-24 14:46,1578067286,24.20,46.20,129.17,130
2026-08-24 14:48,1578187286,24.00,45.80,127.50,218
2026-08-24 14:50,1578307286,24.10,45.60,125.83,137
2026-08-24 14:52,1578427286,23.90,46.40,122.50,190
2026-08-24 14:54,1578547286,23.90,46.00,120.00,157
2026-08-24 14:56,1578667286,23.80,47.00,117.50,147
2026-08-24 14:58,1578787286,23.70,47.40,114.17,199
2026-08-24 15:00,1578907286,23.80,47.10,113.33,197
2026-08-24 15:02,1579027286,23.70,46.30,110.83,148
2026-08-24 15:04,1579147286,23.60,47.00,106.67,185
2026-08-24 15:06,1579267286,23.60,47.50,106.67,108
2026-08-24 15:08,1579387286,23.50,47.10,104.17,184
2026-08-24 15:10,1579507286,23.50,46.70,104.17,148
2026-08-24 15:12,1579627286,23.40,47.10,103.33,158
2026-08-24 15:14,1579747286,23.30,46.50,100.83,209
2026-08-24 15:16,1579867286,23.20,47.20,100.00,156
2026-08-24 15:18,1579987286,23.20,47.60,96.67,153
2026-08-24 15:20,1580107286,23.20,46.70,95.00,149
2026-08-24 15:22,1580227286,23.10,47.40,92.50,150
2026-08-24 15:24,1580347286,23.10,47.30,91.67,149
2026-08-24 15:26,1580467286,23.10,46.70,93.33,129
2026-08-24 15:28,1580587286,23.00,47.30,94.17,152
2026-08-24 15:30,1580707286,22.90,46.20,92.50,151
2026-08-24 15:32,1580827286,22.90,46.40,91.67,161
2026-08-24 15:34,1580947286,22.70,46.60,90.00,130
2026-08-24 15:36,1581067286,22.70,46.90,87.50,144
2026-08-24 15:38,1581187286,22.70,47.50,85.83,119
2026-08-24 15:40,1581307286,22.60,47.90,85.83,159
2026-08-24 15:42,1581427286,22.60,48.00,88.33,170
2026-08-24 15:44,1581547286,22.50,48.70,88.33,144
2026-08-24 15:46,1581667286,22.50,49.00,87.50,132
2026-08-24 15:48,1581787286,22.40,48.80,85.00,147
2026-08-24 15:50,1581907286,22.50,48.90,86.67,143
2026-08-24 15:52,1582027286,22.30,48.80,85.83,165
2026-08-24 15:54,1582147286,22.30,49.10,85.00,174
2026-08-24 15:56,1582267286,22.30,49.30,84.17,130
2026-08-24 15:58,1582387286,22.20,49.80,83.33,151
2026-08-24 16:00,1582507286,22.20,49.40,80.83,125
2026-08-24 16:02,1582627286,22.20,50.70,81.67,163
2026-08-24 16:04,1582747286,22.10,49.90,80.00,164
2026-08-24 16:06,1582867286,22.10,49.60,82.50,137
2026-08-24 16:08,1582987286,22.10,49.40,79.17,153
2026-08-24 16:10,1583107286,22.00,49.70,78.33,171
2026-08-24 16:12,1583227286,21.90,49.40,79.17,169
2026-08-24 16:14,1583347286,21.90,49.00,77.50,152
2026-08-24 16:16,1583467286,22.00,49.10,75.83,181
2026-08-24 16:18,1583587286,21.80,49.70,74.17,143
2026-08-24 16:20,1583707286,21.80,50.90,70.00,148
2026-08-24 16:22,1583827286,21.70,50.60,70.83,142
2026-08-24 16:24,1583947286,21.80,51.20,70.00,150
2026-08-24 16:26,1584067286,21.60,50.40,68.33,147
2026-08-24 16:28,1584187286,21.60,50.70,66.67,110
2026-08-24 16:30,1584307286,21.60,51.40,65.83,137
2026-08-24 16:32,1584427286,21.60,51.10,65.83,128
2026-08-24 16:34,1584547286,21.50,50.60,64.17,143
2026-08-24 16:36,1584667286,21.30,51.20,64.17,132
2026-08-24 16:38,1584787286,21.40,50.90,65.00,186
2026-08-24 16:40,1584907286,21.30,51.00,63.33,148
2026-08-24 16:42,1585027286,21.30,51.40,61.67,134
2026-08-24 16:44,1585147286,21.20,51.40,60.83,113
2026-08-24 16:46,1585267286,21.20,52.00,60.83,141
2026-08-24 16:48,1585387286,21.20,52.30,59.17,156
2026-08-24 16:50,1585507286,21.10,51.80,58.33,145
2026-08-24 16:52,1585627286,21.10,52.00,57.50,144
2026-08-24 16:54,1585747286,21.10,53.80,57.50,135
2026-08-24 16:56,1585867286,21.00,52.80,56.67,131
2026-08-24 16:58,1585987286,21.00,53.50,55.83,132
2026-08-24 17:00,1586107286,20.90,53.40,55.83,139
2026-08-24 17:02,1586227286,20.90,52.90,53.33,144
2026-08-24 17:04,1586347286,20.80,52.90,53.33,139
2026-08-24 17:06,1586467286,20.90,53.00,50.83,138
2026-08-24 17:08,1586587286,20.80,53.00,50.00,152
2026-08-24 17:10,1586707286,20.70,52.50,50.00,148
2026-08-24 17:12,1586827286,20.70,52.50,48.33,136
2026-08-24 17:14,1586947286,20.70,53.00,49.17,135
2026-08-24 17:16,1587067286,20.60,53.30,47.50,132
2026-08-24 17:18,1587187286,20.50,53.40,46.67,132
2026-08-24 17:20,1587307286,20.60,54.20,46.67,137
2026-08-24 17:22,1587427286,20.40,53.80,45.00,180
2026-08-24 17:24,1587547286,20.30,53.80,44.17,126
2026-08-24 17:26,1587667286,20.40,53.90,43.33,167
2026-08-24 17:28,1587787286,20.20,54.00,42.50,140
2026-08-24 17:30,1587907286,20.20,54.30,41.67,136
2026-08-24 17:32,1588027286,20.20,54.90,40.83,177
2026-08-24 17:34,1588147286,20.10,54.90,40.00,191
2026-08-24 17:36,1588267286,20.00,54.50,38.33,153
2026-08-24 17:38,1588387286,20.00,55.00,37.50,139
2026-08-24 17:40,1588507286,20.00,55.20,37.50,136
2026-08-24 17:42,1588627286,20.00,55.60,37.50,125
2026-08-24 17:44,1588747286,20.00,54.90,37.50,156
2026-08-24 17:46,1588867286,19.90,55.50,35.83,124
2026-08-24 17:48,1588987286,19.80,55.20,35.00,198
2026-08-24 17:50,1589107286,19.80,55.70,34.17,137
2026-08-24 17:52,1589227286,19.70,56.40,33.33,146
2026-08-24 17:54,1589347286,19.70,56.40,32.50,136
2026-08-24 17:56,1589467286,19.60,56.30,30.83,125
2026-08-24 17:58,1589587286,19.50,56.40,30.00,140
2026-08-24 18:00,1589707286,19.50,56.50,29.17,142
2026-08-24 18:02,1589827286,19.50,56.80,28.33,130
2026-08-24 18:04,1589947286,19.40,57.10,28.33,132
2026-08-24 18:06,1590067286,19.40,57.20,27.50,118
2026-08-24 18:08,1590187286,19.30,57.00,26.67,151
2026-08-24 18:10,1590307286,19.20,56.80,26.67,146
2026-08-24 18:12,1590427286,19.20,57.00,25.83,170
2026-08-24 18:14,1590547286,19.10,57.90,25.00,144
2026-08-24 18:16,1590667286,19.10,57.30,25.00,178
2026-08-24 18:18,1590787286,19.00,57.00,25.00,134
2026-08-24 18:20,1590907286,19.00,57.50,24.17,157
2026-08-24 18:22,1591027286,19.00,57.80,24.17,122
2026-08-24 18:24,1591147286,18.90,57.40,25.00,124
2026-08-24 18:26,1591267286,18.80,57.50,24.17,138
2026-08-24 18:28,1591387286,18.80,57.70,24.17,144
2026-08-24 18:30,1591507286,18.70,57.50,75.83,144
2026-08-24 18:32,1591627286,18.70,58.30,75.00,115
2026-08-24 18:34,1591747286,18.60,58.00,75.00,150
2026-08-24 18:36,1591867286,18.60,58.50,73.33,137
2026-08-24 18:38,1591987286,18.50,59.10,72.50,146
2026-08-24 18:40,1592107286,18.40,58.90,73.33,198
2026-08-24 18:42,1592227286,18.40,59.10,72.50,173
2026-08-24 18:44,1592347286,18.40,59.90,72.50,109
2026-08-24 18:46,1592467286,18.40,59.20,72.50,143
2026-08-24 18:48,1592587286,18.30,58.90,72.50,145
2026-08-24 18:50,1592707286,18.30,59.80,72.50,140
2026-08-24 18:52,1592827286,18.20,59.30,72.50,109
2026-08-24 18:54,1592947286,18.10,59.20,72.50,127
2026-08-24 18:56,1593067286,18.00,60.90,71.67,121
2026-08-24 18:58,1593187286,18.00,60.30,71.67,128
2026-08-24 19:00,1593307286,18.00,59.80,71.67,178
2026-08-24 19:02,1593427286,18.00,59.70,71.67,128
2026-08-24 19:04,1593547286,17.90,60.00,72.50,140
2026-08-24 19:06,1593667286,17.90,59.90,71.67,125
2026-08-24 19:08,1593787286,17.90,59.70,71.67,150
2026-08-24 19:10,1593907286,17.80,59.30,72.50,140
2026-08-24 19:12,1594027286,17.80,59.60,71.67,146
2026-08-24 19:14,1594147286,17.70,59.40,72.50,114
2026-08-24 19:16,1594267286,17.70,59.50,71.67,142
2026-08-24 19:18,1594387286,17.70,59.70,72.50,167
2026-08-24 19:20,1594507286,17.50,60.20,72.50,172
2026-08-24 19:22,1594627286,17.60,60.20,71.67,107
2026-08-24 19:24,1594747286,17.50,60.60,71.67,154
2026-08-24 19:26,1594867286,17.60,61.00,72.50,161
2026-08-24 19:28,1594987286,17.50,61.50,72.50,114
2026-08-24 19:30,1595107286,17.40,61.60,71.67,114
2026-08-24 19:32,1595227286,17.40,60.90,71.67,110
2026-08-24 19:34,1595347286,17.30,61.10,71.67,166
2026-08-24 19:36,1595467286,17.30,60.80,72.50,152
2026-08-24 19:38,1595587286,17.40,61.00,71.67,96
2026-08-24 19:40,1595707286,17.20,61.10,71.67,146
2026-08-24 19:42,1595827286,17.20,61.10,71.67,142
2026-08-24 19:44,1595947286,17.10,61.10,71.67,152
2026-08-24 19:46,1596067286,17.10,61.70,72.50,142
2026-08-24 19:48,1596187286,17.00,61.40,72.50,127
2026-08-24 19:50,1596307286,16.90,61.90,71.67,132
2026-08-24 19:52,1596427286,17.00,61.60,71.67,98
2026-08-24 19:54,1596547286,16.90,61.50,72.50,124
2026-08-24 19:56,1596667286,16.80,60.90,71.67,160
2026-08-24 19:58,1596787286,16.80,61.20,71.67,96
2026-08-24 20:00,1596907286,16.80,61.30,71.67,124
2026-08-24 20:02,1597027286,16.80,61.70,71.67,144
2026-08-24 20:04,1597147286,16.70,61.50,71.67,138
2026-08-24 20:06,1597267286,16.80,61.60,72.50,132
2026-08-24 20:08,1597387286,16.70,61.30,71.67,104
2026-08-24 20:10,1597507286,16.60,61.10,72.50,137
2026-08-24 20:12,1597627286,16.60,61.80,71.67,164
2026-08-24 20:14,1597747286,16.60,61.50,71.67,116
2026-08-24 20:16,1597867286,16.60,61.60,71.67,169
2026-08-24 20:18,1597987286,16.50,61.40,71.67,152
2026-08-24 20:20,1598107286,16.50,62.10,71.67,137
2026-08-24 20:22,1598227286,16.60,63.30,72.50,118
2026-08-24 20:24,1598347286,16.50,62.30,70.83,132
2026-08-24 20:26,1598467286,16.40,63.00,71.67,129
2026-08-24 20:28,1598587286,16.50,63.20,71.67,148
2026-08-24 20:30,1598707286,16.40,62.40,71.67,144
2026-08-24 20:32,1598827286,16.40,62.40,72.50,122
2026-08-24 20:34,1598947286,16.40,61.80,71.67,135
2026-08-24 20:36,1599067286,16.40,62.10,71.67,128
2026-08-24 20:38,1599187286,16.30,62.50,71.67,125
2026-08-24 20:40,1599307286,16.30,61.50,71.67,174
2026-08-24 20:42,1599427286,16.30,61.90,72.50,141
2026-08-24 20:44,1599547286,16.20,62.10,71.67,138
2026-08-24 20:46,1599667286,16.20,61.90,72.50,141
2026-08-24 20:48,1599787286,16.10,61.80,71.67,141
2026-08-24 20:50,1599907286,16.10,61.80,71.67,177
2026-08-24 20:52,1600027286,16.10,62.10,71.67,157
2026-08-24 20:54,1600147286,16.10,62.40,71.67,132
2026-08-24 20:56,1600267286,16.00,62.10,71.67,168
2026-08-24 20:58,1600387286,16.00,62.30,71.67,139
2026-08-24 21:00,1600507286,16.00,62.30,71.67,134
2026-08-24 21:02,1600627286,16.00,62.30,71.67,146
2026-08-24 21:04,1600747286,16.00,62.70,72.50,127
2026-08-24 21:06,1600867286,16.00,62.10,72.50,147
2026-08-24 21:08,1600987286,15.90,62.60,72.50,160
2026-08-24 21:10,1601107286,15.90,62.80,71.67,133
2026-08-24 21:12,1601227286,15.90,64.90,71.67,142
2026-08-24 21:14,1601347286,15.90,63.50,71.67,174
2026-08-24 21:16,1601467286,15.80,63.50,72.50,147
2026-08-24 21:18,1601587286,15.90,63.10,71.67,154
2026-08-24 21:20,1601707286,15.90,62.70,72.50,147
2026-08-24 21:22,1601827286,15.90,62.70,72.50,150
2026-08-24 21:24,1601947286,15.80,62.70,71.67,146
2026-08-24 21:26,1602067286,15.80,62.60,72.50,120
2026-08-24 21:28,1602187286,15.70,62.50,71.67,145
2026-08-24 21:30,1602307286,15.70,62.80,71.67,123
2026-08-24 21:32,1602427286,15.80,63.10,72.50,163
2026-08-24 21:34,1602547286,15.70,63.40,71.67,149
2026-08-24 21:36,1602667286,15.70,63.10,71.67,139
2026-08-24 21:38,1602787286,15.70,63.10,72.50,151
2026-08-24 21:40,1602907286,15.70,63.20,72.50,159
2026-08-24 21:42,1603027286,15.60,63.10,72.50,145
2026-08-24 21:44,1603147286,15.60,63.10,72.50,149
2026-08-24 21:46,1603267286,15.60,63.10,72.50,161
2026-08-24 21:48,1603387286,15.50,63.50,72.50,131
2026-08-24 21:50,1603507286,15.50,64.70,71.67,130
2026-08-24 21:52,1603627286,15.50,65.50,72.50,133
2026-08-24 21:54,1603747286,15.40,65.60,72.50,139
2026-08-24 21:56,1603867286,15.40,65.10,71.67,155
2026-08-24 21:58,1603987286,15.30,66.00,72.50,115
2026-08-24 22:00,1604107286,15.30,65.60,72.50,154
2026-08-24 22:02,1604227286,15.20,65.70,71.67,117
2026-08-24 22:04,1604347286,15.20,66.10,72.50,152
2026-08-24 22:06,1604467286,15.10,66.60,72.50,142
2026-08-24 22:08,1604587286,15.10,66.20,72.50,150
2026-08-24 22:10,1604707286,15.10,66.00,72.50,129
2026-08-24 22:12,1604827286,14.90,66.40,71.67,138
2026-08-24 22:14,1604947286,14.90,66.20,72.50,149
2026-08-24 22:16,1605067286,14.90,66.40,72.50,123
2026-08-24 22:18,1605187286,14.90,65.40,71.67,126
2026-08-24 22:20,1605307286,14.80,65.10,71.67,119
2026-08-24 22:22,1605427286,14.80,65.10,72.50,167
2026-08-24 22:24,1605547286,14.80,64.40,72.50,139
2026-08-24 22:26,1605667286,14.70,64.30,72.50,114
2026-08-24 22:28,1605787286,14.80,64.10,72.50,181
2026-08-24 22:30,1605907286,14.80,64.30,72.50,138
2026-08-24 22:32,1606027286,14.70,64.20,72.50,182
2026-08-24 22:34,1606147286,14.60,64.50,72.50,162
2026-08-24 22:36,1606267286,14.70,64.00,72.50,130
2026-08-24 22:38,1606387286,14.70,64.30,72.50,124
2026-08-24 22:40,1606507286,14.50,64.30,73.33,97
2026-08-24 22:42,1606627286,14.60,64.00,72.50,135
2026-08-24 22:44,1606747286,14.50,64.20,71.67,125
2026-08-24 22:46,1606867286,14.60,64.50,73.33,157
2026-08-24 22:48,1606987286,14.40,64.80,72.50,164
2026-08-24 22:50,1607107286,14.40,65.10,72.50,140
2026-08-24 22:52,1607227286,14.30,66.50,72.50,131
2026-08-24 22:54,1607347286,14.30,66.10,72.50,139
2026-08-24 22:56,1607467286,14.30,65.40,72.50,125
2026-08-24 22:58,1607587286,14.20,66.00,72.50,161
2026-08-24 23:00,1607707286,14.30,66.00,72.50,126
2026-08-24 23:02,1607827286,14.30,66.60,72.50,138
2026-08-24 23:04,1607947286,14.20,66.80,72.50,119
2026-08-24 23:06,1608067286,14.20,67.20,72.50,124
2026-08-24 23:08,1608187286,14.20,66.90,71.67,111
2026-08-24 23:10,1608307286,14.20,67.10,72.50,131
2026-08-24 23:12,1608427286,14.20,67.70,72.50,128
2026-08-24 23:14,1608547286,14.20,66.80,72.50,134
2026-08-24 23:16,1608667286,14.10,67.10,72.50,97
2026-08-24 23:18,1608787286,14.00,67.00,72.50,145
2026-08-24 23:20,1608907286,14.10,66.50,72.50,158
2026-08-24 23:22,1609027286,14.10,66.40,72.50,161
2026-08-24 23:24,1609147286,14.10,67.30,72.50,129
2026-08-24 23:26,1609267286,14.00,67.70,72.50,135
2026-08-24 23:28,1609387286,14.00,67.90,73.33,127
2026-08-24 23:30,1609507286,14.00,68.40,72.50,147
2026-08-24 23:32,1609627286,13.90,67.80,72.50,110
2026-08-24 23:34,1609747286,13.90,67.40,72.50,114
2026-08-24 23:36,1609867286,13.80,67.40,72.50,127
2026-08-24 23:38,1609987286,13.80,67.60,72.50,133
2026-08-24 23:40,1610107286,13.70,68.70,72.50,164
2026-08-24 23:42,1610227286,13.80,69.00,72.50,180
2026-08-24 23:44,1610347286,13.70,68.50,72.50,98
2026-08-24 23:46,1610467286,13.70,68.30,72.50,109
2026-08-24 23:48,1610587286,13.70,68.10,72.50,144
2026-08-24 23:50,1610707286,13.70,68.50,72.50,128
2026-08-24 23:52,1610827286,13.60,68.60,73.33,128
2026-08-24 23:54,1610947286,13.50,69.30,72.50,122
2026-08-24 23:56,1611067286,13.60,68.90,72.50,148
2026-08-24 23:58,1611187286,13.50,68.90,72.50,128
2026-08-25 00:00,1611307286,13.40,69.10,72.50,116
2026-08-25 00:02,1611427286,13.40,69.10,72.50,124
2026-08-25 00:04,1611547286,13.40,69.60,73.33,142
2026-08-25 00:06,1611667286,13.40,68.70,73.33,161
2026-08-25 00:08,1611787286,13.30,68.70,72.50,120
2026-08-25 00:10,1611907286,13.40,68.40,73.33,130
2026-08-25 00:12,1612027286,13.30,69.30,72.50,136
2026-08-25 00:14,1612147286,13.40,70.10,72.50,134
2026-08-25 00:16,1612267286,13.30,69.80,25.00,124
2026-08-25 00:18,1612387286,13.30,70.10,25.00,128
2026-08-25 00:20,1612507286,13.30,70.20,25.00,110
2026-08-25 00:22,1612627286,13.30,70.40,25.00,121
2026-08-25 00:24,1612747286,13.30,70.00,25.00,154
2026-08-25 00:26,1612867286,13.30,70.40,25.00,126
2026-08-25 00:28,1612987286,13.20,69.90,25.00,128
2026-08-25 00:30,1613107286,13.20,69.60,25.00,170
2026-08-25 00:32,1613227286,13.20,69.30,25.00,190
2026-08-25 00:34,1613347286,13.30,69.70,24.17,181
2026-08-25 00:36,1613467286,13.10,70.00,25.00,150
2026-08-25 00:38,1613587286,13.10,69.80,24.17,170
2026-08-25 00:40,1613707286,13.10,69.60,25.00,155
2026-08-25 00:42,1613827286,13.10,70.00,25.00,117
2026-08-25 00:44,1613947286,13.00,70.20,25.00,142
2026-08-25 00:46,1614067286,13.00,69.80,25.00,150
2026-08-25 00:48,1614187286,12.90,70.80,25.00,158
2026-08-25 00:50,1614307286,13.00,71.20,25.00,135
2026-08-25 00:52,1614427286,12.90,71.20,24.17,140
2026-08-25 00:54,1614547286,12.90,70.70,25.00,123
2026-08-25 00:56,1614667286,12.90,71.30,25.00,112
2026-08-25 00:58,1614787286,12.90,71.50,25.00,106
2026-08-25 01:00,1614907286,12.80,71.30,25.00,157
2026-08-25 01:02,1615027286,12.70,72.00,25.00,165
2026-08-25 01:04,1615147286,12.70,71.80,25.00,122
2026-08-25 01:06,1615267286,12.60,72.30,25.00,162
2026-08-25 01:08,1615387286,12.60,72.80,25.00,113
2026-08-25 01:10,1615507286,12.60,72.40,25.00,127
2026-08-25 01:12,1615627286,12.60,72.30,25.00,146
2026-08-25 01:14,1615747286,12.60,72.50,25.00,130
2026-08-25 01:16,1615867286,12.60,72.30,25.00,127
2026-08-25 01:18,1615987286,12.60,72.60,25.00,168
2026-08-25 01:20,1616107286,12.60,72.50,25.00,184
2026-08-25 01:22,1616227286,12.60,71.80,25.00,155
2026-08-25 01:24,1616347286,12.60,71.90,24.17,135
2026-08-25 01:26,1616467286,12.50,72.60,25.00,125
2026-08-25 01:28,1616587286,12.50,72.80,25.00,143
2026-08-25 01:30,1616707286,12.50,72.50,25.00,123
2026-08-25 01:32,1616827286,12.40,72.10,25.00,149
2026-08-25 01:34,1616947286,12.40,72.20,25.00,129
2026-08-25 01:36,1617067286,12.50,72.20,25.00,128
2026-08-25 01:38,1617187286,12.40,72.70,25.00,133
2026-08-25 01:40,1617307286,12.50,72.70,25.00,149
2026-08-25 01:42,1617427286,12.40,72.90,25.00,146
2026-08-25 01:44,1617547286,12.50,73.30,25.00,134
2026-08-25 01:46,1617667286,12.30,72.80,25.00,186
2026-08-25 01:48,1617787286,12.40,72.70,25.00,125
2026-08-25 01:50,1617907286,12.30,73.20,25.00,158
2026-08-25 01:52,1618027286,12.30,73.00,25.00,118
2026-08-25 01:54,1618147286,12.20,72.70,25.00,127
2026-08-25 01:56,1618267286,12.20,72.90,25.00,133
2026-08-25 01:58,1618387286,12.30,73.10,25.00,133
2026-08-25 02:00,1618507286,12.20,73.10,25.00,140
2026-08-25 02:02,1618627286,12.20,73.00,25.00,137
2026-08-25 02:04,1618747286,12.20,74.00,25.00,191
2026-08-25 02:06,1618867286,12.20,74.40,25.00,119
2026-08-25 02:08,1618987286,12.20,73.40,24.17,147
2026-08-25 02:10,1619107286,12.10,73.00,25.00,128
2026-08-25 02:12,1619227286,12.00,73.30,25.00,123
2026-08-25 02:14,1619347286,12.00,73.50,24.17,122
2026-08-25 02:16,1619467286,11.90,74.10,25.00,133
2026-08-25 02:18,1619587286,12.00,73.70,25.00,142
2026-08-25 02:20,1619707286,11.90,73.20,25.00,130
2026-08-25 02:22,1619827286,11.90,73.20,25.00,151
2026-08-25 02:24,1619947286,11.80,73.50,25.00,137
2026-08-25 02:26,1620067286,11.80,73.40,25.00,126
2026-08-25 02:28,1620187286,11.80,72.80,25.00,119
2026-08-25 02:30,1620307286,11.80,72.90,25.00,131
2026-08-25 02:32,1620427286,11.70,73.90,25.00,127
2026-08-25 02:34,1620547286,11.70,74.10,25.00,132
2026-08-25 02:36,1620667286,11.60,73.20,25.00,144
2026-08-25 02:38,1620787286,11.60,74.10,25.00,127
2026-08-25 02:40,1620907286,11.60,73.40,25.00,143
2026-08-25 02:42,1621027286,11.60,73.90,25.00,126
2026-08-25 02:44,1621147286,11.40,73.80,25.00,141
2026-08-25 02:46,1621267286,11.30,73.50,25.00,124
2026-08-25 02:48,1621387286,11.50,73.70,25.00,167
2026-08-25 02:50,1621507286,11.40,74.80,25.00,111
2026-08-25 02:52,1621627286,11.40,73.60,25.00,118
2026-08-25 02:54,1621747286,11.30,74.00,25.00,161
2026-08-25 02:56,1621867286,11.30,74.50,25.00,147
2026-08-25 02:58,1621987286,11.30,74.50,25.00,165
2026-08-25 03:00,1622107286,11.30,74.40,25.00,115
2026-08-25 03:02,1622227286,11.20,74.20,25.00,141
2026-08-25 03:04,1622347286,11.30,75.00,25.00,144
2026-08-25 03:06,1622467286,11.30,75.00,25.00,145
2026-08-25 03:08,1622587286,11.40,74.50,25.00,143
2026-08-25 03:10,1622707286,11.30,74.90,25.00,134
2026-08-25 03:12,1622827286,11.20,75.30,25.00,124
2026-08-25 03:14,1622947286,11.20,74.80,25.00,165
2026-08-25 03:16,1623067286,11.10,74.30,25.00,135
2026-08-25 03:18,1623187286,10.90,73.90,25.00,134
2026-08-25 03:20,1623307286,10.90,73.90,25.00,155
2026-08-25 03:22,1623427286,10.80,74.70,25.00,128
2026-08-25 03:24,1623547286,10.90,74.50,25.00,137
2026-08-25 03:26,1623667286,10.80,75.10,25.00,155
2026-08-25 03:28,1623787286,10.80,74.40,25.00,179
2026-08-25 03:30,1623907286,10.80,75.00,25.00,133
2026-08-25 03:32,1624027286,10.70,74.80,25.00,148
2026-08-25 03:34,1624147288,10.80,75.20,75.83,108
2026-08-25 03:36,1624267288,10.70,74.60,75.83,140
2026-08-25 03:38,1624387288,10.70,75.10,75.00,140
2026-08-25 03:40,1624507288,10.70,74.60,75.00,124
2026-08-25 03:42,1624627288,10.60,73.90,74.17,193
2026-08-25 03:44,1624747288,10.60,75.00,73.33,143
2026-08-25 03:46,1624867288,10.60,74.70,74.17,117
2026-08-25 03:48,1624987288,10.60,74.80,73.33,168
2026-08-25 03:50,1625107288,10.60,75.00,73.33,140
2026-08-25 03:52,1625227288,10.50,74.80,73.33,125
2026-08-25 03:54,1625347288,10.40,74.70,72.50,138
2026-08-25 03:56,1625467288,10.50,75.20,73.33,155
2026-08-25 03:58,1625587288,10.50,75.80,72.50,208
2026-08-25 04:00,1625707288,10.50,75.60,72.50,136
2026-08-25 04:02,1625827288,10.50,74.90,73.33,153
2026-08-25 04:04,1625947288,10.40,75.50,72.50,144
2026-08-25 04:06,1626067288,10.40,75.80,73.33,129
2026-08-25 04:08,1626187288,10.20,75.20,72.50,140
2026-08-25 04:10,1626307288,10.30,75.70,72.50,159
2026-08-25 04:12,1626427288,10.30,75.50,72.50,148
2026-08-25 04:14,1626547288,10.20,76.10,72.50,151
2026-08-25 04:16,1626667288,10.20,74.90,72.50,151
2026-08-25 04:18,1626787288,10.20,75.10,72.50,135
2026-08-25 04:20,1626907288,10.20,75.80,72.50,135
2026-08-25 04:22,1627027288,10.20,75.90,72.50,139
2026-08-25 04:24,1627147288,10.20,74.90,72.50,108
2026-08-25 04:26,1627267288,10.10,75.30,72.50,129
2026-08-25 04:28,1627387288,10.10,75.00,72.50,126
2026-08-25 04:30,1627507288,10.10,75.50,72.50,143
2026-08-25 04:32,1627627288,10.10,75.60,72.50,124
2026-08-25 04:34,1627747288,10.10,74.80,72.50,146
2026-08-25 04:36,1627867288,10.10,75.70,72.50,188
2026-08-25 04:38,1627987288,10.10,76.60,72.50,168
2026-08-25 04:40,1628107288,10.10,77.00,72.50,119
2026-08-25 04:42,1628227288,10.20,76.90,73.33,201
2026-08-25 04:44,1628347288,10.10,77.10,72.50,95
2026-08-25 04:46,1628467288,10.00,76.80,72.50,129
2026-08-25 04:48,1628587288,10.10,76.90,72.50,141
2026-08-25 04:50,1628707288,10.00,76.80,73.33,141
2026-08-25 04:52,1628827288,10.20,77.00,72.50,149
2026-08-25 04:54,1628947288,10.20,77.20,72.50,111
2026-08-25 04:56,1629067288,10.10,77.60,72.50,153
2026-08-25 04:58,1629187288,10.10,76.60,72.50,121
2026-08-25 05:00,1629307288,10.20,77.00,72.50,127
2026-08-25 05:02,1629427288,10.20,76.80,72.50,106
2026-08-25 05:04,1629547288,10.10,76.50,72.50,142
2026-08-25 05:06,1629667288,10.20,77.20,72.50,121
2026-08-25 05:08,1629787288,10.20,77.10,73.33,126
2026-08-25 05:10,1629907288,10.20,76.70,72.50,134
2026-08-25 05:12,1630027288,10.20,76.30,72.50,121
2026-08-25 05:14,1630147288,10.20,75.80,72.50,144
2026-08-25 05:16,1630267288,10.30,76.20,71.67,142
2026-08-25 05:18,1630387288,10.20,75.80,72.50,155
2026-08-25 05:20,1630507288,10.20,75.40,71.67,150
2026-08-25 05:22,1630627288,10.20,75.10,72.50,118
2026-08-25 05:24,1630747288,10.20,76.20,72.50,169
2026-08-25 05:26,1630867288,10.30,76.40,72.50,137
2026-08-25 05:28,1630987288,10.20,76.40,72.50,133
2026-08-25 05:30,1631107288,10.30,76.20,72.50,219
2026-08-25 05:32,1631227288,10.30,76.90,72.50,169
2026-08-25 05:34,1631347288,10.30,76.10,72.50,138
2026-08-25 05:36,1631467288,10.30,77.00,73.33,157
2026-08-25 05:38,1631587288,10.20,77.00,72.50,124
2026-08-25 05:40,1631707288,10.30,76.10,73.33,113
2026-08-25 05:42,1631827288,10.20,76.70,72.50,113
2026-08-25 05:44,1631947288,10.20,76.60,72.50,117
2026-08-25 05:46,1632067288,10.20,76.70,72.50,112
2026-08-25 05:48,1632187288,10.20,76.00,72.50,105
2026-08-25 05:50,1632307288,10.20,76.00,72.50,147
2026-08-25 05:52,1632427288,10.20,76.00,73.33,109
2026-08-25 05:54,1632547288,10.20,76.90,72.50,177
2026-08-25 05:56,1632667288,10.10,76.20,72.50,137
2026-08-25 05:58,1632787288,10.10,75.50,72.50,139
2026-08-25 06:00,1632907288,10.00,76.90,71.67,173
2026-08-25 06:02,1633027288,10.10,76.90,72.50,177
2026-08-25 06:04,1633147288,10.10,76.40,71.67,137
2026-08-25 06:06,1633267288,10.10,76.40,72.50,144
2026-08-25 06:08,1633387288,10.00,75.70,72.50,119
2026-08-25 06:10,1633507288,10.00,75.50,71.67,137
2026-08-25 06:12,1633627288,10.00,75.10,72.50,133
2026-08-25 06:14,1633747288,9.90,76.30,72.50,130
2026-08-25 06:16,1633867288,9.90,76.30,72.50,125
2026-08-25 06:18,1633987288,9.80,76.40,72.50,149
2026-08-25 06:20,1634107288,9.80,76.80,72.50,163
2026-08-25 06:22,1634227288,9.90,76.20,72.50,138
2026-08-25 06:24,1634347288,9.80,76.20,72.50,121
2026-08-25 06:26,1634467288,9.80,77.10,71.67,136
2026-08-25 06:28,1634587288,9.80,76.60,72.50,148
2026-08-25 06:30,1634707288,9.80,77.00,71.67,173
2026-08-25 06:32,1634827288,9.80,76.80,72.50,155
2026-08-25 06:34,1634947288,9.70,76.90,72.50,110
2026-08-25 06:36,1635067288,9.80,77.10,72.50,169
2026-08-25 06:38,1635187288,9.70,77.10,73.33,140
2026-08-25 06:40,1635307288,9.80,76.90,72.50,113
2026-08-25 06:42,1635427288,9.80,77.50,72.50,172
2026-08-25 06:44,1635547288,9.70,76.90,72.50,132
2026-08-25 06:46,1635667288,9.70,76.20,72.50,137
2026-08-25 06:48,1635787288,9.70,77.30,72.50,145
2026-08-25 06:50,1635907288,9.70,77.90,72.50,127
2026-08-25 06:52,1636027288,9.80,76.40,72.50,120
2026-08-25 06:54,1636147288,9.80,76.10,72.50,142
2026-08-25 06:56,1636267288,9.70,76.30,73.33,128
2026-08-25 06:58,1636387288,9.70,76.50,74.17,116
2026-08-25 07:00,1636507288,9.60,76.60,74.17,132
2026-08-25 07:02,1636627288,9.50,77.40,75.00,164
2026-08-25 07:04,1636747288,9.50,78.00,75.00,156
2026-08-25 07:06,1636867288,9.50,77.80,75.83,165
2026-08-25 07:08,1636987288,9.50,77.90,75.83,136
2026-08-25 07:10,1637107288,9.50,77.80,76.67,141
2026-08-25 07:12,1637227288,9.30,78.10,76.67,122
2026-08-25 07:14,1637347288,9.30,77.70,78.33,156
2026-08-25 07:16,1637467288,9.30,78.00,78.33,143
2026-08-25 07:18,1637587288,9.30,78.10,80.00,145
2026-08-25 07:20,1637707288,9.40,77.80,80.83,161
2026-08-25 07:22,1637827288,9.50,77.80,82.50,160
2026-08-25 07:24,1637947288,9.40,78.00,84.17,154
2026-08-25 07:26,1638067288,9.50,77.50,85.00,121
2026-08-25 07:28,1638187288,9.50,77.60,85.83,141
2026-08-25 07:30,1638307288,9.40,78.00,86.67,141
2026-08-25 07:32,1638427288,9.50,78.00,86.67,203
2026-08-25 07:34,1638547288,9.60,77.80,87.50,120
2026-08-25 07:36,1638667288,9.50,77.70,89.17,160
2026-08-25 07:38,1638787288,9.50,77.40,90.00,173
2026-08-25 07:40,1638907288,9.50,77.60,90.83,126
2026-08-25 07:42,1639027288,9.60,77.60,91.67,128
2026-08-25 07:44,1639147288,9.60,77.40,94.17,122
2026-08-25 07:46,1639267288,9.60,77.70,95.00,145
2026-08-25 07:48,1639387288,9.70,77.80,95.00,130
2026-08-25 07:50,1639507288,9.70,77.80,95.83,134
2026-08-25 07:52,1639627288,9.70,77.50,96.67,163
2026-08-25 07:54,1639747288,9.80,77.70,97.50,133
2026-08-25 07:56,1639867288,9.80,77.60,97.50,136
2026-08-25 07:58,1639987288,9.80,77.40,99.17,145
2026-08-25 08:00,1640107288,9.80,77.70,99.17,131
2026-08-25 08:02,1640227288,9.70,78.00,52.50,127
2026-08-25 08:04,1640347288,9.80,77.90,53.33,152
2026-08-25 08:06,1640467288,9.80,78.00,52.50,154
2026-08-25 08:08,1640587288,9.80,78.30,54.17,134
2026-08-25 08:10,1640707288,9.80,78.20,53.33,131
2026-08-25 08:12,1640827288,9.80,77.80,55.00,179
2026-08-25 08:14,1640947288,9.80,77.80,55.00,122
2026-08-25 08:16,1641067288,9.90,78.10,55.83,112
2026-08-25 08:18,1641187288,9.90,78.20,55.83,145
2026-08-25 08:20,1641307288,9.90,78.00,55.83,160
2026-08-25 08:22,1641427288,10.00,78.10,56.67,135
2026-08-25 08:24,1641547288,10.10,77.80,57.50,128
2026-08-25 08:26,1641667288,10.10,77.90,58.33,102
2026-08-25 08:28,1641787288,10.10,77.90,60.00,148
2026-08-25 08:30,1641907288,10.20,78.00,61.67,164
2026-08-25 08:32,1642027288,10.20,78.10,63.33,141
2026-08-25 08:34,1642147288,10.20,78.10,65.00,100
2026-08-25 08:36,1642267288,10.30,78.00,66.67,172
2026-08-25 08:38,1642387288,10.40,78.10,67.50,149
2026-08-25 08:40,1642507288,10.40,78.20,69.17,156
2026-08-25 08:42,1642627288,10.40,78.30,72.50,231
2026-08-25 08:44,1642747288,10.50,78.50,76.67,134
2026-08-25 08:46,1642867288,10.60,78.00,84.17,122
2026-08-25 08:48,1642987288,10.60,77.90,91.67,137
2026-08-25 08:50,1643107288,10.70,77.90,101.67,140
2026-08-25 08:52,1643227288,10.80,77.80,110.00,142
2026-08-25 08:54,1643347288,10.90,78.00,119.17,138
2026-08-25 08:56,1643467288,11.20,77.50,125.83,122
2026-08-25 08:58,1643587288,11.40,77.50,124.17,126
2026-08-25 09:00,1643707288,11.50,77.40,115.00,164
2026-08-25 09:02,1643827288,11.60,77.40,113.33,151
2026-08-25 09:04,1643947288,11.80,77.00,145.00,105
2026-08-25 09:06,1644067288,11.90,77.10,163.33,156
2026-08-25 09:08,1644187288,12.00,76.80,179.17,147
2026-08-25 09:10,1644307288,12.20,76.40,187.50,126
2026-08-25 09:12,1644427288,12.30,76.20,195.00,198
2026-08-25 09:14,1644547288,12.60,75.80,203.33,167
2026-08-25 09:16,1644667288,12.70,75.30,213.33,169
2026-08-25 09:18,1644787288,12.80,75.40,217.50,160
2026-08-25 09:20,1644907288,13.00,75.90,224.17,139
2026-08-25 09:22,1645027288,13.10,75.90,222.50,144
2026-08-25 09:24,1645147288,13.20,76.10,221.67,195
2026-08-25 09:26,1645267288,13.40,76.10,225.83,178
2026-08-25 09:28,1645387288,13.70,75.70,223.33,147
2026-08-25 09:30,1645507288,13.80,75.00,228.33,152
2026-08-25 09:32,1645627288,13.90,75.20,230.83,145
2026-08-25 09:34,1645747288,14.00,74.60,242.50,157
2026-08-25 09:36,1645867288,14.30,74.40,235.83,138
2026-08-25 09:38,1645987288,14.40,74.10,235.83,118
2026-08-25 09:40,1646107288,14.60,73.00,234.17,174
2026-08-25 09:42,1646227288,14.70,72.50,241.67,149
2026-08-25 09:44,1646347288,14.80,72.80,245.00,135
2026-08-25 09:46,1646467288,15.10,72.40,245.83,151
2026-08-25 09:48,1646587288,15.20,73.50,248.33,147
2026-08-25 09:50,1646707288,15.30,72.20,248.33,149
2026-08-25 09:52,1646827288,15.60,72.40,246.67,169
2026-08-25 09:54,1646947288,15.80,72.40,250.83,172
2026-08-25 09:56,1647067288,15.90,71.70,246.67,133
2026-08-25 09:58,1647187288,16.10,71.70,248.33,247
2026-08-25 10:00,1647307288,16.30,71.40,257.50,159
2026-08-25 10:02,1647427288,16.50,69.90,250.00,186
2026-08-25 10:04,1647547288,16.70,69.40,256.67,159
2026-08-25 10:06,1647667288,16.70,69.10,255.00,161
2026-08-25 10:08,1647787288,16.90,68.50,257.50,136
2026-08-25 10:10,1647907288,17.10,68.40,257.50,200
2026-08-25 10:12,1648027288,17.40,68.30,252.50,158
2026-08-25 10:14,1648147288,17.50,69.80,253.33,181
2026-08-25 10:16,1648267288,17.60,68.30,260.83,154
2026-08-25 10:18,1648387288,17.70,67.10,264.17,198
2026-08-25 10:20,1648507288,17.90,67.10,266.67,182
2026-08-25 10:22,1648627288,17.90,67.10,266.67,145
2026-08-25 10:24,1648747288,18.10,66.80,268.33,145
2026-08-25 10:26,1648867288,18.30,67.90,266.67,144
2026-08-25 10:28,1648987288,18.40,67.70,266.67,153
2026-08-25 10:30,1649107288,18.60,66.30,272.50,160
2026-08-25 10:32,1649227288,18.80,66.50,279.17,141
2026-08-25 10:34,1649347288,18.90,65.80,277.50,177
2026-08-25 10:36,1649467288,19.00,65.40,272.50,129
2026-08-25 10:38,1649587288,19.10,64.20,269.17,162
2026-08-25 10:40,1649707288,19.20,64.60,278.33,155
2026-08-25 10:42,1649827288,19.30,62.70,275.00,243
2026-08-25 10:44,1649947288,19.30,63.50,280.83,156
2026-08-25 10:46,1650067288,19.50,63.30,283.33,262
2026-08-25 10:48,1650187288,19.60,62.70,281.67,160
2026-08-25 10:50,1650307288,19.70,62.80,280.83,154
2026-08-25 10:52,1650427288,19.90,62.80,277.50,159
2026-08-25 10:54,1650547288,20.00,63.30,283.33,140
2026-08-25 10:56,1650667288,20.20,63.40,285.00,152
2026-08-25 10:58,1650787288,20.40,62.80,295.00,176
2026-08-25 11:00,1650907288,20.60,62.20,297.50,165
2026-08-25 11:02,1651027288,20.70,60.70,293.33,156
2026-08-25 11:04,1651147288,20.90,59.70,288.33,199
2026-08-25 11:06,1651267288,21.00,60.60,290.00,169
2026-08-25 11:08,1651387288,21.10,59.00,289.17,188
2026-08-25 11:10,1651507288,21.20,58.90,291.67,164
2026-08-25 11:12,1651627288,21.30,60.60,294.17,148
2026-08-25 11:14,1651747288,21.40,60.60,289.17,171
2026-08-25 11:16,1651867288,21.60,60.30,296.67,155
2026-08-25 11:18,1651987288,21.80,59.80,293.33,158
2026-08-25 11:20,1652107288,21.90,59.10,295.83,175
2026-08-25 11:22,1652227288,22.10,59.10,302.50,182
2026-08-25 11:24,1652347288,22.30,58.90,305.83,165
2026-08-25 11:26,1652467288,22.40,56.70,304.17,188
2026-08-25 11:28,1652587288,22.50,57.80,301.67,204
2026-08-25 11:30,1652707288,22.60,58.00,301.67,177
2026-08-25 11:32,1652827288,22.70,57.80,301.67,161
2026-08-25 11:34,1652947288,22.90,57.90,306.67,149
2026-08-25 11:36,1653067288,23.00,56.70,307.50,166
2026-08-25 11:38,1653187288,23.10,57.20,312.50,173
2026-08-25 11:40,1653307288,23.20,58.50,310.83,195
2026-08-25 11:42,1653427288,23.50,58.10,308.33,164
2026-08-25 11:44,1653547288,23.50,56.40,298.33,183
2026-08-25 11:46,1653667288,23.70,57.50,295.83,218
2026-08-25 11:48,1653787288,23.70,57.30,301.67,181
2026-08-25 11:50,1653907288,23.90,56.70,312.50,172
2026-08-25 11:52,1654027288,24.10,57.10,313.33,191
2026-08-25 11:54,1654147288,24.20,57.20,308.33,164
2026-08-25 11:56,1654267288,24.40,56.20,306.67,156
2026-08-25 11:58,1654387288,24.50,54.80,305.00,155
2026-08-25 12:00,1654507288,24.60,55.90,304.17,147
2026-08-25 12:02,1654627288,24.70,54.60,312.50,218
2026-08-25 12:04,1654747288,24.70,55.20,309.17,222
2026-08-25 12:06,1654867288,24.90,55.40,314.17,155
2026-08-25 12:08,1654987288,25.10,55.30,315.83,157
2026-08-25 12:10,1655107288,25.20,55.10,305.00,161
2026-08-25 12:12,1655227288,25.20,55.60,313.33,170
2026-08-25 12:14,1655347288,25.20,54.80,308.33,201
2026-08-25 12:16,1655467288,25.40,54.60,313.33,157
2026-08-25 12:18,1655587288,25.40,55.10,322.50,188
2026-08-25 12:20,1655707288,25.50,54.70,320.00,194
2026-08-25 12:22,1655827288,25.50,53.40,320.00,153
2026-08-25 12:24,1655947288,25.50,53.60,320.83,133
2026-08-25 12:26,1656067288,25.50,54.50,314.17,171
2026-08-25 12:28,1656187288,25.70,54.20,313.33,157
2026-08-25 12:30,1656307288,25.70,53.00,316.67,159
2026-08-25 12:32,1656427288,25.70,54.40,309.17,163
2026-08-25 12:34,1656547288,26.00,54.10,314.17,160
2026-08-25 12:36,1656667288,26.00,52.80,310.00,173
2026-08-25 12:38,1656787288,26.10,53.80,311.67,180
2026-08-25 12:40,1656907288,26.10,53.30,311.67,182
2026-08-25 12:42,1657027288,26.20,53.50,320.00,165
2026-08-25 12:44,1657147288,26.40,53.00,309.17,190
2026-08-25 12:46,1657267288,26.40,53.60,308.33,188
2026-08-25 12:48,1657387288,26.50,53.50,308.33,167
2026-08-25 12:50,1657507288,26.70,53.20,310.83,161
2026-08-25 12:52,1657627288,26.80,53.50,316.67,189
2026-08-25 12:54,1657747288,26.90,53.30,308.33,153
2026-08-25 12:56,1657867288,27.00,53.10,304.17,184
2026-08-25 12:58,1657987288,27.20,52.70,310.83,190
2026-08-25 13:00,1658107288,27.20,51.80,311.67,192
2026-08-25 13:02,1658227288,27.50,51.40,314.17,178
2026-08-25 13:04,1658347288,27.40,51.00,309.17,168
2026-08-25 13:06,1658467288,27.50,51.40,310.00,205
2026-08-25 13:08,1658587288,27.60,51.50,321.67,174
2026-08-25 13:10,1658707288,27.70,51.80,309.17,155
2026-08-25 13:12,1658827288,27.80,51.60,320.00,185
2026-08-25 13:14,1658947288,27.90,51.80,316.67,209
2026-08-25 13:16,1659067288,28.00,51.10,319.17,238
2026-08-25 13:18,1659187288,28.10,51.50,310.83,200
2026-08-25 13:20,1659307288,28.20,50.60,315.00,172
2026-08-25 13:22,1659427288,28.20,51.00,315.00,238
2026-08-25 13:24,1659547288,28.30,51.00,309.17,176
2026-08-25 13:26,1659667288,28.40,50.70,305.83,158
2026-08-25 13:28,1659787288,28.50,50.80,302.50,180
2026-08-25 13:30,1659907288,28.50,51.70,314.17,176
2026-08-25 13:32,1660027288,28.60,51.20,312.50,200
2026-08-25 13:34,1660147288,28.70,50.30,310.83,199
2026-08-25 13:36,1660267288,28.80,50.80,300.00,156
2026-08-25 13:38,1660387288,28.80,49.90,315.83,169
2026-08-25 13:40,1660507288,28.80,51.00,312.50,177
2026-08-25 13:42,1660627288,28.90,50.30,312.50,169
2026-08-25 13:44,1660747288,29.00,50.20,310.00,192
2026-08-25 13:46,1660867288,29.00,50.00,306.67,161
2026-08-25 13:48,1660987288,29.00,49.90,302.50,159
2026-08-25 13:50,1661107288,29.10,50.00,310.00,177
2026-08-25 13:52,1661227288,29.10,50.50,304.17,183
2026-08-25 13:54,1661347288,29.20,50.30,308.33,185
2026-08-25 13:56,1661467288,29.20,50.80,309.17,177
2026-08-25 13:58,1661587288,29.20,50.00,308.33,208
2026-08-25 14:00,1661707288,29.40,51.10,295.00,176
2026-08-25 14:02,1661827288,29.40,49.90,305.00,160
2026-08-25 14:04,1661947288,29.50,49.80,305.00,193
2026-08-25 14:06,1662067288,29.50,50.30,310.00,183
2026-08-25 14:08,1662187288,29.60,49.90,308.33,204
2026-08-25 14:10,1662307288,29.60,49.30,296.67,189
2026-08-25 14:12,1662427288,29.70,49.10,297.50,211
2026-08-25 14:14,1662547288,29.70,49.00,295.83,176
2026-08-25 14:16,1662667288,29.80,49.00,291.67,182
2026-08-25 14:18,1662787288,29.90,48.40,289.17,153
2026-08-25 14:20,1662907288,29.90,47.80,299.17,182
2026-08-25 14:22,1663027288,29.90,48.00,299.17,191
2026-08-25 14:24,1663147288,29.90,47.10,300.83,143
2026-08-25 14:26,1663267288,29.90,47.40,295.00,169
2026-08-25 14:28,1663387288,30.00,46.60,300.83,210
2026-08-25 14:30,1663507288,29.90,45.50,300.83,186
2026-08-25 14:32,1663627288,29.80,46.70,290.83,202
2026-08-25 14:34,1663747288,29.70,44.90,295.83,185
2026-08-25 14:36,1663867288,29.70,45.80,300.00,154
2026-08-25 14:38,1663987288,29.70,45.30,292.50,201
2026-08-25 14:40,1664107288,29.70,46.20,292.50,185
2026-08-25 14:42,1664227288,29.60,47.10,285.00,146
2026-08-25 14:44,1664347288,29.70,46.20,275.83,145
2026-08-25 14:46,1664467288,29.70,45.50,277.50,178
2026-08-25 14:48,1664587288,29.70,46.10,284.17,184
2026-08-25 14:50,1664707288,29.80,45.00,289.17,173
2026-08-25 14:52,1664827288,29.70,47.00,285.83,154
2026-08-25 14:54,1664947288,29.80,47.80,282.50,167
2026-08-25 14:56,1665067288,29.80,48.20,275.83,271
2026-08-25 14:58,1665187288,29.90,47.90,281.67,172
2026-08-25 15:00,1665307288,30.10,47.30,281.67,176
2026-08-25 15:02,1665427288,30.00,47.60,275.00,182
2026-08-25 15:04,1665547288,30.20,47.90,283.33,148
2026-08-25 15:06,1665667288,30.20,47.00,279.17,193
2026-08-25 15:08,1665787288,30.30,47.10,269.17,194
2026-08-25 15:10,1665907288,30.30,47.60,265.00,182
2026-08-25 15:12,1666027288,30.40,47.40,266.67,155
2026-08-25 15:14,1666147288,30.50,46.40,266.67,145
2026-08-25 15:16,1666267288,30.50,47.10,266.67,176
2026-08-25 15:18,1666387288,30.40,46.10,270.83,183
2026-08-25 15:20,1666507288,30.40,46.10,269.17,169
2026-08-25 15:22,1666627288,30.40,45.60,270.83,162
2026-08-25 15:24,1666747288,30.30,46.30,269.17,173
2026-08-25 15:26,1666867288,30.30,46.30,264.17,163
2026-08-25 15:28,1666987288,30.30,46.30,265.00,169
2026-08-25 15:30,1667107288,30.40,47.50,263.33,170
2026-08-25 15:32,1667227288,30.40,47.30,258.33,184
2026-08-25 15:34,1667347288,30.40,45.50,256.67,176
2026-08-25 15:36,1667467288,30.50,46.20,255.83,180
2026-08-25 15:38,1667587288,30.50,45.70,254.17,188
2026-08-25 15:40,1667707288,30.50,45.60,251.67,167
2026-08-25 15:42,1667827288,30.40,46.20,247.50,168
2026-08-25 15:44,1667947288,30.50,46.40,246.67,147
2026-08-25 15:46,1668067288,30.50,46.60,245.83,162
2026-08-25 15:48,1668187288,30.50,47.00,242.50,168
2026-08-25 15:50,1668307288,30.50,47.00,243.33,204
2026-08-25 15:52,1668427288,30.60,47.00,240.00,176
2026-08-25 15:54,1668547288,30.60,46.20,237.50,177
2026-08-25 15:56,1668667288,30.50,46.80,243.33,209
2026-08-25 15:58,1668787288,30.50,47.50,230.83,174
2026-08-25 16:00,1668907288,30.50,47.50,240.83,193
2026-08-25 16:02,1669027288,30.60,46.90,236.67,173
2026-08-25 16:04,1669147288,30.50,47.50,229.17,187
2026-08-25 16:06,1669267288,30.60,47.50,229.17,170
2026-08-25 16:08,1669387288,30.50,46.40,232.50,183
2026-08-25 16:10,1669507288,30.50,46.30,221.67,174
2026-08-25 16:12,1669627288,30.40,47.30,225.00,190
2026-08-25 16:14,1669747288,30.30,47.50,219.17,182
2026-08-25 16:16,1669867288,30.10,47.70,218.33,172
2026-08-25 16:18,1669987288,29.90,48.00,221.67,190
2026-08-25 16:20,1670107288,29.90,48.50,216.67,170
2026-08-25 16:22,1670227288,29.60,48.70,215.83,175
2026-08-25 16:24,1670347288,29.70,49.30,214.17,187
2026-08-25 16:26,1670467288,29.60,48.40,207.50,171
2026-08-25 16:28,1670587288,29.60,48.50,204.17,156
2026-08-25 16:30,1670707288,29.60,48.90,202.50,178
2026-08-25 16:32,1670827288,29.60,48.80,200.00,225
2026-08-25 16:34,1670947288,29.50,48.50,205.83,175
2026-08-25 16:36,1671067288,29.50,48.20,200.83,195
2026-08-25 16:38,1671187288,29.40,48.50,198.33,179
2026-08-25 16:40,1671307288,29.30,47.90,196.67,220
2026-08-25 16:42,1671427288,29.30,47.40,190.00,184
2026-08-25 16:44,1671547288,29.20,47.60,187.50,157
2026-08-25 16:46,1671667288,29.20,48.20,186.67,283
2026-08-25 16:48,1671787288,29.10,47.60,187.50,169
2026-08-25 16:50,1671907288,29.10,48.60,183.33,197
2026-08-25 16:52,1672027288,29.00,48.30,182.50,206
2026-08-25 16:54,1672147288,28.90,48.20,180.00,189
2026-08-25 16:56,1672267288,28.80,48.30,174.17,149
2026-08-25 16:58,1672387288,28.80,49.00,170.83,173
2026-08-25 17:00,1672507288,28.80,48.50,168.33,201
2026-08-25 17:02,1672627288,28.60,48.40,160.83,149
2026-08-25 17:04,1672747288,28.60,48.20,160.00,201
2026-08-25 17:06,1672867288,28.60,48.40,152.50,185
2026-08-25 17:08,1672987288,28.50,48.70,144.17,182
2026-08-25 17:10,1673107288,28.40,48.70,136.67,151
2026-08-25 17:12,1673227288,28.30,48.70,126.67,169
2026-08-25 17:14,1673347288,28.20,48.70,110.00,160
2026-08-25 17:16,1673467288,28.10,48.70,99.17,192
2026-08-25 17:18,1673587288,28.00,49.10,84.17,134
2026-08-25 17:20,1673707288,28.00,48.80,73.33,181
2026-08-25 17:22,1673827288,27.90,48.80,64.17,169
2026-08-25 17:24,1673947288,27.70,49.90,60.83,183
2026-08-25 17:26,1674067288,27.60,49.30,58.33,203
2026-08-25 17:28,1674187288,27.50,49.90,59.17,187
2026-08-25 17:30,1674307288,27.40,51.00,60.83,224
2026-08-25 17:32,1674427288,27.30,51.30,59.17,163
2026-08-25 17:34,1674547288,27.20,51.90,59.17,151
2026-08-25 17:36,1674667288,27.10,52.10,55.83,171
2026-08-25 17:38,1674787288,26.90,52.40,53.33,181
2026-08-25 17:40,1674907288,26.90,52.60,51.67,146
2026-08-25 17:42,1675027288,26.80,52.60,52.50,138
2026-08-25 17:44,1675147288,26.60,52.80,50.00,163
2026-08-25 17:46,1675267288,26.50,52.60,49.17,208
2026-08-25 17:48,1675387288,26.40,52.70,46.67,142
2026-08-25 17:50,1675507288,26.30,52.50,45.00,165
2026-08-25 17:52,1675627288,26.20,53.10,44.17,138
2026-08-25 17:54,1675747288,26.10,53.40,42.50,151
2026-08-25 17:56,1675867288,26.00,52.90,42.50,157
2026-08-25 17:58,1675987288,25.80,53.10,40.00,147
2026-08-25 18:00,1676107288,25.70,53.20,38.33,145
2026-08-25 18:02,1676227288,25.70,54.00,36.67,177
2026-08-25 18:04,1676347288,25.50,54.00,35.00,173
2026-08-25 18:06,1676467288,25.50,54.10,34.17,195
2026-08-25 18:08,1676587288,25.40,54.80,32.50,217
2026-08-25 18:10,1676707288,25.30,54.70,30.83,144
2026-08-25 18:12,1676827288,25.30,55.50,30.00,174
2026-08-25 18:14,1676947288,25.00,56.00,28.33,157
2026-08-25 18:16,1677067288,24.90,57.10,27.50,167
2026-08-25 18:18,1677187288,24.80,57.70,26.67,170
2026-08-25 18:20,1677307288,24.60,58.70,26.67,138
2026-08-25 18:22,1677427288,24.40,58.40,25.83,166
2026-08-25 18:24,1677547288,24.40,57.60,25.00,171
2026-08-25 18:26,1677667288,24.20,56.70,25.00,182
2026-08-25 18:28,1677787288,24.10,56.40,25.00,170
2026-08-25 18:30,1677907288,24.00,56.30,75.00,154
2026-08-25 18:32,1678027288,23.90,56.00,73.33,165
2026-08-25 18:34,1678147288,23.90,56.70,73.33,218
2026-08-25 18:36,1678267288,23.80,56.30,72.50,166
2026-08-25 18:38,1678387288,23.70,56.50,71.67,188
2026-08-25 18:40,1678507288,23.70,56.30,71.67,151
2026-08-25 18:42,1678627288,23.60,56.70,71.67,139
2026-08-25 18:44,1678747288,23.60,56.70,71.67,162
2026-08-25 18:46,1678867288,23.50,56.60,70.83,138
2026-08-25 18:48,1678987288,23.50,56.90,71.67,150
2026-08-25 18:50,1679107288,23.40,57.50,70.83,194
2026-08-25 18:52,1679227288,23.30,57.90,70.00,145
2026-08-25 18:54,1679347288,23.20,57.50,70.83,142
2026-08-25 18:56,1679467288,23.10,57.20,70.00,156
2026-08-25 18:58,1679587288,23.10,57.50,70.83,144
2026-08-25 19:00,1679707288,23.00,57.40,70.00,169
2026-08-25 19:02,1679827288,22.90,57.30,70.00,130
2026-08-25 19:04,1679947288,22.80,57.60,70.00,152
2026-08-25 19:06,1680067288,22.80,57.90,70.00,182
2026-08-25 19:08,1680187288,22.80,57.80,70.00,131
2026-08-25 19:10,1680307288,22.70,57.80,70.83,152
2026-08-25 19:12,1680427288,22.70,57.60,70.83,222
2026-08-25 19:14,1680547288,22.60,57.80,70.83,167
2026-08-25 19:16,1680667288,22.50,58.30,70.83,136
2026-08-25 19:18,1680787288,22.50,58.80,70.00,156
2026-08-25 19:20,1680907288,22.40,58.50,70.83,151
2026-08-25 19:22,1681027288,22.40,58.60,70.83,192
2026-08-25 19:24,1681147288,22.30,58.40,70.00,179
2026-08-25 19:26,1681267288,22.20,59.20,70.00,157
2026-08-25 19:28,1681387288,22.30,58.50,70.00,170
2026-08-25 19:30,1681507288,22.10,59.00,70.83,147
2026-08-25 19:32,1681627288,22.00,59.60,70.00,144
2026-08-25 19:34,1681747288,21.80,59.30,70.00,140
2026-08-25 19:36,1681867288,21.80,59.80,70.83,150
2026-08-25 19:38,1681987288,21.70,61.00,70.83,195
2026-08-25 19:40,1682107288,21.60,59.70,70.83,162
2026-08-25 19:42,1682227288,21.50,59.60,70.83,159
2026-08-25 19:44,1682347288,21.40,59.90,70.00,212
2026-08-25 19:46,1682467288,21.30,59.30,70.83,194
2026-08-25 19:48,1682587288,21.30,59.40,70.83,154
2026-08-25 19:50,1682707288,21.20,60.00,70.83,143
2026-08-25 19:52,1682827288,21.10,59.40,70.83,143
2026-08-25 19:54,1682947288,21.10,59.90,70.00,192
2026-08-25 19:56,1683067288,20.90,60.40,70.83,113
2026-08-25 19:58,1683187288,20.90,60.50,70.83,196
2026-08-25 20:00,1683307288,20.90,60.70,70.83,144
2026-08-25 20:02,1683427288,20.80,60.90,70.83,155
2026-08-25 20:04,1683547288,20.70,60.70,70.00,148
2026-08-25 20:06,1683667288,20.70,61.50,70.83,200
2026-08-25 20:08,1683787288,20.70,62.50,70.00,148
2026-08-25 20:10,1683907288,20.60,62.50,70.83,166
2026-08-25 20:12,1684027288,20.60,63.30,70.83,128
2026-08-25 20:14,1684147288,20.40,63.50,70.00,163
2026-08-25 20:16,1684267288,20.40,64.30,70.83,178
2026-08-25 20:18,1684387288,20.30,63.70,70.00,151
2026-08-25 20:20,1684507288,20.20,63.70,70.83,140
2026-08-25 20:22,1684627288,20.20,64.00,70.83,161
2026-08-25 20:24,1684747288,20.10,64.50,70.83,136
2026-08-25 20:26,1684867288,20.10,64.50,70.00,166
2026-08-25 20:28,1684987288,20.00,64.90,70.83,158
2026-08-25 20:30,1685107288,20.00,64.90,70.00,160
2026-08-25 20:32,1685227288,19.90,64.40,70.83,144
2026-08-25 20:34,1685347288,19.90,64.60,70.83,159
2026-08-25 20:36,1685467288,19.80,64.10,70.83,150
2026-08-25 20:38,1685587288,19.70,64.40,70.83,130
2026-08-25 20:40,1685707288,19.60,64.40,70.83,119
2026-08-25 20:42,1685827288,19.60,64.20,70.00,144
2026-08-25 20:44,1685947288,19.50,64.40,70.83,140
2026-08-25 20:46,1686067288,19.50,63.90,70.00,136
2026-08-25 20:48,1686187288,19.50,63.90,70.00,186
2026-08-25 20:50,1686307288,19.40,64.40,70.83,136
2026-08-25 20:52,1686427288,19.40,64.90,70.83,164
2026-08-25 20:54,1686547288,19.30,65.10,70.83,163
2026-08-25 20:56,1686667288,19.30,65.30,70.83,176
2026-08-25 20:58,1686787288,19.20,66.00,70.83,127
2026-08-25 21:00,1686907288,19.20,65.20,70.00,161
2026-08-25 21:02,1687027288,19.10,64.80,70.83,147
2026-08-25 21:04,1687147288,19.20,65.40,70.83,128
2026-08-25 21:06,1687267288,19.00,65.10,70.00,147
2026-08-25 21:08,1687387288,19.10,65.80,70.83,137
2026-08-25 21:10,1687507288,19.10,66.10,70.83,154
2026-08-25 21:12,1687627288,19.00,66.40,70.83,145
2026-08-25 21:14,1687747288,18.90,66.70,70.83,121
2026-08-25 21:16,1687867288,18.90,67.10,70.83,193
2026-08-25 21:18,1687987288,18.90,66.30,70.00,136
2026-08-25 21:20,1688107288,18.90,66.70,70.00,138
2026-08-25 21:22,1688227288,18.80,66.70,70.83,135
2026-08-25 21:24,1688347288,18.80,67.30,70.00,166
2026-08-25 21:26,1688467288,18.70,66.80,70.83,211
2026-08-25 21:28,1688587288,18.70,67.20,70.00,150
2026-08-25 21:30,1688707288,18.60,67.00,70.83,148
2026-08-25 21:32,1688827288,18.60,67.40,70.83,157
2026-08-25 21:34,1688947288,18.60,67.30,70.83,122
2026-08-25 21:36,1689067288,18.60,67.80,70.00,176
2026-08-25 21:38,1689187288,18.50,68.00,70.83,167
2026-08-25 21:40,1689307288,18.40,68.10,70.83,173
2026-08-25 21:42,1689427288,18.30,67.90,70.83,161
2026-08-25 21:44,1689547288,18.30,68.10,70.83,211
2026-08-25 21:46,1689667288,18.30,67.90,70.83,148
2026-08-25 21:48,1689787288,18.30,68.10,70.00,131
2026-08-25 21:50,1689907288,18.30,68.10,70.83,163
2026-08-25 21:52,1690027288,18.20,68.30,70.00,152
2026-08-25 21:54,1690147288,18.10,68.40,70.83,174
2026-08-25 21:56,1690267288,18.20,68.50,70.83,135
2026-08-25 21:58,1690387288,18.00,68.10,70.83,142
2026-08-25 22:00,1690507288,18.10,68.10,70.83,133
2026-08-25 22:02,1690627288,18.00,68.60,70.83,184
2026-08-25 22:04,1690747288,18.00,67.80,70.83,126
2026-08-25 22:06,1690867288,17.90,68.20,70.83,156
2026-08-25 22:08,1690987288,17.90,68.10,70.83,133
2026-08-25 22:10,1691107288,17.90,68.50,70.83,125
2026-08-25 22:12,1691227288,17.80,68.60,70.83,145
2026-08-25 22:14,1691347288,17.90,68.70,70.00,142
2026-08-25 22:16,1691467288,17.80,68.60,70.00,149
2026-08-25 22:18,1691587288,17.90,69.60,70.83,140
2026-08-25 22:20,1691707288,17.80,68.90,70.83,131
2026-08-25 22:22,1691827288,17.70,68.60,70.83,165
2026-08-25 22:24,1691947288,17.70,68.40,70.83,150
2026-08-25 22:26,1692067288,17.80,67.90,70.00,124
2026-08-25 22:28,1692187288,17.80,68.20,70.00,165
2026-08-25 22:30,1692307288,17.70,67.90,70.83,155
2026-08-25 22:32,1692427288,17.60,68.00,70.83,116
2026-08-25 22:34,1692547288,17.60,68.90,70.83,148
2026-08-25 22:36,1692667288,17.70,69.00,70.83,181
2026-08-25 22:38,1692787288,17.60,68.40,70.83,138
2026-08-25 22:40,1692907288,17.60,68.60,70.00,144
2026-08-25 22:42,1693027288,17.70,68.20,70.83,139
2026-08-25 22:44,1693147288,17.60,68.70,70.83,155
2026-08-25 22:46,1693267288,17.70,68.10,70.83,138
2026-08-25 22:48,1693387288,17.60,67.40,70.00,144
2026-08-25 22:50,1693507288,17.50,67.30,70.83,157
2026-08-25 22:52,1693627288,17.50,68.20,70.83,127
2026-08-25 22:54,1693747288,17.50,68.90,70.83,164
2026-08-25 22:56,1693867288,17.60,69.50,70.83,127
2026-08-25 22:58,1693987288,17.50,69.40,70.83,126
2026-08-25 23:00,1694107288,17.50,68.50,70.83,154
2026-08-25 23:02,1694227288,17.50,68.80,70.83,147
2026-08-25 23:04,1694347288,17.50,69.50,70.83,154
2026-08-25 23:06,1694467288,17.50,68.70,70.83,148
2026-08-25 23:08,1694587288,17.50,68.70,70.83,144
2026-08-25 23:10,1694707288,17.30,68.80,70.83,141
2026-08-25 23:12,1694827288,17.40,68.50,70.83,181
2026-08-25 23:14,1694947288,17.30,68.70,71.67,197
2026-08-25 23:16,1695067288,17.30,69.70,70.83,100
2026-08-25 23:18,1695187288,17.30,68.90,70.83,137
2026-08-25 23:20,1695307288,17.20,69.00,70.83,152
2026-08-25 23:22,1695427288,17.10,69.60,70.83,165
2026-08-25 23:24,1695547288,17.10,69.70,70.83,133
2026-08-25 23:26,1695667288,17.00,69.60,70.83,161
2026-08-25 23:28,1695787288,16.90,69.80,70.83,158
2026-08-25 23:30,1695907288,16.90,69.60,70.83,171
2026-08-25 23:32,1696027288,16.90,69.70,70.83,106
2026-08-25 23:34,1696147288,16.80,70.60,70.83,149
2026-08-25 23:36,1696267288,16.80,70.20,70.83,169
2026-08-25 23:38,1696387288,16.70,70.30,70.83,124
2026-08-25 23:40,1696507288,16.70,70.10,70.83,177
2026-08-25 23:42,1696627288,16.70,70.40,71.67,164
2026-08-25 23:44,1696747288,16.70,70.40,70.83,144
2026-08-25 23:46,1696867288,16.70,71.50,70.83,150
2026-08-25 23:48,1696987288,16.50,70.30,70.83,179
2026-08-25 23:50,1697107288,16.60,69.70,70.83,155
2026-08-25 23:52,1697227288,16.60,69.70,70.83,140
2026-08-25 23:54,1697347288,16.50,69.70,70.83,134
2026-08-25 23:56,1697467288,16.50,69.80,71.67,158
2026-08-25 23:58,1697587288,16.50,70.30,70.83,146
2026-08-26 00:00,1697707288,16.40,71.00,71.67,151
2026-08-26 00:02,1697827288,16.40,70.50,70.83,144
2026-08-26 00:04,1697947288,16.40,71.00,70.83,125
2026-08-26 00:06,1698067288,16.40,70.50,70.83,141
2026-08-26 00:08,1698187288,16.30,71.10,70.83,164
2026-08-26 00:10,1698307288,16.30,70.90,70.83,124
2026-08-26 00:12,1698427288,16.30,70.00,70.83,128
2026-08-26 00:14,1698547288,16.20,70.20,24.17,141
2026-08-26 00:16,1698667288,16.20,70.20,24.17,130
2026-08-26 00:18,1698787288,16.10,70.60,24.17,137
2026-08-26 00:20,1698907288,16.20,71.00,24.17,159
2026-08-26 00:22,1699027288,16.20,71.00,24.17,170
2026-08-26 00:24,1699147288,16.20,70.80,24.17,176
2026-08-26 00:26,1699267288,16.10,71.60,24.17,140
2026-08-26 00:28,1699387288,16.10,71.40,24.17,156
2026-08-26 00:30,1699507288,16.10,71.80,24.17,141
2026-08-26 00:32,1699627288,16.00,71.40,24.17,144
2026-08-26 00:34,1699747288,16.00,72.10,24.17,141
2026-08-26 00:36,1699867288,16.00,72.00,24.17,163
2026-08-26 00:38,1699987288,15.90,72.60,24.17,193
2026-08-26 00:40,1700107288,15.90,72.40,24.17,133
2026-08-26 00:42,1700227288,16.00,72.60,24.17,151
2026-08-26 00:44,1700347288,16.00,71.90,24.17,121
2026-08-26 00:46,1700467288,16.00,72.10,24.17,139
2026-08-26 00:48,1700587288,16.00,72.70,24.17,128
2026-08-26 00:50,1700707288,16.00,72.70,24.17,155
2026-08-26 00:52,1700827288,16.00,72.50,24.17,191
2026-08-26 00:54,1700947288,16.00,72.40,24.17,158
2026-08-26 00:56,1701067288,16.00,72.70,24.17,131
2026-08-26 00:58,1701187288,16.00,71.90,24.17,151
2026-08-26 01:00,1701307288,16.00,71.40,24.17,142
2026-08-26 01:02,1701427288,16.00,71.70,24.17,136
2026-08-26 01:04,1701547288,16.00,71.70,24.17,174
2026-08-26 01:06,1701667288,16.00,71.80,24.17,143
2026-08-26 01:08,1701787288,15.90,71.60,24.17,128
2026-08-26 01:10,1701907288,16.00,72.10,24.17,176
2026-08-26 01:12,1702027288,16.00,71.40,24.17,128
2026-08-26 01:14,1702147288,15.90,71.50,24.17,150
2026-08-26 01:16,1702267288,15.90,71.70,24.17,142
2026-08-26 01:18,1702387288,16.00,71.70,24.17,125
2026-08-26 01:20,1702507288,16.00,71.60,24.17,157
2026-08-26 01:22,1702627288,16.00,71.60,24.17,123
2026-08-26 01:24,1702747288,16.00,71.60,24.17,148
2026-08-26 01:26,1702867288,16.00,71.50,24.17,126
2026-08-26 01:28,1702987288,16.00,71.50,24.17,143
2026-08-26 01:30,1703107288,16.00,71.80,24.17,170
2026-08-26 01:32,1703227288,15.90,72.00,24.17,163
2026-08-26 01:34,1703347288,15.80,72.40,24.17,149
2026-08-26 01:36,1703467288,15.80,72.40,24.17,185
2026-08-26 01:38,1703587288,15.90,72.60,24.17,152
2026-08-26 01:40,1703707288,15.70,73.10,24.17,178
2026-08-26 01:42,1703827288,15.90,73.10,24.17,157
2026-08-26 01:44,1703947288,15.80,73.10,24.17,154
2026-08-26 01:46,1704067288,15.80,73.40,24.17,147
2026-08-26 01:48,1704187288,15.80,74.10,24.17,129
2026-08-26 01:50,1704307288,15.80,73.60,24.17,143
2026-08-26 01:52,1704427288,15.70,72.90,24.17,148
2026-08-26 01:54,1704547288,15.70,74.00,24.17,169
2026-08-26 01:56,1704667288,15.60,73.40,24.17,142
2026-08-26 01:58,1704787288,15.70,73.00,24.17,142
2026-08-26 02:00,1704907288,15.70,72.70,24.17,137
2026-08-26 02:02,1705027288,15.60,72.80,24.17,131
2026-08-26 02:04,1705147288,15.60,73.60,24.17,142
2026-08-26 02:06,1705267288,15.50,73.30,24.17,146
2026-08-26 02:08,1705387288,15.50,73.60,24.17,162
2026-08-26 02:10,1705507288,15.60,73.40,24.17,151
2026-08-26 02:12,1705627288,15.60,74.70,24.17,140
2026-08-26 02:14,1705747288,15.60,73.70,24.17,138
2026-08-26 02:16,1705867288,15.50,73.00,24.17,177
2026-08-26 02:18,1705987288,15.50,72.80,24.17,122
2026-08-26 02:20,1706107288,15.40,73.00,24.17,119
2026-08-26 02:22,1706227288,15.50,72.80,24.17,167
2026-08-26 02:24,1706347288,15.40,72.80,24.17,145
2026-08-26 02:26,1706467288,15.40,72.80,24.17,151
2026-08-26 02:28,1706587288,15.30,73.40,24.17,155
2026-08-26 02:30,1706707288,15.50,72.70,24.17,161
2026-08-26 02:32,1706827288,15.50,72.80,24.17,207
2026-08-26 02:34,1706947288,15.50,72.70,24.17,164
2026-08-26 02:36,1707067288,15.40,72.60,24.17,157
2026-08-26 02:38,1707187288,15.40,72.40,24.17,190
2026-08-26 02:40,1707307288,15.50,72.90,24.17,137
2026-08-26 02:42,1707427288,15.50,73.00,24.17,152
2026-08-26 02:44,1707547288,15.50,73.00,24.17,152
2026-08-26 02:46,1707667288,15.50,72.90,24.17,150
2026-08-26 02:48,1707787288,15.50,73.10,24.17,137
2026-08-26 02:50,1707907288,15.50,72.60,24.17,159
2026-08-26 02:52,1708027288,15.60,74.00,24.17,172
2026-08-26 02:54,1708147288,15.50,73.40,24.17,151
2026-08-26 02:56,1708267288,15.70,73.50,24.17,148
2026-08-26 02:58,1708387288,15.60,73.10,24.17,159
2026-08-26 03:00,1708507288,15.60,74.00,24.17,139
2026-08-26 03:02,1708627288,15.50,73.00,24.17,154
2026-08-26 03:04,1708747288,15.60,73.00,24.17,126
2026-08-26 03:06,1708867288,15.40,73.70,24.17,148
2026-08-26 03:08,1708987288,15.50,73.90,24.17,154
2026-08-26 03:10,1709107288,15.40,73.70,24.17,162
2026-08-26 03:12,1709227288,15.30,73.30,24.17,136
2026-08-26 03:14,1709347288,15.30,73.60,24.17,137
2026-08-26 03:16,1709467288,15.30,73.80,24.17,132
2026-08-26 03:18,1709587288,15.30,74.20,24.17,133
2026-08-26 03:20,1709707288,15.30,74.70,24.17,145
2026-08-26 03:22,1709827288,15.20,74.40,24.17,135
2026-08-26 03:24,1709947288,15.20,74.30,24.17,123
2026-08-26 03:26,1710067288,15.20,73.50,24.17,123
2026-08-26 03:28,1710187288,15.10,74.40,24.17,142
2026-08-26 03:30,1710307288,15.10,74.60,24.17,171
2026-08-26 03:32,1710427288,15.10,75.20,24.17,145
2026-08-26 03:34,1710547288,15.10,74.80,75.00,142
2026-08-26 03:36,1710667288,15.10,74.40,73.33,166
2026-08-26 03:38,1710787288,15.10,74.30,73.33,157
2026-08-26 03:40,1710907288,15.10,74.50,73.33,128
2026-08-26 03:42,1711027288,15.10,74.70,72.50,146
2026-08-26 03:44,1711147288,15.00,74.80,72.50,144
2026-08-26 03:46,1711267288,15.10,75.30,72.50,137
2026-08-26 03:48,1711387288,15.00,75.20,71.67,142
2026-08-26 03:50,1711507288,15.00,75.10,71.67,210
2026-08-26 03:52,1711627288,15.00,74.50,70.83,192
2026-08-26 03:54,1711747288,14.90,74.10,70.83,138
2026-08-26 03:56,1711867288,14.90,74.70,71.67,160
2026-08-26 03:58,1711987288,14.90,75.10,71.67,178
2026-08-26 04:00,1712107288,14.80,74.90,70.83,155
2026-08-26 04:02,1712227288,14.90,74.80,71.67,161
2026-08-26 04:04,1712347288,14.80,74.90,70.83,149
2026-08-26 04:06,1712467288,14.80,75.90,71.67,131
2026-08-26 04:08,1712587288,14.80,76.30,70.83,170
2026-08-26 04:10,1712707288,14.80,75.60,70.83,142
2026-08-26 04:12,1712827288,14.80,76.10,70.83,119
2026-08-26 04:14,1712947288,14.80,75.50,71.67,131
2026-08-26 04:16,1713067288,14.80,75.20,70.83,161
2026-08-26 04:18,1713187288,14.70,75.10,71.67,138
2026-08-26 04:20,1713307288,14.70,75.30,70.83,137
2026-08-26 04:22,1713427288,14.70,75.50,71.67,146
2026-08-26 04:24,1713547288,14.70,75.50,70.83,149
2026-08-26 04:26,1713667288,14.80,76.20,70.00,133
2026-08-26 04:28,1713787288,14.60,76.30,70.83,186
2026-08-26 04:30,1713907288,14.70,75.60,70.83,138
2026-08-26 04:32,1714027288,14.70,75.90,71.67,140
2026-08-26 04:34,1714147288,14.60,76.20,70.83,95
2026-08-26 04:36,1714267288,14.60,75.30,70.83,168
2026-08-26 04:38,1714387288,14.70,75.10,71.67,139
2026-08-26 04:40,1714507288,14.60,75.10,70.83,140
2026-08-26 04:42,1714627288,14.60,75.80,70.83,164
2026-08-26 04:44,1714747288,14.60,75.90,70.83,139
2026-08-26 04:46,1714867288,14.50,76.10,70.83,168
2026-08-26 04:48,1714987288,14.60,75.60,70.83,133
2026-08-26 04:50,1715107288,14.60,75.70,70.83,136
2026-08-26 04:52,1715227288,14.60,76.40,71.67,155
2026-08-26 04:54,1715347288,14.50,76.00,70.83,142
2026-08-26 04:56,1715467288,14.50,75.80,70.83,123
2026-08-26 04:58,1715587288,14.50,75.90,70.83,137
2026-08-26 05:00,1715707288,14.50,76.10,71.67,133
2026-08-26 05:02,1715827288,14.50,75.90,70.83,135
2026-08-26 05:04,1715947288,14.50,75.30,70.83,169
2026-08-26 05:06,1716067288,14.40,74.90,70.83,135
2026-08-26 05:08,1716187288,14.50,75.50,70.83,131
2026-08-26 05:10,1716307288,14.50,75.30,71.67,117
2026-08-26 05:12,1716427288,14.40,75.30,70.83,152
2026-08-26 05:14,1716547288,14.50,75.40,70.83,151
2026-08-26 05:16,1716667288,14.50,75.10,70.83,142
2026-08-26 05:18,1716787288,14.50,75.50,70.83,118
2026-08-26 05:20,1716907288,14.50,75.30,70.83,145
2026-08-26 05:22,1717027288,14.50,75.40,70.83,130
2026-08-26 05:24,1717147288,14.50,75.20,70.83,148
2026-08-26 05:26,1717267288,14.50,75.40,70.83,138
2026-08-26 05:28,1717387288,14.50,75.80,70.83,121
2026-08-26 05:30,1717507288,14.40,76.60,70.83,179
2026-08-26 05:32,1717627288,14.50,77.10,70.83,130
2026-08-26 05:34,1717747288,14.40,75.50,70.83,141
2026-08-26 05:36,1717867288,14.50,75.90,70.00,142
2026-08-26 05:38,1717987288,14.40,76.00,70.83,151
2026-08-26 05:40,1718107288,14.50,77.10,70.00,142
2026-08-26 05:42,1718227288,14.50,75.90,70.00,126
2026-08-26 05:44,1718347288,14.40,75.90,70.83,146
2026-08-26 05:46,1718467288,14.40,75.70,70.83,136
2026-08-26 05:48,1718587288,14.50,76.10,70.83,154
2026-08-26 05:50,1718707288,14.40,76.70,70.83,146
2026-08-26 05:52,1718827288,14.40,76.10,70.00,174
2026-08-26 05:54,1718947288,14.50,76.10,70.83,144
2026-08-26 05:56,1719067288,14.50,75.80,70.00,163
2026-08-26 05:58,1719187288,14.40,76.10,70.83,133
2026-08-26 06:00,1719307288,14.50,77.00,70.00,141
2026-08-26 06:02,1719427288,14.50,76.50,70.83,126
2026-08-26 06:04,1719547288,14.50,77.90,70.83,127
2026-08-26 06:06,1719667288,14.40,77.70,70.00,117
2026-08-26 06:08,1719787288,14.50,77.10,70.00,154
2026-08-26 06:10,1719907288,14.40,76.60,70.83,124
2026-08-26 06:12,1720027288,14.40,77.00,70.83,152
2026-08-26 06:14,1720147288,14.40,77.00,70.00,157
2026-08-26 06:16,1720267288,14.40,77.10,70.83,174
2026-08-26 06:18,1720387288,14.40,77.40,70.83,137
2026-08-26 06:20,1720507288,14.50,77.20,70.83,153
2026-08-26 06:22,1720627288,14.30,77.50,70.83,151
2026-08-26 06:24,1720747288,14.30,77.30,70.83,136
2026-08-26 06:26,1720867288,14.50,77.50,70.83,137
2026-08-26 06:28,1720987288,14.40,77.10,70.83,140
2026-08-26 06:30,1721107288,14.30,76.30,70.83,148
2026-08-26 06:32,1721227288,14.20,76.50,70.00,165
2026-08-26 06:34,1721347288,14.20,76.60,70.83,143
2026-08-26 06:36,1721467288,14.20,77.60,70.00,146
2026-08-26 06:38,1721587288,14.10,76.70,70.83,103
2026-08-26 06:40,1721707288,14.10,77.10,70.83,145
2026-08-26 06:42,1721827288,14.10,77.20,70.83,144
2026-08-26 06:44,1721947288,14.10,77.30,70.83,154
2026-08-26 06:46,1722067288,14.20,77.20,71.67,121
2026-08-26 06:48,1722187288,14.10,77.40,70.83,129
2026-08-26 06:50,1722307288,14.20,77.20,70.83,114
2026-08-26 06:52,1722427288,14.20,77.80,71.67,123
2026-08-26 06:54,1722547288,14.20,77.70,72.50,135
2026-08-26 06:56,1722667288,14.10,77.60,71.67,133
2026-08-26 06:58,1722787288,14.10,77.50,72.50,107
2026-08-26 07:00,1722907288,14.20,77.50,72.50,139
2026-08-26 07:02,1723027288,14.20,77.40,73.33,209
2026-08-26 07:04,1723147288,14.20,77.60,74.17,124
2026-08-26 07:06,1723267288,14.10,76.60,75.83,119
2026-08-26 07:08,1723387288,14.30,76.90,75.83,139
2026-08-26 07:10,1723507288,14.20,77.20,77.50,146
2026-08-26 07:12,1723627288,14.20,77.40,78.33,172
2026-08-26 07:14,1723747288,14.20,77.00,78.33,230
2026-08-26 07:16,1723867288,14.10,77.30,79.17,174
2026-08-26 07:18,1723987288,14.10,77.00,80.83,147
2026-08-26 07:20,1724107288,14.20,77.10,80.83,153
2026-08-26 07:22,1724227288,14.20,77.20,80.83,131
2026-08-26 07:24,1724347288,14.20,76.80,81.67,160
2026-08-26 07:26,1724467288,14.20,76.80,82.50,120
2026-08-26 07:28,1724587288,14.30,76.50,84.17,144
2026-08-26 07:30,1724707288,14.30,76.80,85.83,155
2026-08-26 07:32,1724827288,14.20,76.80,85.83,133
2026-08-26 07:34,1724947288,14.30,76.80,86.67,149
2026-08-26 07:36,1725067288,14.20,77.00,89.17,187
2026-08-26 07:38,1725187288,14.40,77.00,91.67,129
2026-08-26 07:40,1725307288,14.30,78.00,93.33,140
2026-08-26 07:42,1725427288,14.40,77.70,95.00,128
2026-08-26 07:44,1725547288,14.50,78.10,96.67,120
2026-08-26 07:46,1725667288,14.50,78.40,99.17,117
2026-08-26 07:48,1725787288,14.50,78.50,100.00,122
2026-08-26 07:50,1725907288,14.50,78.70,99.17,139
2026-08-26 07:52,1726027288,14.50,78.20,99.17,148
2026-08-26 07:54,1726147288,14.50,78.40,98.33,136
2026-08-26 07:56,1726267288,14.60,78.10,98.33,138
2026-08-26 07:58,1726387288,14.70,78.10,96.67,133
2026-08-26 08:00,1726507288,14.60,78.10,96.67,149
2026-08-26 08:02,1726627288,14.80,78.10,52.50,148
2026-08-26 08:04,1726747288,14.80,79.20,53.33,138
2026-08-26 08:06,1726867288,14.90,79.10,54.17,148
2026-08-26 08:08,1726987288,14.90,78.80,51.67,144
2026-08-26 08:10,1727107288,15.00,78.90,54.17,161
2026-08-26 08:12,1727227288,15.10,79.60,55.00,150
2026-08-26 08:14,1727347288,15.00,79.80,55.83,131
2026-08-26 08:16,1727467288,15.20,78.90,58.33,139
2026-08-26 08:18,1727587288,15.20,79.00,56.67,151
2026-08-26 08:20,1727707288,15.30,79.00,60.00,143
2026-08-26 08:22,1727827288,15.40,79.70,61.67,118
2026-08-26 08:24,1727947288,15.50,78.80,60.83,133
2026-08-26 08:26,1728067288,15.50,78.60,63.33,138
2026-08-26 08:28,1728187288,15.70,78.70,66.67,196
2026-08-26 08:30,1728307288,15.70,78.60,69.17,144
2026-08-26 08:32,1728427288,15.80,78.40,72.50,153
2026-08-26 08:34,1728547288,15.90,79.30,73.33,178
2026-08-26 08:36,1728667288,16.10,79.00,80.00,150
2026-08-26 08:38,1728787288,16.10,79.00,61.67,123
2026-08-26 08:40,1728907288,16.10,79.20,76.67,150
2026-08-26 08:42,1729027288,16.30,78.70,80.83,148
2026-08-26 08:44,1729147288,16.30,79.20,83.33,158
2026-08-26 08:46,1729267288,16.40,79.00,88.33,125
2026-08-26 08:48,1729387288,16.40,79.00,90.00,195
2026-08-26 08:50,1729507288,16.60,78.90,95.83,153
2026-08-26 08:52,1729627288,16.60,78.90,106.67,151
2026-08-26 08:54,1729747288,16.80,79.10,85.83,160
2026-08-26 08:56,1729867288,16.80,78.90,96.67,155
2026-08-26 08:58,1729987288,17.00,78.70,99.17,154
2026-08-26 09:00,1730107288,17.20,78.90,132.50,143
2026-08-26 09:02,1730227288,17.40,78.70,141.67,153
2026-08-26 09:04,1730347288,17.50,78.70,145.83,177
2026-08-26 09:06,1730467288,17.70,78.60,145.83,141
2026-08-26 09:08,1730587288,17.90,78.60,160.00,164
2026-08-26 09:10,1730707288,18.00,78.60,170.00,149
2026-08-26 09:12,1730827288,18.20,78.30,175.83,160
2026-08-26 09:14,1730947288,18.40,78.10,177.50,172
2026-08-26 09:16,1731067288,18.60,78.00,187.50,152
2026-08-26 09:18,1731187288,18.80,77.50,198.33,165
2026-08-26 09:20,1731307288,19.00,77.10,210.00,130
2026-08-26 09:22,1731427288,19.20,76.70,220.00,148
2026-08-26 09:24,1731547288,19.40,75.90,192.50,135
2026-08-26 09:26,1731667288,19.70,76.00,148.33,171
2026-08-26 09:28,1731787288,19.80,75.10,124.17,224
2026-08-26 09:30,1731907288,20.00,74.70,118.33,181
2026-08-26 09:32,1732027288,20.00,74.70,106.67,148
2026-08-26 09:34,1732147288,20.20,76.00,98.33,180
2026-08-26 09:36,1732267288,20.20,76.80,99.17,148
2026-08-26 09:38,1732387288,20.30,75.30,104.17,187
2026-08-26 09:40,1732507288,20.40,75.00,110.00,166
2026-08-26 09:42,1732627288,20.60,74.30,111.67,176
2026-08-26 09:44,1732747288,20.70,74.60,100.83,198
2026-08-26 09:46,1732867288,20.70,74.70,85.83,167
2026-08-26 09:48,1732987288,20.90,74.50,79.17,152
2026-08-26 09:50,1733107288,20.90,74.00,78.33,152
2026-08-26 09:52,1733227288,21.00,73.50,78.33,185
2026-08-26 09:54,1733347288,21.10,74.10,79.17,154
2026-08-26 09:56,1733467288,21.20,73.90,82.50,186
2026-08-26 09:58,1733587288,21.20,73.20,85.83,158
2026-08-26 10:00,1733707288,21.30,73.30,88.33,171
2026-08-26 10:02,1733827288,21.40,73.00,92.50,199
2026-08-26 10:04,1733947288,21.50,73.50,94.17,159
2026-08-26 10:06,1734067288,21.50,72.20,95.00,173
2026-08-26 10:08,1734187288,21.50,71.80,98.33,180
2026-08-26 10:10,1734307288,21.60,71.10,103.33,179
2026-08-26 10:12,1734427288,21.70,71.50,108.33,172
2026-08-26 10:14,1734547288,21.70,71.50,114.17,190
2026-08-26 10:16,1734667288,21.70,71.30,123.33,196
2026-08-26 10:18,1734787288,21.80,71.60,127.50,173
2026-08-26 10:20,1734907288,21.90,70.60,132.50,176
2026-08-26 10:22,1735027288,22.00,70.70,147.50,197
2026-08-26 10:24,1735147288,22.10,70.60,180.83,176
2026-08-26 10:26,1735267288,22.00,70.40,253.33,209
2026-08-26 10:28,1735387288,22.20,70.50,334.17,175
2026-08-26 10:30,1735507288,22.40,70.00,311.67,189
2026-08-26 10:32,1735627288,22.50,69.80,175.83,170
2026-08-26 10:34,1735747288,22.70,69.60,293.33,195
2026-08-26 10:36,1735867288,22.80,69.30,217.50,206
2026-08-26 10:38,1735987288,23.10,68.60,233.33,216
2026-08-26 10:40,1736107288,23.30,66.50,236.67,198
2026-08-26 10:42,1736227288,23.40,65.50,186.67,199
2026-08-26 10:44,1736347288,23.50,65.90,204.17,180
2026-08-26 10:46,1736467288,23.60,64.60,182.50,176
2026-08-26 10:48,1736587288,23.60,65.10,184.17,179
2026-08-26 10:50,1736707288,23.60,66.10,169.17,192
2026-08-26 10:52,1736827288,23.70,67.50,162.50,204
2026-08-26 10:54,1736947288,23.80,66.30,220.00,165
2026-08-26 10:56,1737067288,23.80,65.60,203.33,171
2026-08-26 10:58,1737187288,23.80,66.20,163.33,175
2026-08-26 11:00,1737307288,24.00,65.20,300.83,175
2026-08-26 11:02,1737427288,24.20,65.10,304.17,204
2026-08-26 11:04,1737547288,24.30,65.30,303.33,172
2026-08-26 11:06,1737667288,24.50,65.30,304.17,176
2026-08-26 11:08,1737787288,24.60,63.20,299.17,212
2026-08-26 11:10,1737907288,24.70,63.50,297.50,208
2026-08-26 11:12,1738027288,24.90,62.60,311.67,196
2026-08-26 11:14,1738147288,25.00,62.30,309.17,201
2026-08-26 11:16,1738267288,25.20,62.80,291.67,194
2026-08-26 11:18,1738387288,25.50,62.20,304.17,181
2026-08-26 11:20,1738507288,25.60,62.00,301.67,204
2026-08-26 11:22,1738627288,25.70,60.20,310.00,171
2026-08-26 11:24,1738747288,25.90,60.30,305.83,196
2026-08-26 11:26,1738867288,26.10,60.50,324.17,191
2026-08-26 11:28,1738987288,26.30,59.50,316.67,181
2026-08-26 11:30,1739107288,26.40,59.20,316.67,171
2026-08-26 11:32,1739227288,26.60,59.00,307.50,212
2026-08-26 11:34,1739347288,26.70,57.30,310.83,163
2026-08-26 11:36,1739467288,26.70,58.40,320.00,173
2026-08-26 11:38,1739587288,26.80,58.70,317.50,220
2026-08-26 11:40,1739707288,27.00,58.40,315.83,187
2026-08-26 11:42,1739827288,27.10,58.80,321.67,198
2026-08-26 11:44,1739947288,27.20,58.00,332.50,170
2026-08-26 11:46,1740067288,27.40,57.90,316.67,171
2026-08-26 11:48,1740187288,27.60,56.90,335.00,210
2026-08-26 11:50,1740307288,27.70,58.10,327.50,180
2026-08-26 11:52,1740427288,27.80,56.30,331.67,174
2026-08-26 11:54,1740547288,28.00,56.70,319.17,181
2026-08-26 11:56,1740667288,28.00,57.30,323.33,187
2026-08-26 11:58,1740787288,28.10,55.10,341.67,211
2026-08-26 12:00,1740907288,28.30,56.40,325.00,139
2026-08-26 12:02,1741027288,28.30,56.20,325.83,169
2026-08-26 12:04,1741147288,28.40,55.80,338.33,204
2026-08-26 12:06,1741267288,28.60,55.70,343.33,190
2026-08-26 12:08,1741387288,28.70,55.90,344.17,199
2026-08-26 12:10,1741507288,28.80,56.10,354.17,192
2026-08-26 12:12,1741627288,28.90,55.50,349.17,182
2026-08-26 12:14,1741747288,29.00,54.40,345.83,223
2026-08-26 12:16,1741867288,29.10,54.80,345.00,201
2026-08-26 12:18,1741987288,29.30,54.70,350.00,179
2026-08-26 12:20,1742107288,29.40,55.30,339.17,188
2026-08-26 12:22,1742227288,29.50,54.60,360.00,178
2026-08-26 12:24,1742347288,29.50,54.40,355.83,187
2026-08-26 12:26,1742467288,29.70,53.70,337.50,212
2026-08-26 12:28,1742587288,29.80,54.50,316.67,199
2026-08-26 12:30,1742707288,29.90,53.10,350.83,192
2026-08-26 12:32,1742827288,29.90,54.20,374.17,191
2026-08-26 12:34,1742947288,30.00,54.00,358.33,162
2026-08-26 12:36,1743067288,30.20,53.70,364.17,267
2026-08-26 12:38,1743187288,30.10,52.80,366.67,192
2026-08-26 12:40,1743307288,30.30,52.90,361.67,203
2026-08-26 12:42,1743427288,30.20,53.10,360.00,179
2026-08-26 12:44,1743547288,30.30,54.50,363.33,228
2026-08-26 12:46,1743667288,30.40,53.70,380.83,204
2026-08-26 12:48,1743787288,30.50,53.50,347.50,215
2026-08-26 12:50,1743907288,30.60,52.80,360.83,178
2026-08-26 12:52,1744027288,30.60,51.20,294.17,177
2026-08-26 12:54,1744147288,30.70,53.10,250.83,235
2026-08-26 12:56,1744267288,30.70,52.30,240.00,212
2026-08-26 12:58,1744387288,30.60,53.50,244.17,190
2026-08-26 13:00,1744507288,30.60,52.90,245.00,199
2026-08-26 13:02,1744627288,30.50,53.80,221.67,178
2026-08-26 13:04,1744747288,30.50,53.40,251.67,186
2026-08-26 13:06,1744867288,30.50,54.10,308.33,218
2026-08-26 13:08,1744987288,30.50,53.80,332.50,162
2026-08-26 13:10,1745107288,30.50,53.60,275.83,200
2026-08-26 13:12,1745227288,30.50,52.50,318.33,220
2026-08-26 13:14,1745347288,30.50,53.60,347.50,176
2026-08-26 13:16,1745467288,30.50,52.30,384.17,200
2026-08-26 13:18,1745587288,30.50,53.00,370.00,203
2026-08-26 13:20,1745707288,30.60,54.00,375.83,197
2026-08-26 13:22,1745827288,30.70,53.00,371.67,197
2026-08-26 13:24,1745947288,30.70,51.40,300.00,183
2026-08-26 13:26,1746067288,30.80,52.50,267.50,206
2026-08-26 13:28,1746187288,30.80,52.60,248.33,217
2026-08-26 13:30,1746307288,30.70,52.80,198.33,169
2026-08-26 13:32,1746427288,30.70,52.90,219.17,207
2026-08-26 13:34,1746547288,30.70,52.30,241.67,199
2026-08-26 13:36,1746667288,30.60,53.10,144.17,164
2026-08-26 13:38,1746787288,30.50,53.50,286.67,278
2026-08-26 13:40,1746907288,30.50,54.30,266.67,209
2026-08-26 13:42,1747027288,30.40,54.30,232.50,193
2026-08-26 13:44,1747147288,30.50,54.80,339.17,181
2026-08-26 13:46,1747267288,30.60,53.70,349.17,181
2026-08-26 13:48,1747387288,30.70,54.50,345.83,208
2026-08-26 13:50,1747507288,30.60,53.90,334.17,172
2026-08-26 13:52,1747627288,30.60,53.20,313.33,199
2026-08-26 13:54,1747747288,30.70,53.20,313.33,213
2026-08-26 13:56,1747867288,30.80,52.90,351.67,194
2026-08-26 13:58,1747987288,30.90,53.00,360.00,251
2026-08-26 14:00,1748107288,31.00,54.10,335.83,173
2026-08-26 14:02,1748227288,31.00,53.20,187.50,175
2026-08-26 14:04,1748347288,31.10,53.40,235.00,191
2026-08-26 14:06,1748467288,31.00,52.90,189.17,276
2026-08-26 14:08,1748587288,31.00,52.40,182.50,222
2026-08-26 14:10,1748707288,31.00,53.00,314.17,201
2026-08-26 14:12,1748827288,30.90,53.30,317.50,200
2026-08-26 14:14,1748947288,30.90,53.80,323.33,265
2026-08-26 14:16,1749067288,31.00,54.20,352.50,206
2026-08-26 14:18,1749187288,31.10,53.40,366.67,202
2026-08-26 14:20,1749307288,31.30,53.50,360.00,195
2026-08-26 14:22,1749427288,31.40,53.10,340.83,186
2026-08-26 14:24,1749547288,31.40,53.00,352.50,144
2026-08-26 14:26,1749667288,31.50,53.40,355.83,189
2026-08-26 14:28,1749787288,31.50,53.90,355.83,196
2026-08-26 14:30,1749907288,31.60,53.60,346.67,182
2026-08-26 14:32,1750027288,31.60,51.50,312.50,217
2026-08-26 14:34,1750147288,31.60,53.30,300.00,250
2026-08-26 14:36,1750267288,31.70,53.10,312.50,186
2026-08-26 14:38,1750387288,31.60,53.00,232.50,193
2026-08-26 14:40,1750507288,31.50,53.10,264.17,185
2026-08-26 14:42,1750627288,31.50,53.40,291.67,214
2026-08-26 14:44,1750747288,31.50,53.40,292.50,173
2026-08-26 14:46,1750867288,31.60,53.70,210.83,205
2026-08-26 14:48,1750987288,31.70,53.10,266.67,190
2026-08-26 14:50,1751107288,31.60,53.30,346.67,152
2026-08-26 14:52,1751227288,31.60,53.10,335.83,213
2026-08-26 14:54,1751347288,31.70,52.10,335.00,219
2026-08-26 14:56,1751467288,31.70,52.60,320.00,202
2026-08-26 14:58,1751587288,31.70,53.10,242.50,204
2026-08-26 15:00,1751707288,31.70,53.40,255.83,179
2026-08-26 15:02,1751827288,31.70,52.90,234.17,238
2026-08-26 15:04,1751947288,31.60,52.70,235.00,157
2026-08-26 15:06,1752067288,31.60,52.50,258.33,194
2026-08-26 15:08,1752187288,31.70,53.40,266.67,278
2026-08-26 15:10,1752307288,31.70,52.40,265.00,182
2026-08-26 15:12,1752427288,31.70,53.20,240.83,181
2026-08-26 15:14,1752547288,31.60,52.80,250.00,180
2026-08-26 15:16,1752667288,31.60,52.90,240.00,208
2026-08-26 15:18,1752787288,31.60,52.20,239.17,190
2026-08-26 15:20,1752907288,31.50,52.60,220.00,200
2026-08-26 15:22,1753027288,31.50,52.10,210.00,214
2026-08-26 15:24,1753147288,31.40,53.60,228.33,172
2026-08-26 15:26,1753267288,31.40,52.80,258.33,175
2026-08-26 15:28,1753387288,31.40,52.90,293.33,196
2026-08-26 15:30,1753507288,31.40,52.60,300.00,234
2026-08-26 15:32,1753627288,31.50,52.80,288.33,194
2026-08-26 15:34,1753747288,31.40,52.70,277.50,211
2026-08-26 15:36,1753867288,31.50,53.60,280.83,170
2026-08-26 15:38,1753987288,31.50,53.20,280.00,201
2026-08-26 15:40,1754107288,31.60,53.90,278.33,264
2026-08-26 15:42,1754227288,31.60,53.00,280.00,184
2026-08-26 15:44,1754347288,31.60,53.00,275.83,201
2026-08-26 15:46,1754467288,31.70,53.10,256.67,177
2026-08-26 15:48,1754587288,31.70,52.60,250.83,182
2026-08-26 15:50,1754707288,31.70,54.00,252.50,178
2026-08-26 15:52,1754827288,31.80,52.90,245.83,144
2026-08-26 15:54,1754947288,31.80,53.00,247.50,192
2026-08-26 15:56,1755067288,31.70,53.10,240.83,192
2026-08-26 15:58,1755187288,31.80,53.10,243.33,209
2026-08-26 16:00,1755307288,31.70,53.90,251.67,194
2026-08-26 16:02,1755427288,31.80,53.40,245.83,184
2026-08-26 16:04,1755547288,31.80,53.50,233.33,206
2026-08-26 16:06,1755667288,31.90,54.00,229.17,184
2026-08-26 16:08,1755787288,31.80,53.90,237.50,174
2026-08-26 16:10,1755907288,31.80,53.80,227.50,187
2026-08-26 16:12,1756027288,31.70,54.00,217.50,178
2026-08-26 16:14,1756147288,31.70,53.20,214.17,186
2026-08-26 16:16,1756267288,31.70,54.20,216.67,160
2026-08-26 16:18,1756387288,31.80,54.20,223.33,209
2026-08-26 16:20,1756507288,31.70,54.30,220.83,180
2026-08-26 16:22,1756627288,31.70,54.00,216.67,208
2026-08-26 16:24,1756747288,31.70,54.10,207.50,178
2026-08-26 16:26,1756867288,31.80,53.60,206.67,203
2026-08-26 16:28,1756987288,31.80,53.80,205.83,230
2026-08-26 16:30,1757107288,31.70,54.40,195.00,190
2026-08-26 16:32,1757227288,31.60,54.50,195.00,195
2026-08-26 16:34,1757347288,31.70,54.00,190.83,222
2026-08-26 16:36,1757467288,31.70,53.70,193.33,209
2026-08-26 16:38,1757587288,31.50,54.10,190.83,229
2026-08-26 16:40,1757707288,31.50,54.10,190.83,229
2026-08-26 16:42,1757827288,31.40,55.00,187.50,193
2026-08-26 16:44,1757947288,31.50,54.80,183.33,209
2026-08-26 16:46,1758067288,31.30,54.90,190.83,209
2026-08-26 16:48,1758187288,31.30,54.80,180.83,225
2026-08-26 16:50,1758307288,31.30,55.40,175.83,250
2026-08-26 16:52,1758427288,31.20,55.40,160.00,195
2026-08-26 16:54,1758547288,31.20,55.80,138.33,194
2026-08-26 16:56,1758667288,31.10,54.90,127.50,188
2026-08-26 16:58,1758787288,31.20,55.60,61.67,199
2026-08-26 17:00,1758907288,31.00,55.40,127.50,215
2026-08-26 17:02,1759027288,30.90,56.30,114.17,186
2026-08-26 17:04,1759147288,30.90,56.20,86.67,194
2026-08-26 17:06,1759267288,30.80,56.40,50.83,197
2026-08-26 17:08,1759387288,30.60,56.50,44.17,200
2026-08-26 17:10,1759507288,30.60,56.50,39.17,213
2026-08-26 17:12,1759627288,30.50,56.80,40.83,213
2026-08-26 17:14,1759747288,30.40,56.80,49.17,214
2026-08-26 17:16,1759867288,30.30,57.20,60.00,194
2026-08-26 17:18,1759987288,30.10,57.70,68.33,199
2026-08-26 17:20,1760107288,30.00,57.60,65.83,246
2026-08-26 17:22,1760227288,30.00,58.30,56.67,209
2026-08-26 17:24,1760347288,29.90,58.20,60.83,194
2026-08-26 17:26,1760467288,29.90,58.70,57.50,212
2026-08-26 17:28,1760587288,29.80,59.10,58.33,189
2026-08-26 17:30,1760707288,29.80,58.90,60.00,204
2026-08-26 17:32,1760827288,29.70,59.50,60.83,230
2026-08-26 17:34,1760947288,29.70,59.10,53.33,187
2026-08-26 17:36,1761067288,29.70,59.40,44.17,220
2026-08-26 17:38,1761187288,29.70,60.30,38.33,186
2026-08-26 17:40,1761307288,29.50,60.00,34.17,225
2026-08-26 17:42,1761427288,29.50,60.50,34.17,207
2026-08-26 17:44,1761547288,29.40,60.00,33.33,148
2026-08-26 17:46,1761667288,29.30,60.20,29.17,222
2026-08-26 17:48,1761787288,29.40,60.60,27.50,205
2026-08-26 17:50,1761907288,29.20,60.70,25.83,216
2026-08-26 17:52,1762027288,29.10,61.00,23.33,189
2026-08-26 17:54,1762147288,29.10,61.80,21.67,207
2026-08-26 17:56,1762267288,29.10,60.70,20.83,200
2026-08-26 17:58,1762387288,29.00,61.10,18.33,187
2026-08-26 18:00,1762507288,28.90,61.10,16.67,180
2026-08-26 18:02,1762627288,28.80,60.70,14.17,198
2026-08-26 18:04,1762747288,28.80,60.60,12.50,170
2026-08-26 18:06,1762867288,28.70,61.00,10.83,201
2026-08-26 18:08,1762987288,28.50,61.20,9.17,203
2026-08-26 18:10,1763107288,28.50,61.50,7.50,205
2026-08-26 18:12,1763227288,28.40,61.20,6.67,220
2026-08-26 18:14,1763347288,28.40,61.60,5.00,172
2026-08-26 18:16,1763467288,28.30,61.50,4.17,177
2026-08-26 18:18,1763587288,28.20,61.50,3.33,198
2026-08-26 18:20,1763707288,28.20,61.90,2.50,191
2026-08-26 18:22,1763827288,28.10,62.20,1.67,220
2026-08-26 18:24,1763947288,27.90,62.10,1.67,192
2026-08-26 18:26,1764067288,27.90,63.00,0.83,225
2026-08-26 18:28,1764187288,27.80,62.50,0.83,184
2026-08-26 18:30,1764307288,27.80,62.40,51.67,199
2026-08-26 18:32,1764427288,27.50,63.40,50.83,223
2026-08-26 18:34,1764547288,27.60,63.40,50.00,216
2026-08-26 18:36,1764667288,27.60,64.00,49.17,163
2026-08-26 18:38,1764787288,27.40,63.60,48.33,193
2026-08-26 18:40,1764907288,27.50,64.00,48.33,190
2026-08-26 18:42,1765027288,27.40,63.80,48.33,147
2026-08-26 18:44,1765147288,27.30,64.30,48.33,163
2026-08-26 18:46,1765267288,27.20,64.20,47.50,150
2026-08-26 18:48,1765387288,27.20,64.40,47.50,155
2026-08-26 18:50,1765507288,27.20,64.20,47.50,192
2026-08-26 18:52,1765627288,27.10,64.30,46.67,221
2026-08-26 18:54,1765747288,27.00,64.90,47.50,184
2026-08-26 18:56,1765867288,27.00,65.00,47.50,161
2026-08-26 18:58,1765987288,26.90,65.40,46.67,194
2026-08-26 19:00,1766107288,26.80,65.40,47.50,188
2026-08-26 19:02,1766227288,26.70,65.70,47.50,162
2026-08-26 19:04,1766347288,26.70,66.30,46.67,196
2026-08-26 19:06,1766467288,26.50,66.20,47.50,175
2026-08-26 19:08,1766587288,26.50,66.70,46.67,174
2026-08-26 19:10,1766707288,26.40,66.10,46.67,178
2026-08-26 19:12,1766827288,26.30,65.40,46.67,220
2026-08-26 19:14,1766947288,26.30,65.90,46.67,191
2026-08-26 19:16,1767067288,26.20,66.10,47.50,213
2026-08-26 19:18,1767187288,26.20,65.40,46.67,173
2026-08-26 19:20,1767307288,26.20,65.90,47.50,193
2026-08-26 19:22,1767427288,26.20,65.80,46.67,169
2026-08-26 19:24,1767547288,26.10,65.20,47.50,285
2026-08-26 19:26,1767667288,26.10,65.00,46.67,170
2026-08-26 19:28,1767787288,26.10,64.70,46.67,178
2026-08-26 19:30,1767907288,26.10,65.00,47.50,177
2026-08-26 19:32,1768027288,26.00,65.50,47.50,172
2026-08-26 19:34,1768147288,26.00,65.60,47.50,185
2026-08-26 19:36,1768267288,25.90,65.70,46.67,189
2026-08-26 19:38,1768387288,25.80,65.80,46.67,174
2026-08-26 19:40,1768507288,25.70,65.60,46.67,193
2026-08-26 19:42,1768627288,25.70,65.80,46.67,207
2026-08-26 19:44,1768747288,25.70,66.10,46.67,187
2026-08-26 19:46,1768867288,25.50,66.40,46.67,182
2026-08-26 19:48,1768987288,25.50,66.80,46.67,228
2026-08-26 19:50,1769107288,25.50,66.50,46.67,202
2026-08-26 19:52,1769227288,25.40,66.80,46.67,169
2026-08-26 19:54,1769347288,25.50,66.70,46.67,182
2026-08-26 19:56,1769467288,25.50,66.50,46.67,181
2026-08-26 19:58,1769587288,25.40,66.40,46.67,139
2026-08-26 20:00,1769707288,25.40,67.00,47.50,156
2026-08-26 20:02,1769827288,25.40,66.60,46.67,209
2026-08-26 20:04,1769947288,25.40,66.80,46.67,186
2026-08-26 20:06,1770067288,25.30,67.70,47.50,156
2026-08-26 20:08,1770187288,25.40,67.70,47.50,179
2026-08-26 20:10,1770307288,25.20,67.60,46.67,158
2026-08-26 20:12,1770427288,25.20,67.20,46.67,234
2026-08-26 20:14,1770547288,25.00,67.00,47.50,187
2026-08-26 20:16,1770667288,25.10,67.00,47.50,146
2026-08-26 20:18,1770787288,25.00,67.40,46.67,173
2026-08-26 20:20,1770907288,25.00,67.40,46.67,164
2026-08-26 20:22,1771027288,25.00,67.40,47.50,179
2026-08-26 20:24,1771147288,24.90,67.40,46.67,184
2026-08-26 20:26,1771267288,24.80,67.80,47.50,221
2026-08-26 20:28,1771387288,24.80,68.00,46.67,224
2026-08-26 20:30,1771507288,24.80,67.90,46.67,212
2026-08-26 20:32,1771627288,24.70,68.10,46.67,221
2026-08-26 20:34,1771747288,24.70,68.20,46.67,196
2026-08-26 20:36,1771867288,24.70,68.50,46.67,191
2026-08-26 20:38,1771987288,24.70,68.20,47.50,151
2026-08-26 20:40,1772107288,24.60,68.20,46.67,180
2026-08-26 20:42,1772227288,24.60,68.50,46.67,163
2026-08-26 20:44,1772347288,24.60,68.30,46.67,204
2026-08-26 20:46,1772467288,24.50,68.50,47.50,181
2026-08-26 20:48,1772587288,24.40,68.40,47.50,154
2026-08-26 20:50,1772707288,24.50,68.80,46.67,199
2026-08-26 20:52,1772827288,24.40,68.80,47.50,180
2026-08-26 20:54,1772947288,24.40,68.70,46.67,175
2026-08-26 20:56,1773067288,24.30,68.90,47.50,179
2026-08-26 20:58,1773187288,24.30,69.30,47.50,171
2026-08-26 21:00,1773307288,24.30,69.20,46.67,180
2026-08-26 21:02,1773427288,24.30,68.90,46.67,182
2026-08-26 21:04,1773547288,24.20,68.90,47.50,168
2026-08-26 21:06,1773667288,24.20,69.20,46.67,179
2026-08-26 21:08,1773787288,24.10,69.50,46.67,190
2026-08-26 21:10,1773907288,24.00,69.20,46.67,191
2026-08-26 21:12,1774027288,24.10,69.30,46.67,203
2026-08-26 21:14,1774147288,24.10,69.50,46.67,147
2026-08-26 21:16,1774267288,24.00,69.60,47.50,234
2026-08-26 21:18,1774387288,24.00,69.50,47.50,180
2026-08-26 21:20,1774507288,24.00,69.80,46.67,152
2026-08-26 21:22,1774627288,23.90,69.40,46.67,162
2026-08-26 21:24,1774747288,24.00,70.00,46.67,146
2026-08-26 21:26,1774867288,23.90,69.70,47.50,182
2026-08-26 21:28,1774987288,24.00,69.40,46.67,190
2026-08-26 21:30,1775107288,23.90,69.70,46.67,172
2026-08-26 21:32,1775227288,23.90,69.90,47.50,218
2026-08-26 21:34,1775347288,23.80,70.00,46.67,237
2026-08-26 21:36,1775467288,23.80,69.80,46.67,198
2026-08-26 21:38,1775587288,23.80,69.90,46.67,190
2026-08-26 21:40,1775707288,23.70,70.10,46.67,179
2026-08-26 21:42,1775827288,23.70,70.50,46.67,180
2026-08-26 21:44,1775947288,23.70,70.60,47.50,192
2026-08-26 21:46,1776067288,23.60,70.60,47.50,125
2026-08-26 21:48,1776187288,23.60,70.20,47.50,167
2026-08-26 21:50,1776307288,23.50,70.50,46.67,200
2026-08-26 21:52,1776427288,23.40,70.70,46.67,178
2026-08-26 21:54,1776547288,23.30,70.90,46.67,203
2026-08-26 21:56,1776667288,23.30,71.20,47.50,194
2026-08-26 21:58,1776787288,23.20,71.40,46.67,181
2026-08-26 22:00,1776907288,23.20,71.50,46.67,175
2026-08-26 22:02,1777027288,23.20,71.80,46.67,211
2026-08-26 22:04,1777147288,23.20,72.00,46.67,189
2026-08-26 22:06,1777267288,23.10,72.10,47.50,228
2026-08-26 22:08,1777387288,23.10,71.80,47.50,155
2026-08-26 22:10,1777507288,23.10,72.00,47.50,169
2026-08-26 22:12,1777627288,23.00,71.80,47.50,180
2026-08-26 22:14,1777747288,23.10,71.80,47.50,225
2026-08-26 22:16,1777867288,23.00,72.30,47.50,182
2026-08-26 22:18,1777987288,23.00,71.60,47.50,172
2026-08-26 22:20,1778107288,23.00,71.90,47.50,188
2026-08-26 22:22,1778227288,23.00,71.60,47.50,196
2026-08-26 22:24,1778347288,23.00,71.90,47.50,174
2026-08-26 22:26,1778467288,23.00,71.90,46.67,207
2026-08-26 22:28,1778587288,22.90,71.90,47.50,202
2026-08-26 22:30,1778707288,22.90,72.20,46.67,175
2026-08-26 22:32,1778827288,22.80,72.40,46.67,174
2026-08-26 22:34,1778947288,22.90,72.80,46.67,169
2026-08-26 22:36,1779067288,22.80,72.70,47.50,202
2026-08-26 22:38,1779187288,22.80,72.70,46.67,178
2026-08-26 22:40,1779307288,22.70,72.50,47.50,195
2026-08-26 22:42,1779427288,22.70,72.70,46.67,177
2026-08-26 22:44,1779547288,22.70,72.80,47.50,211
2026-08-26 22:46,1779667288,22.70,72.80,47.50,190
2026-08-26 22:48,1779787288,22.70,72.80,46.67,199
2026-08-26 22:50,1779907288,22.70,72.80,47.50,181
2026-08-26 22:52,1780027288,22.70,73.10,46.67,195
2026-08-26 22:54,1780147288,22.70,73.20,46.67,193
2026-08-26 22:56,1780267288,22.60,73.50,47.50,202
2026-08-26 22:58,1780387288,22.60,73.50,47.50,217
2026-08-26 23:00,1780507288,22.60,73.50,46.67,197
2026-08-26 23:02,1780627288,22.50,73.60,46.67,184
2026-08-26 23:04,1780747288,22.50,73.70,47.50,186
2026-08-26 23:06,1780867288,22.70,73.60,47.50,202
2026-08-26 23:08,1780987288,22.60,73.60,47.50,187
2026-08-26 23:10,1781107288,22.70,73.30,47.50,202
2026-08-26 23:12,1781227288,22.70,73.20,47.50,201
2026-08-26 23:14,1781347288,22.60,73.70,47.50,192
2026-08-26 23:16,1781467288,22.70,73.70,47.50,197
2026-08-26 23:18,1781587288,22.70,73.50,46.67,235
2026-08-26 23:20,1781707288,22.60,73.30,47.50,166
2026-08-26 23:22,1781827288,22.60,73.20,47.50,194
2026-08-26 23:24,1781947288,22.70,73.20,47.50,199
2026-08-26 23:26,1782067288,22.70,73.00,47.50,169
2026-08-26 23:28,1782187288,22.60,73.00,47.50,180
2026-08-26 23:30,1782307288,22.70,73.60,47.50,223
2026-08-26 23:32,1782427288,22.60,73.10,46.67,225
2026-08-26 23:34,1782547288,22.70,73.30,47.50,190
2026-08-26 23:36,1782667288,22.60,73.20,46.67,212
2026-08-26 23:38,1782787288,22.50,73.40,46.67,179
2026-08-26 23:40,1782907288,22.60,73.50,46.67,175
2026-08-26 23:42,1783027288,22.50,73.40,47.50,205
2026-08-26 23:44,1783147288,22.50,73.40,46.67,191
2026-08-26 23:46,1783267288,22.50,73.70,47.50,204
2026-08-26 23:48,1783387288,22.50,73.50,47.50,157
2026-08-26 23:50,1783507288,22.50,73.60,47.50,176
2026-08-26 23:52,1783627288,22.50,73.40,46.67,204
2026-08-26 23:54,1783747288,22.50,73.60,47.50,185
2026-08-26 23:56,1783867288,22.60,73.40,47.50,185
2026-08-26 23:58,1783987288,22.60,73.00,46.67,202
2026-08-27 00:00,1784107288,22.60,73.20,47.50,202
2026-08-27 00:02,1784227288,22.50,73.40,46.67,191
2026-08-27 00:04,1784347288,22.50,73.60,47.50,196
2026-08-27 00:06,1784467288,22.40,73.30,47.50,240
2026-08-27 00:08,1784587288,22.40,73.70,46.67,155
2026-08-27 00:10,1784707288,22.50,73.70,46.67,197
2026-08-27 00:12,1784827288,22.60,73.60,46.67,191
2026-08-27 00:14,1784947288,22.50,73.60,0.00,164
2026-08-27 00:16,1785067288,22.50,73.40,0.00,206
2026-08-27 00:18,1785187288,22.50,73.50,0.00,177
2026-08-27 00:20,1785307288,22.50,73.50,0.00,192
2026-08-27 00:22,1785427288,22.40,73.50,0.00,204
2026-08-27 00:24,1785547288,22.50,73.40,0.00,195
2026-08-27 00:26,1785667288,22.50,73.60,0.00,197
2026-08-27 00:28,1785787288,22.50,73.50,0.00,199
2026-08-27 00:30,1785907288,22.40,73.60,0.00,216
2026-08-27 00:32,1786027288,22.50,73.40,0.00,205
2026-08-27 00:34,1786147288,22.50,73.60,0.00,185
2026-08-27 00:36,1786267288,22.50,73.40,0.00,195
2026-08-27 00:38,1786387288,22.50,73.60,0.00,182
2026-08-27 00:40,1786507288,22.50,73.50,0.00,173
2026-08-27 00:42,1786627288,22.50,73.70,0.00,196
2026-08-27 00:44,1786747288,22.50,73.70,0.00,201
2026-08-27 00:46,1786867288,22.50,73.40,0.00,183
2026-08-27 00:48,1786987288,22.50,73.60,0.00,257
2026-08-27 00:50,1787107288,22.40,73.70,0.00,191
2026-08-27 00:52,1787227288,22.40,73.90,0.00,235
2026-08-27 00:54,1787347288,22.40,73.90,0.00,173
2026-08-27 00:56,1787467288,22.40,73.70,0.00,208
2026-08-27 00:58,1787587288,22.30,73.40,0.00,161
2026-08-27 01:00,1787707288,22.40,74.00,0.00,201
2026-08-27 01:02,1787827288,22.40,73.90,0.00,213
2026-08-27 01:04,1787947288,22.30,73.70,0.00,188
2026-08-27 01:06,1788067288,22.40,73.90,0.00,195
2026-08-27 01:08,1788187288,22.40,74.00,0.00,234
2026-08-27 01:10,1788307288,22.30,73.80,0.00,208
2026-08-27 01:12,1788427288,22.30,73.90,0.00,178
2026-08-27 01:14,1788547288,22.30,73.80,0.00,211
2026-08-27 01:16,1788667288,22.30,73.90,0.00,203
2026-08-27 01:18,1788787288,22.20,74.20,0.00,168
2026-08-27 01:20,1788907288,22.30,74.10,0.00,214
2026-08-27 01:22,1789027288,22.20,74.40,0.00,150
2026-08-27 01:24,1789147288,22.20,74.30,0.00,181
2026-08-27 01:26,1789267288,22.30,74.00,0.00,207
2026-08-27 01:28,1789387288,22.30,74.20,0.00,198
2026-08-27 01:30,1789507288,22.30,73.80,0.00,201
2026-08-27 01:32,1789627288,22.20,74.00,0.00,213
2026-08-27 01:34,1789747288,22.20,73.90,0.00,199
2026-08-27 01:36,1789867288,22.20,74.10,0.00,190
2026-08-27 01:38,1789987288,22.20,74.60,0.00,194
2026-08-27 01:40,1790107288,22.20,74.40,0.00,188
2026-08-27 01:42,1790227288,22.10,74.20,0.00,185
2026-08-27 01:44,1790347288,22.10,74.40,0.00,189
2026-08-27 01:46,1790467288,22.10,74.40,0.00,178
2026-08-27 01:48,1790587288,22.10,74.60,0.00,178
2026-08-27 01:50,1790707288,22.10,74.80,0.00,199
2026-08-27 01:52,1790827288,22.10,74.40,0.00,205
2026-08-27 01:54,1790947288,22.20,74.60,0.00,168
2026-08-27 01:56,1791067288,22.00,74.50,0.00,195
2026-08-27 01:58,1791187288,22.10,74.80,0.00,221
2026-08-27 02:00,1791307288,22.00,74.70,0.00,191
2026-08-27 02:02,1791427288,22.00,75.00,0.00,185
2026-08-27 02:04,1791547288,22.00,74.80,0.00,197
2026-08-27 02:06,1791667288,22.00,74.80,0.00,212
2026-08-27 02:08,1791787288,22.00,74.80,0.00,194
2026-08-27 02:10,1791907288,22.00,75.10,0.00,201
2026-08-27 02:12,1792027288,21.90,75.20,0.00,205
2026-08-27 02:14,1792147288,21.90,75.00,0.00,185
2026-08-27 02:16,1792267288,21.90,75.00,0.00,207
2026-08-27 02:18,1792387288,22.00,75.10,0.00,222
2026-08-27 02:20,1792507288,21.90,74.90,0.00,200
2026-08-27 02:22,1792627288,21.90,75.20,0.00,201
2026-08-27 02:24,1792747288,21.80,75.10,0.00,211
2026-08-27 02:26,1792867288,21.90,75.20,0.00,217
2026-08-27 02:28,1792987288,21.90,75.00,0.00,201
2026-08-27 02:30,1793107288,21.80,75.30,0.00,202
2026-08-27 02:32,1793227288,21.70,75.30,0.00,197
2026-08-27 02:34,1793347288,21.90,75.30,0.00,195
2026-08-27 02:36,1793467288,21.80,75.10,0.00,247
2026-08-27 02:38,1793587288,21.80,75.30,0.00,189
2026-08-27 02:40,1793707288,21.70,75.50,0.00,184
2026-08-27 02:42,1793827288,21.80,75.30,0.00,193
2026-08-27 02:44,1793947288,21.70,75.60,0.00,209
2026-08-27 02:46,1794067288,21.70,75.30,0.00,199
2026-08-27 02:48,1794187288,21.70,75.60,0.00,197
2026-08-27 02:50,1794307288,21.60,75.50,0.00,231
2026-08-27 02:52,1794427288,21.60,75.60,0.00,199
2026-08-27 02:54,1794547288,21.50,75.90,0.00,209
2026-08-27 02:56,1794667288,21.60,75.60,0.00,191
2026-08-27 02:58,1794787288,21.50,75.70,0.00,173
2026-08-27 03:00,1794907288,21.60,75.80,0.00,238
2026-08-27 03:02,1795027288,21.50,75.60,0.00,177
2026-08-27 03:04,1795147288,21.50,75.60,0.00,182
2026-08-27 03:06,1795267288,21.40,75.70,0.00,185
2026-08-27 03:08,1795387288,21.50,76.00,0.00,203
2026-08-27 03:10,1795507288,21.50,76.10,0.00,222
2026-08-27 03:12,1795627288,21.40,76.10,0.00,252
2026-08-27 03:14,1795747288,21.40,76.20,0.00,197
2026-08-27 03:16,1795867288,21.50,76.00,0.00,197
2026-08-27 03:18,1795987288,21.50,75.80,0.00,205
2026-08-27 03:20,1796107288,21.50,76.00,0.00,194
2026-08-27 03:22,1796227288,21.50,76.00,0.00,207
2026-08-27 03:24,1796347288,21.40,76.00,0.00,183
2026-08-27 03:26,1796467288,21.40,76.00,0.00,193
2026-08-27 03:28,1796587288,21.40,76.00,0.00,208
2026-08-27 03:30,1796707288,21.50,76.20,0.00,198
2026-08-27 03:32,1796827288,21.30,76.00,0.00,197
2026-08-27 03:34,1796947288,21.40,76.10,50.83,176
2026-08-27 03:36,1797067288,21.40,76.00,50.00,184
2026-08-27 03:38,1797187288,21.30,76.40,50.00,177
2026-08-27 03:40,1797307288,21.40,76.10,49.17,175
2026-08-27 03:42,1797427288,21.40,76.20,49.17,193
2026-08-27 03:44,1797547288,21.30,76.30,48.33,215
2026-08-27 03:46,1797667288,21.30,76.40,48.33,268
2026-08-27 03:48,1797787288,21.40,76.30,47.50,247
2026-08-27 03:50,1797907288,21.30,76.20,48.33,193
2026-08-27 03:52,1798027288,21.30,76.20,47.50,185
2026-08-27 03:54,1798147288,21.30,76.30,47.50,206
2026-08-27 03:56,1798267288,21.40,76.50,47.50,224
2026-08-27 03:58,1798387288,21.20,76.40,47.50,165
2026-08-27 04:00,1798507288,21.30,76.70,47.50,166
2026-08-27 04:02,1798627288,21.30,76.30,47.50,192
2026-08-27 04:04,1798747288,21.30,76.40,47.50,243
2026-08-27 04:06,1798867288,21.20,76.50,47.50,186
2026-08-27 04:08,1798987288,21.30,76.40,47.50,223
2026-08-27 04:10,1799107288,21.30,76.60,47.50,199
2026-08-27 04:12,1799227288,21.30,76.70,47.50,213
2026-08-27 04:14,1799347288,21.20,76.50,47.50,179
2026-08-27 04:16,1799467288,21.30,76.50,47.50,199
2026-08-27 04:18,1799587288,21.30,76.40,47.50,202
2026-08-27 04:20,1799707288,21.30,76.50,46.67,189
2026-08-27 04:22,1799827288,21.30,76.50,47.50,206
2026-08-27 04:24,1799947288,21.20,76.40,47.50,210
2026-08-27 04:26,1800067288,21.30,76.50,46.67,178
2026-08-27 04:28,1800187288,21.20,76.60,47.50,194
2026-08-27 04:30,1800307288,21.10,76.50,46.67,185
2026-08-27 04:32,1800427288,21.20,76.60,47.50,178
2026-08-27 04:34,1800547288,21.10,76.90,46.67,208
2026-08-27 04:36,1800667288,21.20,76.80,46.67,188
2026-08-27 04:38,1800787288,21.10,77.10,47.50,226
2026-08-27 04:40,1800907288,21.20,77.00,47.50,207
2026-08-27 04:42,1801027288,21.10,76.70,46.67,204
2026-08-27 04:44,1801147288,21.10,76.90,47.50,185
2026-08-27 04:46,1801267288,21.10,76.90,46.67,208
2026-08-27 04:48,1801387288,21.10,77.00,46.67,188
2026-08-27 04:50,1801507288,21.10,77.20,47.50,206
2026-08-27 04:52,1801627288,21.10,76.90,47.50,191
2026-08-27 04:54,1801747288,21.00,76.60,47.50,192
2026-08-27 04:56,1801867288,21.10,76.70,46.67,161
2026-08-27 04:58,1801987288,21.10,77.00,46.67,187
2026-08-27 05:00,1802107288,21.10,76.90,46.67,228
2026-08-27 05:02,1802227291,21.10,76.80,47.50,181
2026-08-27 05:04,1802347291,21.10,76.90,47.50,167
2026-08-27 05:06,1802467291,21.00,77.10,46.67,180
2026-08-27 05:08,1802587291,21.00,77.00,46.67,199
2026-08-27 05:10,1802707291,21.10,76.90,47.50,184
2026-08-27 05:12,1802827291,21.00,77.00,46.67,173
2026-08-27 05:14,1802947291,20.90,76.90,46.67,196
2026-08-27 05:16,1803067291,21.00,77.00,46.67,203
2026-08-27 05:18,1803187291,21.00,77.10,47.50,178
2026-08-27 05:20,1803307291,21.00,77.20,47.50,218
2026-08-27 05:22,1803427291,21.00,77.00,46.67,176
2026-08-27 05:24,1803547291,21.00,77.40,46.67,205
2026-08-27 05:26,1803667291,20.90,77.20,46.67,182
2026-08-27 05:28,1803787291,20.90,77.20,46.67,226
2026-08-27 05:30,1803907291,20.90,77.40,46.67,178
2026-08-27 05:32,1804027291,20.90,77.40,46.67,222
2026-08-27 05:34,1804147291,20.80,77.50,46.67,252
2026-08-27 05:36,1804267291,20.80,77.30,47.50,199
2026-08-27 05:38,1804387291,20.80,77.50,46.67,199
2026-08-27 05:40,1804507291,20.80,77.40,47.50,163
2026-08-27 05:42,1804627291,20.90,77.30,47.50,181
2026-08-27 05:44,1804747291,20.80,77.30,47.50,177
2026-08-27 05:46,1804867291,20.80,77.20,46.67,183
2026-08-27 05:48,1804987291,20.80,77.40,47.50,193
2026-08-27 05:50,1805107291,20.80,77.60,47.50,191
2026-08-27 05:52,1805227291,20.80,77.40,46.67,198
2026-08-27 05:54,1805347291,20.80,77.40,46.67,190
2026-08-27 05:56,1805467291,20.80,77.60,46.67,217
2026-08-27 05:58,1805587291,20.80,77.70,47.50,217
2026-08-27 06:00,1805707291,20.90,77.60,47.50,237
2026-08-27 06:02,1805827291,20.80,77.90,47.50,211
2026-08-27 06:04,1805947291,20.70,77.70,46.67,187
2026-08-27 06:06,1806067291,20.70,77.70,46.67,185
2026-08-27 06:08,1806187291,20.70,77.70,47.50,180
2026-08-27 06:10,1806307291,20.70,77.70,47.50,205
2026-08-27 06:12,1806427291,20.80,77.80,46.67,169
2026-08-27 06:14,1806547291,20.70,77.90,46.67,234
2026-08-27 06:16,1806667291,20.70,78.00,46.67,177
2026-08-27 06:18,1806787291,20.70,77.90,46.67,201
2026-08-27 06:20,1806907291,20.70,77.90,46.67,161
2026-08-27 06:22,1807027291,20.70,78.00,46.67,203
2026-08-27 06:24,1807147291,20.70,77.90,47.50,173
2026-08-27 06:26,1807267291,20.70,77.60,46.67,203
2026-08-27 06:28,1807387291,20.70,77.90,47.50,192
2026-08-27 06:30,1807507291,20.70,77.90,47.50,196
2026-08-27 06:32,1807627291,20.70,77.90,47.50,201
2026-08-27 06:34,1807747291,20.70,78.00,47.50,189
2026-08-27 06:36,1807867291,20.70,78.00,46.67,188
2026-08-27 06:38,1807987291,20.60,78.10,47.50,196
2026-08-27 06:40,1808107291,20.60,78.10,46.67,214
2026-08-27 06:42,1808227291,20.60,77.90,47.50,202
2026-08-27 06:44,1808347291,20.60,78.10,47.50,202
2026-08-27 06:46,1808467291,20.70,78.00,47.50,222
2026-08-27 06:48,1808587291,20.60,77.90,47.50,158
2026-08-27 06:50,1808707291,20.70,78.10,48.33,217
2026-08-27 06:52,1808827291,20.60,78.10,48.33,232
2026-08-27 06:54,1808947291,20.60,77.90,48.33,169
2026-08-27 06:56,1809067291,20.70,78.10,49.17,235
2026-08-27 06:58,1809187291,20.50,78.00,50.00,198
2026-08-27 07:00,1809307291,20.70,77.90,50.00,145
2026-08-27 07:02,1809427291,20.70,77.90,50.83,184
2026-08-27 07:04,1809547291,20.60,78.20,52.50,167
2026-08-27 07:06,1809667291,20.60,77.90,53.33,205
2026-08-27 07:08,1809787291,20.60,78.00,53.33,175
2026-08-27 07:10,1809907291,20.70,77.90,54.17,204
2026-08-27 07:12,1810027291,20.70,78.00,55.83,218
2026-08-27 07:14,1810147291,20.70,77.90,56.67,160
2026-08-27 07:16,1810267291,20.60,78.00,57.50,217
2026-08-27 07:18,1810387291,20.60,78.10,58.33,206
2026-08-27 07:20,1810507291,20.60,78.40,60.00,204
2026-08-27 07:22,1810627291,20.60,78.10,61.67,240
2026-08-27 07:24,1810747291,20.70,78.10,62.50,196
2026-08-27 07:26,1810867291,20.70,78.00,65.00,195
2026-08-27 07:28,1810987291,20.70,78.20,66.67,204
2026-08-27 07:30,1811107291,20.70,78.20,67.50,208
2026-08-27 07:32,1811227291,20.70,78.20,69.17,219
2026-08-27 07:34,1811347291,20.70,78.40,70.00,185
2026-08-27 07:36,1811467291,20.70,77.90,70.00,199
2026-08-27 07:38,1811587291,20.70,78.10,71.67,176
2026-08-27 07:40,1811707291,20.70,78.20,71.67,162
2026-08-27 07:42,1811827291,20.80,78.30,72.50,211
2026-08-27 07:44,1811947291,20.70,78.10,74.17,200
2026-08-27 07:46,1812067291,20.80,78.10,75.83,202
2026-08-27 07:48,1812187291,20.80,78.00,76.67,235
2026-08-27 07:50,1812307291,20.80,77.90,77.50,199
2026-08-27 07:52,1812427291,20.90,78.10,78.33,209
2026-08-27 07:54,1812547291,20.90,78.00,81.67,184
2026-08-27 07:56,1812667291,20.90,77.80,82.50,222
2026-08-27 07:58,1812787291,21.00,78.10,85.00,189
2026-08-27 08:00,1812907291,21.00,78.20,88.33,228
2026-08-27 08:02,1813027291,21.00,78.00,42.50,178
2026-08-27 08:04,1813147291,21.10,77.80,39.17,183
2026-08-27 08:06,1813267291,21.10,77.80,39.17,172
2026-08-27 08:08,1813387291,21.10,77.70,41.67,218
2026-08-27 08:10,1813507291,21.20,77.70,42.50,188
2026-08-27 08:12,1813627291,21.20,77.40,44.17,210
2026-08-27 08:14,1813747291,21.20,77.60,46.67,176
2026-08-27 08:16,1813867291,21.20,77.40,49.17,196
2026-08-27 08:18,1813987291,21.30,77.20,49.17,200
2026-08-27 08:20,1814107291,21.30,77.20,48.33,219
2026-08-27 08:22,1814227291,21.30,77.30,49.17,210
2026-08-27 08:24,1814347291,21.50,77.20,51.67,173
2026-08-27 08:26,1814467291,21.40,76.70,54.17,196
2026-08-27 08:28,1814587291,21.40,77.00,57.50,184
2026-08-27 08:30,1814707291,21.50,76.60,50.83,207
2026-08-27 08:32,1814827291,21.60,76.70,46.67,187
2026-08-27 08:34,1814947291,21.60,76.50,50.00,187
2026-08-27 08:36,1815067291,21.60,76.60,50.00,238
2026-08-27 08:38,1815187291,21.60,76.30,65.00,220
2026-08-27 08:40,1815307291,21.70,76.50,75.00,195
2026-08-27 08:42,1815427291,21.80,76.50,82.50,220
2026-08-27 08:44,1815547291,21.70,76.30,85.83,200
2026-08-27 08:46,1815667291,21.90,76.30,91.67,207
2026-08-27 08:48,1815787291,21.80,75.80,95.00,213
2026-08-27 08:50,1815907291,21.90,76.00,106.67,211
2026-08-27 08:52,1816027291,22.00,75.60,106.67,209
2026-08-27 08:54,1816147291,22.10,75.90,118.33,199
2026-08-27 08:56,1816267291,22.20,75.50,107.50,188
2026-08-27 08:58,1816387291,22.20,75.10,125.83,226
2026-08-27 09:00,1816507291,22.40,74.80,125.00,228
2026-08-27 09:02,1816627291,22.40,74.90,140.00,187
2026-08-27 09:04,1816747291,22.60,74.70,138.33,205
2026-08-27 09:06,1816867291,22.60,74.30,160.00,204
2026-08-27 09:08,1816987291,22.60,73.40,158.33,184
2026-08-27 09:10,1817107291,22.80,73.40,177.50,191
2026-08-27 09:12,1817227291,22.90,72.90,185.00,233
2026-08-27 09:14,1817347291,23.00,73.20,186.67,225
2026-08-27 09:16,1817467291,23.00,72.40,206.67,201
2026-08-27 09:18,1817587291,23.20,72.50,210.00,228
2026-08-27 09:20,1817707291,23.30,71.80,202.50,198
2026-08-27 09:22,1817827291,23.40,71.40,135.83,220
2026-08-27 09:24,1817947291,23.50,72.10,211.67,214
2026-08-27 09:26,1818067291,23.60,71.00,214.17,200
2026-08-27 09:28,1818187291,23.60,71.10,221.67,215
2026-08-27 09:30,1818307291,23.70,71.00,221.67,205
2026-08-27 09:32,1818427291,23.70,71.30,222.50,174
2026-08-27 09:34,1818547291,23.80,70.90,226.67,223
2026-08-27 09:36,1818667291,24.00,70.80,221.67,187
2026-08-27 09:38,1818787291,24.00,70.20,220.00,184
2026-08-27 09:40,1818907291,24.00,70.60,221.67,208
2026-08-27 09:42,1819027291,24.10,69.90,219.17,180
2026-08-27 09:44,1819147291,24.20,69.50,228.33,233
2026-08-27 09:46,1819267291,24.30,69.40,235.00,219
2026-08-27 09:48,1819387291,24.40,69.70,233.33,204
2026-08-27 09:50,1819507291,24.50,68.10,235.83,226
2026-08-27 09:52,1819627291,24.50,68.90,231.67,207
2026-08-27 09:54,1819747291,24.60,68.30,239.17,204
2026-08-27 09:56,1819867291,24.70,67.80,241.67,202
2026-08-27 09:58,1819987291,24.70,68.10,250.00,211
2026-08-27 10:00,1820107291,24.70,68.10,258.33,232
2026-08-27 10:02,1820227291,24.80,67.80,239.17,207
2026-08-27 10:04,1820347291,24.90,67.80,248.33,259
2026-08-27 10:06,1820467291,25.00,67.60,253.33,213
2026-08-27 10:08,1820587291,25.00,67.60,256.67,198
2026-08-27 10:10,1820707291,25.20,67.40,261.67,190
2026-08-27 10:12,1820827291,25.30,67.50,270.00,186
2026-08-27 10:14,1820947291,25.40,65.50,270.83,206
2026-08-27 10:16,1821067291,25.40,65.80,286.67,210
2026-08-27 10:18,1821187291,25.50,65.70,266.67,203
2026-08-27 10:20,1821307291,25.50,65.20,273.33,188
2026-08-27 10:22,1821427291,25.60,65.60,274.17,211
2026-08-27 10:24,1821547291,25.70,66.10,281.67,236
2026-08-27 10:26,1821667291,25.80,65.90,275.00,186
2026-08-27 10:28,1821787291,25.80,65.30,274.17,192
2026-08-27 10:30,1821907291,25.80,65.30,263.33,203
2026-08-27 10:32,1822027291,25.90,65.50,270.00,192
2026-08-27 10:34,1822147291,26.00,64.20,273.33,198
2026-08-27 10:36,1822267291,26.10,64.40,274.17,192
2026-08-27 10:38,1822387291,26.10,64.50,273.33,205
2026-08-27 10:40,1822507291,26.20,64.20,270.83,197
2026-08-27 10:42,1822627291,26.20,64.10,280.00,244
2026-08-27 10:44,1822747291,26.30,64.10,286.67,185
2026-08-27 10:46,1822867291,26.60,64.60,280.83,207
2026-08-27 10:48,1822987291,26.60,64.00,279.17,216
2026-08-27 10:50,1823107291,26.70,63.90,291.67,203
2026-08-27 10:52,1823227291,26.70,63.40,285.83,224
2026-08-27 10:54,1823347291,27.00,63.30,271.67,209
2026-08-27 10:56,1823467291,27.00,63.70,292.50,202
2026-08-27 10:58,1823587291,27.00,63.20,292.50,202
2026-08-27 11:00,1823707291,27.20,62.20,295.00,179
2026-08-27 11:02,1823827291,27.20,62.10,294.17,216
2026-08-27 11:04,1823947291,27.30,61.10,261.67,199
2026-08-27 11:06,1824067291,27.20,61.70,303.33,205
2026-08-27 11:08,1824187291,27.30,61.10,291.67,223
2026-08-27 11:10,1824307291,27.30,62.50,300.83,207
2026-08-27 11:12,1824427291,27.40,62.90,286.67,209
2026-08-27 11:14,1824547291,27.50,61.40,290.83,176
2026-08-27 11:16,1824667291,27.60,61.50,281.67,214
2026-08-27 11:18,1824787291,27.70,61.40,290.00,220
2026-08-27 11:20,1824907291,27.80,60.10,307.50,226
2026-08-27 11:22,1825027291,27.80,60.50,308.33,184
2026-08-27 11:24,1825147291,27.90,59.80,312.50,209
2026-08-27 11:26,1825267291,27.90,60.20,303.33,190
2026-08-27 11:28,1825387291,28.00,61.20,300.00,199
2026-08-27 11:30,1825507291,28.10,60.20,316.67,186
2026-08-27 11:32,1825627291,28.20,60.60,315.83,195
2026-08-27 11:34,1825747291,28.30,59.70,312.50,191
2026-08-27 11:36,1825867291,28.40,59.50,281.67,189
2026-08-27 11:38,1825987291,28.50,58.30,329.17,217
2026-08-27 11:40,1826107291,28.50,59.50,300.00,194
2026-08-27 11:42,1826227291,28.60,59.00,307.50,203
2026-08-27 11:44,1826347291,28.70,60.20,316.67,231
2026-08-27 11:46,1826467291,28.80,59.30,307.50,230
2026-08-27 11:48,1826587291,28.90,58.70,231.67,192
2026-08-27 11:50,1826707291,28.90,58.50,295.83,214
2026-08-27 11:52,1826827291,28.90,58.80,276.67,229
2026-08-27 11:54,1826947291,29.00,57.80,292.50,212
2026-08-27 11:56,1827067291,29.10,58.70,322.50,201
2026-08-27 11:58,1827187291,29.10,59.30,315.00,218
2026-08-27 12:00,1827307291,29.20,58.80,322.50,263
2026-08-27 12:02,1827427291,29.40,59.30,328.33,231
2026-08-27 12:04,1827547291,29.40,57.10,323.33,206
2026-08-27 12:06,1827667291,29.50,57.40,356.67,191
2026-08-27 12:08,1827787291,29.60,57.80,362.50,188
2026-08-27 12:10,1827907291,29.70,58.70,245.00,194
2026-08-27 12:12,1828027291,29.70,57.60,273.33,202
2026-08-27 12:14,1828147291,29.80,57.20,356.67,206
2026-08-27 12:16,1828267291,29.70,57.30,315.00,196
2026-08-27 12:18,1828387298,29.70,58.10,157.50,217
2026-08-27 12:20,1828507298,29.80,57.80,294.17,212
2026-08-27 12:22,1828627298,29.80,57.10,141.67,214
2026-08-27 12:24,1828747298,29.90,57.10,195.83,225
2026-08-27 12:26,1828867298,29.80,56.90,283.33,211
2026-08-27 12:28,1828987298,29.80,57.40,228.33,207
2026-08-27 12:30,1829107298,29.80,57.10,232.50,174
2026-08-27 12:32,1829227298,29.80,55.40,233.33,250
2026-08-27 12:34,1829347298,29.80,56.80,270.00,327
2026-08-27 12:36,1829467298,30.00,57.20,254.17,190
2026-08-27 12:38,1829587298,30.00,57.30,315.83,234
2026-08-27 12:40,1829707298,30.30,56.90,356.67,200
2026-08-27 12:42,1829827298,30.40,56.10,307.50,225
2026-08-27 12:44,1829947298,30.40,57.10,345.83,236
2026-08-27 12:46,1830067298,30.60,55.90,351.67,193
2026-08-27 12:48,1830187298,30.70,55.50,287.50,232
2026-08-27 12:50,1830307298,30.80,56.10,280.00,196
2026-08-27 12:52,1830427298,31.00,55.20,170.83,231
2026-08-27 12:54,1830547298,31.00,55.10,320.00,207
2026-08-27 12:56,1830667298,31.10,55.70,337.50,201
2026-08-27 12:58,1830787298,31.20,54.60,330.00,179
2026-08-27 13:00,1830907298,31.30,54.40,343.33,218
2026-08-27 13:02,1831027298,31.40,54.30,332.50,212
2026-08-27 13:04,1831147298,31.50,54.60,313.33,207
2026-08-27 13:06,1831267298,31.60,53.40,325.83,223
2026-08-27 13:08,1831387298,31.60,53.40,362.50,244
2026-08-27 13:10,1831507298,31.60,53.10,313.33,210
2026-08-27 13:12,1831627298,31.60,52.90,266.67,180
2026-08-27 13:14,1831747298,31.60,53.10,211.67,212
2026-08-27 13:16,1831867298,31.60,53.70,152.50,206
2026-08-27 13:18,1831987298,31.60,53.50,357.50,212
2026-08-27 13:20,1832107298,31.60,54.00,288.33,238
2026-08-27 13:22,1832227298,31.60,54.30,250.00,202
2026-08-27 13:24,1832347298,31.60,53.50,248.33,224
2026-08-27 13:26,1832467298,31.70,54.20,328.33,233
2026-08-27 13:28,1832587298,31.70,54.10,264.17,206
2026-08-27 13:30,1832707298,31.70,54.10,294.17,199
2026-08-27 13:32,1832827298,31.80,54.40,306.67,236
2026-08-27 13:34,1832947298,31.80,54.30,290.00,199
2026-08-27 13:36,1833067298,31.90,54.90,301.67,219
2026-08-27 13:38,1833187298,32.10,54.00,295.83,208
2026-08-27 13:40,1833307298,32.10,54.60,304.17,218
2026-08-27 13:42,1833427298,32.20,52.40,363.33,199
2026-08-27 13:44,1833547298,32.30,53.30,249.17,247
2026-08-27 13:46,1833667298,32.40,53.40,245.83,208
2026-08-27 13:48,1833787298,32.40,53.20,334.17,206
2026-08-27 13:50,1833907298,32.50,53.00,278.33,209
2026-08-27 13:52,1834027298,32.50,53.60,305.83,240
2026-08-27 13:54,1834147298,32.60,53.60,255.00,181
2026-08-27 13:56,1834267298,32.60,52.80,266.67,212
2026-08-27 13:58,1834387298,32.50,53.40,365.00,251
2026-08-27 14:00,1834507298,32.70,53.90,290.83,201
2026-08-27 14:02,1834627298,32.60,54.00,280.83,186
2026-08-27 14:04,1834747298,32.70,53.00,292.50,226
2026-08-27 14:06,1834867298,32.70,53.40,246.67,211
2026-08-27 14:08,1834987298,32.70,53.50,320.00,208
2026-08-27 14:10,1835107298,32.90,54.40,305.83,200
2026-08-27 14:12,1835227298,33.00,53.00,335.00,208
2026-08-27 14:14,1835347298,33.10,52.00,232.50,204
2026-08-27 14:16,1835467298,33.10,52.80,253.33,205
2026-08-27 14:18,1835587298,33.10,53.00,275.83,213
2026-08-27 14:20,1835707298,33.10,52.30,278.33,190
2026-08-27 14:22,1835827298,33.10,51.80,322.50,232
2026-08-27 14:24,1835947298,33.10,53.20,270.83,209
2026-08-27 14:26,1836067298,33.10,52.50,313.33,205
2026-08-27 14:28,1836187298,33.10,52.90,312.50,226
2026-08-27 14:30,1836307298,33.20,53.10,222.50,221
2026-08-27 14:32,1836427298,33.10,52.70,246.67,213
2026-08-27 14:34,1836547298,33.10,52.20,261.67,244
2026-08-27 14:36,1836667298,33.20,52.50,265.00,252
2026-08-27 14:38,1836787298,33.00,53.30,155.00,197
2026-08-27 14:40,1836907298,33.10,52.70,164.17,221
2026-08-27 14:42,1837027298,33.10,52.60,186.67,175
2026-08-27 14:44,1837147298,32.90,52.60,230.83,237
2026-08-27 14:46,1837267298,32.90,53.70,207.50,242
2026-08-27 14:48,1837387298,32.80,53.20,240.00,218
2026-08-27 14:50,1837507298,32.80,53.30,289.17,217
2026-08-27 14:52,1837627298,32.70,52.70,308.33,200
2026-08-27 14:54,1837747298,32.80,53.70,299.17,183
2026-08-27 14:56,1837867298,32.90,53.80,304.17,217
2026-08-27 14:58,1837987298,33.00,52.30,299.17,212
2026-08-27 15:00,1838107298,33.10,52.80,296.67,204
2026-08-27 15:02,1838227298,33.10,52.00,297.50,214
2026-08-27 15:04,1838347298,33.20,52.80,299.17,208
2026-08-27 15:06,1838467298,33.30,51.70,282.50,204
2026-08-27 15:08,1838587298,33.20,51.50,281.67,210
2026-08-27 15:10,1838707298,33.20,52.30,287.50,212
2026-08-27 15:12,1838827298,33.30,52.50,287.50,235
2026-08-27 15:14,1838947298,33.30,51.40,295.00,235
2026-08-27 15:16,1839067298,33.20,52.30,297.50,229
2026-08-27 15:18,1839187298,33.30,51.00,292.50,231
2026-08-27 15:20,1839307298,33.40,51.60,277.50,240
2026-08-27 15:22,1839427298,33.30,51.70,296.67,213
2026-08-27 15:24,1839547298,33.20,51.40,290.00,196
2026-08-27 15:26,1839667298,33.20,51.20,281.67,209
2026-08-27 15:28,1839787298,33.20,52.30,290.83,193
2026-08-27 15:30,1839907298,33.30,52.30,282.50,230
2026-08-27 15:32,1840027298,33.20,51.90,271.67,227
2026-08-27 15:34,1840147298,33.20,51.90,273.33,245
2026-08-27 15:36,1840267298,33.20,51.20,276.67,218
2026-08-27 15:38,1840387298,33.30,51.90,264.17,218
2026-08-27 15:40,1840507298,33.30,52.50,265.83,226
2026-08-27 15:42,1840627298,33.30,52.00,207.50,237
2026-08-27 15:44,1840747298,33.20,52.50,280.83,222
2026-08-27 15:46,1840867298,33.20,52.40,284.17,211
2026-08-27 15:48,1840987298,33.20,51.80,274.17,214
2026-08-27 15:50,1841107298,33.30,52.20,270.00,234
2026-08-27 15:52,1841227298,33.30,52.20,255.00,245
2026-08-27 15:54,1841347298,33.10,52.10,254.17,223
2026-08-27 15:56,1841467298,33.20,52.90,240.83,235
2026-08-27 15:58,1841587298,33.30,52.90,241.67,237
2026-08-27 16:00,1841707298,33.20,52.60,229.17,254
2026-08-27 16:02,1841827298,33.20,52.90,203.33,233
2026-08-27 16:04,1841947298,33.20,52.60,197.50,218
2026-08-27 16:06,1842067298,33.20,52.90,228.33,213
2026-08-27 16:08,1842187298,33.10,52.80,213.33,246
2026-08-27 16:10,1842307298,33.10,53.30,201.67,231
2026-08-27 16:12,1842427298,33.00,53.30,208.33,234
2026-08-27 16:14,1842547298,33.10,53.20,198.33,229
2026-08-27 16:16,1842667298,33.00,52.90,203.33,217
2026-08-27 16:18,1842787298,32.80,53.30,183.33,235
2026-08-27 16:20,1842907298,32.80,53.60,195.00,219
2026-08-27 16:22,1843027298,32.80,53.80,192.50,213
2026-08-27 16:24,1843147298,32.80,53.90,180.83,209
2026-08-27 16:26,1843267298,32.70,53.70,202.50,205
2026-08-27 16:28,1843387298,32.60,54.50,195.83,286
2026-08-27 16:30,1843507298,32.60,54.50,207.50,203
2026-08-27 16:32,1843627298,32.60,54.20,200.00,202
2026-08-27 16:34,1843747298,32.60,54.60,173.33,227
2026-08-27 16:36,1843867298,32.50,54.50,174.17,212
2026-08-27 16:38,1843987298,32.50,54.60,205.00,218
2026-08-27 16:40,1844107298,32.50,55.00,211.67,154
2026-08-27 16:42,1844227298,32.50,54.10,203.33,250
2026-08-27 16:44,1844347298,32.40,54.00,211.67,230
2026-08-27 16:46,1844467298,32.30,54.00,208.33,192
2026-08-27 16:48,1844587298,32.40,54.60,199.17,249
2026-08-27 16:50,1844707298,32.30,54.80,185.83,227
2026-08-27 16:52,1844827298,32.20,54.70,183.33,204
2026-08-27 16:54,1844947298,32.30,54.40,184.17,186
2026-08-27 16:56,1845067298,32.10,55.00,181.67,218
2026-08-27 16:58,1845187298,32.00,55.30,189.17,207
2026-08-27 17:00,1845307298,32.00,55.50,147.50,226
2026-08-27 17:02,1845427298,32.10,55.40,165.00,229
2026-08-27 17:04,1845547298,32.10,55.70,166.67,196
2026-08-27 17:06,1845667298,32.10,55.30,160.00,237
2026-08-27 17:08,1845787298,32.00,54.80,151.67,209
2026-08-27 17:10,1845907298,31.90,55.30,147.50,243
2026-08-27 17:12,1846027298,31.80,54.60,143.33,214
2026-08-27 17:14,1846147298,31.80,55.70,111.67,210
2026-08-27 17:16,1846267298,31.70,55.40,113.33,239
2026-08-27 17:18,1846387298,31.50,54.70,95.00,244
2026-08-27 17:20,1846507298,31.50,55.10,82.50,202
2026-08-27 17:22,1846627298,31.40,55.30,80.83,247
2026-08-27 17:24,1846747298,31.40,55.90,75.00,203
2026-08-27 17:26,1846867298,31.30,55.90,70.00,213
2026-08-27 17:28,1846987298,31.20,55.90,65.00,226
2026-08-27 17:30,1847107298,31.00,56.00,71.67,213
2026-08-27 17:32,1847227298,31.00,56.20,75.83,197
2026-08-27 17:34,1847347301,31.00,56.20,77.50,213
2026-08-27 17:36,1847467301,30.80,56.20,75.83,212
2026-08-27 17:38,1847587301,30.80,56.40,67.50,229
2026-08-27 17:40,1847707301,30.70,56.80,66.67,214
2026-08-27 17:42,1847827301,30.60,57.30,60.83,207
2026-08-27 17:44,1847947301,30.70,57.90,60.00,224
2026-08-27 17:46,1848067301,30.60,57.50,56.67,219
2026-08-27 17:48,1848187301,30.50,57.80,53.33,182
2026-08-27 17:50,1848307301,30.50,58.20,52.50,228
2026-08-27 17:52,1848427301,30.40,59.00,48.33,198
2026-08-27 17:54,1848547301,30.30,58.30,45.00,227
2026-08-27 17:56,1848667301,29.90,63.20,47.50,246
2026-08-27 17:58,1848787301,29.90,63.10,46.67,236
2026-08-27 18:00,1848907301,29.80,58.80,43.33,197
2026-08-27 18:02,1849027301,29.80,59.00,40.83,207
2026-08-27 18:04,1849147301,29.70,58.60,40.00,205
2026-08-27 18:06,1849267301,29.60,58.80,38.33,197
2026-08-27 18:08,1849387301,29.50,58.90,36.67,239
2026-08-27 18:10,1849507301,29.40,59.10,35.00,204
2026-08-27 18:12,1849627301,29.30,59.30,33.33,206
2026-08-27 18:14,1849747301,29.30,59.40,31.67,224
2026-08-27 18:16,1849867301,29.20,59.30,30.00,209
2026-08-27 18:18,1849987301,29.20,59.40,28.33,220
2026-08-27 18:20,1850107301,29.10,59.30,27.50,194
2026-08-27 18:22,1850227301,29.00,59.70,26.67,204
2026-08-27 18:24,1850347301,29.00,59.90,25.83,211
2026-08-27 18:26,1850467301,28.90,59.80,25.83,213
2026-08-27 18:28,1850587301,28.80,60.10,0.83,191
2026-08-27 18:30,1850707301,28.60,60.50,51.67,182
2026-08-27 18:32,1850827301,28.60,60.40,50.83,188
2026-08-27 18:34,1850947301,28.50,60.60,50.00,232
2026-08-27 18:36,1851067301,28.40,60.60,49.17,269
2026-08-27 18:38,1851187301,28.40,60.70,49.17,187
2026-08-27 18:40,1851307301,28.30,61.10,49.17,241
2026-08-27 18:42,1851427301,28.20,61.20,48.33,199
2026-08-27 18:44,1851547301,28.20,61.30,48.33,194
2026-08-27 18:46,1851667301,28.10,61.70,47.50,187
2026-08-27 18:48,1851787301,28.10,61.60,47.50,257
2026-08-27 18:50,1851907301,28.00,61.70,47.50,190
2026-08-27 18:52,1852027301,28.00,62.00,47.50,189
2026-08-27 18:54,1852147301,27.90,62.30,46.67,185
2026-08-27 18:56,1852267301,27.80,62.60,46.67,187
2026-08-27 18:58,1852387301,27.80,63.00,46.67,213
2026-08-27 19:00,1852507301,27.80,62.80,47.50,224
2026-08-27 19:02,1852627301,27.70,63.00,47.50,224
2026-08-27 19:04,1852747301,27.60,62.90,46.67,188
2026-08-27 19:06,1852867301,27.50,63.00,46.67,204
2026-08-27 19:08,1852987301,27.40,64.00,46.67,282
2026-08-27 19:10,1853107301,27.30,63.60,46.67,201
2026-08-27 19:12,1853227301,27.30,64.10,46.67,201
2026-08-27 19:14,1853347301,27.30,63.60,47.50,226
2026-08-27 19:16,1853467301,27.30,63.90,47.50,197
2026-08-27 19:18,1853587301,27.20,63.80,46.67,165
2026-08-27 19:20,1853707301,27.20,64.00,47.50,189
2026-08-27 19:22,1853827301,27.20,64.30,46.67,191
2026-08-27 19:24,1853947308,27.10,64.10,46.67,167
2026-08-27 19:26,1854067308,27.20,64.30,47.50,194
2026-08-27 19:28,1854187308,27.10,64.80,46.67,201
2026-08-27 19:30,1854307308,27.10,65.20,46.67,194
2026-08-27 19:32,1854427308,27.00,64.70,46.67,205
2026-08-27 19:34,1854547308,26.90,65.20,46.67,199
2026-08-27 19:36,1854667308,27.00,65.20,46.67,193
2026-08-27 19:38,1854787308,26.80,65.40,46.67,172
2026-08-27 19:40,1854907308,26.80,65.30,46.67,203
2026-08-27 19:42,1855027308,26.70,65.40,46.67,193
2026-08-27 19:44,1855147308,26.60,66.00,46.67,158
2026-08-27 19:46,1855267308,26.60,66.00,46.67,206
2026-08-27 19:48,1855387308,26.50,66.30,46.67,236
2026-08-27 19:50,1855507308,26.50,66.20,46.67,171
2026-08-27 19:52,1855627308,26.40,66.80,46.67,210
2026-08-27 19:54,1855747308,26.40,67.20,46.67,189
2026-08-27 19:56,1855867308,26.30,66.20,46.67,192
2026-08-27 19:58,1855987308,26.30,66.30,46.67,184
2026-08-27 20:00,1856107308,26.20,66.40,46.67,176
2026-08-27 20:02,1856227308,26.20,67.60,46.67,166
2026-08-27 20:04,1856347308,26.20,67.40,46.67,195
2026-08-27 20:06,1856467308,26.10,67.10,46.67,180
2026-08-27 20:08,1856587308,26.00,67.20,47.50,165
2026-08-27 20:10,1856707308,26.00,67.40,46.67,176
2026-08-27 20:12,1856827308,25.90,67.50,46.67,188
2026-08-27 20:14,1856947308,25.90,67.60,47.50,166
2026-08-27 20:16,1857067308,25.80,67.70,46.67,169
2026-08-27 20:18,1857187308,25.90,67.60,46.67,194
2026-08-27 20:20,1857307308,25.80,68.00,46.67,150
2026-08-27 20:22,1857427308,25.80,68.30,46.67,197
2026-08-27 20:24,1857547308,25.80,68.40,47.50,157
2026-08-27 20:26,1857667308,25.70,68.30,46.67,222
2026-08-27 20:28,1857787308,25.60,68.30,46.67,187
2026-08-27 20:30,1857907308,25.70,68.40,47.50,212
2026-08-27 20:32,1858027308,25.70,68.20,46.67,174
2026-08-27 20:34,1858147314,25.50,68.20,46.67,235
2026-08-27 20:36,1858267314,25.60,68.30,46.67,189
2026-08-27 20:38,1858387314,25.50,68.40,46.67,199
2026-08-27 20:40,1858507314,25.50,68.30,46.67,183
2026-08-27 20:42,1858627314,25.50,68.40,47.50,168
2026-08-27 20:44,1858747314,25.50,68.40,47.50,239
2026-08-27 20:46,1858867314,25.50,68.40,46.67,188
2026-08-27 20:48,1858987314,25.50,68.10,46.67,181
2026-08-27 20:50,1859107314,25.50,68.20,46.67,228
2026-08-27 20:52,1859227314,25.40,68.00,46.67,238
2026-08-27 20:54,1859347314,25.50,68.30,46.67,211
2026-08-27 20:56,1859467314,25.40,68.10,47.50,174
2026-08-27 20:58,1859587314,25.40,67.90,46.67,193
2026-08-27 21:00,1859707314,25.50,68.00,46.67,184
2026-08-27 21:02,1859827314,25.50,68.00,46.67,190
2026-08-27 21:04,1859947314,25.50,67.80,46.67,223
2026-08-27 21:06,1860067314,25.50,68.20,46.67,202
2026-08-27 21:08,1860187314,25.50,68.00,46.67,195
2026-08-27 21:10,1860307314,25.40,68.00,46.67,207
2026-08-27 21:12,1860427314,25.30,68.10,46.67,251
2026-08-27 21:14,1860547314,25.40,68.10,46.67,202
2026-08-27 21:16,1860667314,25.40,68.30,47.50,215
2026-08-27 21:18,1860787314,25.40,67.90,46.67,204
2026-08-27 21:20,1860907314,25.40,68.30,47.50,227
2026-08-27 21:22,1861027314,25.40,68.10,46.67,182
2026-08-27 21:24,1861147314,25.40,68.10,46.67,207
2026-08-27 21:26,1861267314,25.40,67.80,46.67,197
2026-08-27 21:28,1861387314,25.40,68.00,46.67,218
2026-08-27 21:30,1861507314,25.40,68.40,46.67,245
2026-08-27 21:32,1861627314,25.40,68.20,46.67,194
2026-08-27 21:34,1861747314,25.30,68.30,46.67,188
2026-08-27 21:36,1861867314,25.30,68.30,47.50,199
2026-08-27 21:38,1861987314,25.40,68.60,47.50,165
2026-08-27 21:40,1862107314,25.30,68.60,46.67,194
2026-08-27 21:42,1862227314,25.30,69.00,46.67,191
2026-08-27 21:44,1862347314,25.10,69.00,47.50,179
2026-08-27 21:46,1862467314,25.20,68.80,47.50,187
2026-08-27 21:48,1862587314,25.10,69.10,47.50,197
2026-08-27 21:50,1862707314,25.10,69.40,46.67,223
2026-08-27 21:52,1862827314,25.00,69.50,46.67,223
2026-08-27 21:54,1862947314,24.90,69.50,47.50,185
2026-08-27 21:56,1863067314,24.90,69.40,47.50,221
2026-08-27 21:58,1863187314,24.90,69.70,46.67,203
2026-08-27 22:00,1863307314,24.70,70.10,47.50,215
2026-08-27 22:02,1863427314,24.80,69.90,47.50,227
2026-08-27 22:04,1863547314,24.80,70.20,46.67,203
2026-08-27 22:06,1863667314,24.70,70.30,47.50,180
2026-08-27 22:08,1863787314,24.60,70.30,46.67,188
2026-08-27 22:10,1863907314,24.60,70.30,47.50,187
2026-08-27 22:12,1864027314,24.60,70.90,47.50,185
2026-08-27 22:14,1864147314,24.60,70.30,46.67,176
2026-08-27 22:16,1864267314,24.70,70.20,47.50,212
2026-08-27 22:18,1864387314,24.70,70.10,47.50,200
2026-08-27 22:20,1864507314,24.70,70.10,47.50,188
2026-08-27 22:22,1864627314,24.60,70.10,46.67,199
2026-08-27 22:24,1864747314,24.70,70.00,46.67,175
2026-08-27 22:26,1864867314,24.60,70.00,47.50,220
2026-08-27 22:28,1864987314,24.70,70.30,46.67,205
2026-08-27 22:30,1865107314,24.60,70.50,46.67,225
2026-08-27 22:32,1865227314,24.60,70.40,47.50,203
2026-08-27 22:34,1865347314,24.50,70.50,47.50,200
2026-08-27 22:36,1865467314,24.50,70.20,46.67,200
2026-08-27 22:38,1865587314,24.60,70.70,46.67,221
2026-08-27 22:40,1865707314,24.50,70.80,47.50,208
2026-08-27 22:42,1865827314,24.50,71.70,46.67,227
2026-08-27 22:44,1865947314,24.40,72.10,47.50,191
2026-08-27 22:46,1866067314,24.40,71.80,46.67,197
2026-08-27 22:48,1866187314,24.40,71.20,46.67,170
2026-08-27 22:50,1866307314,24.30,71.00,46.67,194
2026-08-27 22:52,1866427314,24.30,71.10,46.67,224
2026-08-27 22:54,1866547314,24.40,70.90,47.50,199
2026-08-27 22:56,1866667314,24.20,70.90,46.67,262
2026-08-27 22:58,1866787314,24.30,70.80,46.67,225
2026-08-27 23:00,1866907314,24.20,71.50,46.67,176
2026-08-27 23:02,1867027314,24.20,71.40,46.67,162
2026-08-27 23:04,1867147314,24.20,71.10,46.67,253
2026-08-27 23:06,1867267314,24.20,71.20,46.67,208
2026-08-27 23:08,1867387314,24.20,71.20,46.67,211
2026-08-27 23:10,1867507314,24.10,71.30,47.50,190
2026-08-27 23:12,1867627314,24.10,71.20,46.67,219
2026-08-27 23:14,1867747314,24.20,71.50,46.67,201
2026-08-27 23:16,1867867314,24.10,71.50,47.50,188
2026-08-27 23:18,1867987314,24.10,71.80,46.67,200
2026-08-27 23:20,1868107314,24.10,71.90,46.67,217
2026-08-27 23:22,1868227314,24.10,72.00,46.67,221
2026-08-27 23:24,1868347314,24.10,71.80,47.50,170
2026-08-27 23:26,1868467314,24.10,71.90,47.50,196
2026-08-27 23:28,1868587314,24.10,71.90,47.50,210
2026-08-27 23:30,1868707314,24.00,71.80,47.50,222
2026-08-27 23:32,1868827314,24.00,72.10,47.50,223
2026-08-27 23:34,1868947314,24.00,72.10,46.67,205
2026-08-27 23:36,1869067314,24.10,72.30,47.50,208
2026-08-27 23:38,1869187314,24.00,72.20,46.67,222
2026-08-27 23:40,1869307314,24.00,72.00,47.50,220
2026-08-27 23:42,1869427314,24.00,72.00,46.67,233
2026-08-27 23:44,1869547314,24.00,72.10,47.50,227
2026-08-27 23:46,1869667314,24.00,72.20,46.67,190
2026-08-27 23:48,1869787314,23.90,72.10,46.67,176
2026-08-27 23:50,1869907314,24.00,72.00,46.67,209
2026-08-27 23:52,1870027314,24.00,72.20,46.67,180
2026-08-27 23:54,1870147314,24.00,72.30,46.67,210
2026-08-27 23:56,1870267314,23.90,72.40,46.67,205
2026-08-27 23:58,1870387314,24.00,72.50,47.50,205
2026-08-28 00:00,1870507314,24.00,72.30,47.50,194
2026-08-28 00:02,1870627314,23.90,72.40,46.67,205
2026-08-28 00:04,1870747314,23.90,72.20,46.67,187
2026-08-28 00:06,1870867314,24.00,72.10,47.50,178
2026-08-28 00:08,1870987314,24.00,72.30,46.67,210
2026-08-28 00:10,1871107314,24.00,72.00,46.67,232
2026-08-28 00:12,1871227314,24.10,72.00,47.50,202
2026-08-28 00:14,1871347314,24.10,71.80,0.00,184
2026-08-28 00:16,1871467314,24.10,71.50,0.00,234
2026-08-28 00:18,1871587314,24.10,71.90,0.00,218
2026-08-28 00:20,1871707314,24.10,71.80,0.00,210
2026-08-28 00:22,1871827314,24.10,71.90,0.00,198
2026-08-28 00:24,1871947314,24.10,71.70,0.00,158
2026-08-28 00:26,1872067314,24.20,71.50,0.00,203
2026-08-28 00:28,1872187314,24.20,71.40,0.00,185
2026-08-28 00:30,1872307314,24.20,71.40,0.00,205
2026-08-28 00:32,1872427314,24.30,71.40,0.00,199
2026-08-28 00:34,1872547314,24.20,71.50,0.00,199
2026-08-28 00:36,1872667314,24.30,71.10,0.00,171
2026-08-28 00:38,1872787314,24.20,71.10,0.00,202
2026-08-28 00:40,1872907314,24.20,71.40,0.00,195
2026-08-28 00:42,1873027314,24.20,71.20,0.00,208
2026-08-28 00:44,1873147314,24.20,70.90,0.00,203
2026-08-28 00:46,1873267314,24.20,70.90,0.00,206
2026-08-28 00:48,1873387314,24.20,70.80,0.00,224
2026-08-28 00:50,1873507314,24.30,70.90,0.00,191
2026-08-28 00:52,1873627314,24.20,70.80,0.00,175
2026-08-28 00:54,1873747314,24.30,70.60,0.00,217
2026-08-28 00:56,1873867314,24.30,70.40,0.00,225
2026-08-28 00:58,1873987314,24.20,70.50,0.00,176
2026-08-28 01:00,1874107314,24.30,70.60,0.00,214
2026-08-28 01:02,1874227314,24.30,70.10,0.00,179
2026-08-28 01:04,1874347314,24.30,70.60,0.00,178
2026-08-28 01:06,1874467314,24.30,70.30,0.00,206
2026-08-28 01:08,1874587314,24.40,70.10,0.00,209
2026-08-28 01:10,1874707314,24.40,70.30,0.00,186
2026-08-28 01:12,1874827314,24.40,70.10,0.00,224
2026-08-28 01:14,1874947314,24.40,70.10,0.00,257
2026-08-28 01:16,1875067314,24.40,70.20,0.00,169
2026-08-28 01:18,1875187314,24.30,70.00,0.00,194
2026-08-28 01:20,1875307314,24.40,70.10,0.00,218
2026-08-28 01:22,1875427314,24.50,70.10,0.00,203
2026-08-28 01:24,1875547314,24.30,70.10,0.00,239
2026-08-28 01:26,1875667314,24.30,70.20,0.00,200
2026-08-28 01:28,1875787314,24.40,70.40,0.00,208
2026-08-28 01:30,1875907314,24.30,70.20,0.00,242
2026-08-28 01:32,1876027314,24.40,70.20,0.00,225
2026-08-28 01:34,1876147314,24.30,70.10,0.00,182
2026-08-28 01:36,1876267314,24.30,70.10,0.00,193
2026-08-28 01:38,1876387314,24.40,70.10,0.00,163
2026-08-28 01:40,1876507314,24.40,69.80,0.00,204
2026-08-28 01:42,1876627314,24.40,69.80,0.00,202
2026-08-28 01:44,1876747314,24.40,69.90,0.00,210
2026-08-28 01:46,1876867314,24.40,69.80,0.00,216
2026-08-28 01:48,1876987314,24.50,69.80,0.00,260
2026-08-28 01:50,1877107314,24.40,69.90,0.00,204
2026-08-28 01:52,1877227314,24.40,70.10,0.00,174
2026-08-28 01:54,1877347314,24.30,69.80,0.00,217
2026-08-28 01:56,1877467314,24.40,69.70,0.00,187
2026-08-28 01:58,1877587314,24.50,69.80,0.00,236
2026-08-28 02:00,1877707314,24.50,69.60,0.00,225
2026-08-28 02:02,1877827314,24.40,69.90,0.00,225
2026-08-28 02:04,1877947314,24.30,70.20,0.00,229
2026-08-28 02:06,1878067314,24.30,70.10,0.00,204
2026-08-28 02:08,1878187314,24.40,69.80,0.00,224
2026-08-28 02:10,1878307314,24.40,69.90,0.00,210
2026-08-28 02:12,1878427314,24.40,69.70,0.00,204
2026-08-28 02:14,1878547314,24.40,69.50,0.00,196
2026-08-28 02:16,1878667314,24.40,69.60,0.00,197
2026-08-28 02:18,1878787314,24.40,69.50,0.00,175
2026-08-28 02:20,1878907314,24.40,69.50,0.00,196
2026-08-28 02:22,1879027314,24.40,69.40,0.00,242
2026-08-28 02:24,1879147314,24.40,69.60,0.00,234
2026-08-28 02:26,1879267314,24.50,69.70,0.00,223
2026-08-28 02:28,1879387314,24.40,69.70,0.00,233
2026-08-28 02:30,1879507314,24.30,69.70,0.00,198
2026-08-28 02:32,1879627314,24.40,69.70,0.00,246
2026-08-28 02:34,1879747314,24.30,69.60,0.00,203
2026-08-28 02:36,1879867314,24.40,69.80,0.00,195
2026-08-28 02:38,1879987314,24.30,69.80,0.00,228
2026-08-28 02:40,1880107314,24.30,69.70,0.00,217
2026-08-28 02:42,1880227314,24.20,69.90,0.00,234
2026-08-28 02:44,1880347314,24.40,69.80,0.00,198
2026-08-28 02:46,1880467314,24.30,69.60,0.00,232
2026-08-28 02:48,1880587314,24.30,69.80,0.00,207
2026-08-28 02:50,1880707314,24.30,69.90,0.00,194
2026-08-28 02:52,1880827314,24.30,69.80,0.00,209
2026-08-28 02:54,1880947314,24.30,69.70,0.00,231
2026-08-28 02:56,1881067314,24.40,69.90,0.00,201
2026-08-28 02:58,1881187314,24.40,69.90,0.00,201
2026-08-28 03:00,1881307314,24.30,69.70,0.00,185
2026-08-28 03:02,1881427314,24.30,69.90,0.00,206
2026-08-28 03:04,1881547314,24.20,70.00,0.00,229
2026-08-28 03:06,1881667314,24.20,69.80,0.00,205
2026-08-28 03:08,1881787314,24.20,69.80,0.00,201
2026-08-28 03:10,1881907314,24.30,69.90,0.00,220
2026-08-28 03:12,1882027314,24.30,69.90,0.00,175
2026-08-28 03:14,1882147314,24.20,70.00,0.00,227
2026-08-28 03:16,1882267314,24.20,70.00,0.00,230
2026-08-28 03:18,1882387314,24.30,69.90,0.00,185
2026-08-28 03:20,1882507314,24.20,70.10,0.00,182
2026-08-28 03:22,1882627314,24.20,69.80,0.00,197
2026-08-28 03:24,1882747314,24.20,70.00,0.00,234
2026-08-28 03:26,1882867314,24.20,70.10,0.00,182
2026-08-28 03:28,1882987314,24.20,70.10,0.00,225
2026-08-28 03:30,1883107314,24.20,69.80,0.00,209
2026-08-28 03:32,1883227314,24.20,70.10,0.00,171
2026-08-28 03:34,1883347314,24.20,70.20,50.83,243
2026-08-28 03:36,1883467314,24.20,70.20,50.00,209
2026-08-28 03:38,1883587314,24.20,69.70,49.17,194
2026-08-28 03:40,1883707314,24.30,69.90,49.17,204
2026-08-28 03:42,1883827314,24.20,69.80,48.33,197
2026-08-28 03:44,1883947314,24.20,69.90,48.33,206
2026-08-28 03:46,1884067314,24.20,69.70,48.33,173
2026-08-28 03:48,1884187314,24.30,69.80,47.50,221
2026-08-28 03:50,1884307314,24.20,69.80,47.50,204
2026-08-28 03:52,1884427314,24.30,69.80,47.50,190
2026-08-28 03:54,1884547314,24.30,69.50,47.50,198
2026-08-28 03:56,1884667314,24.20,69.70,46.67,201
2026-08-28 03:58,1884787314,24.30,69.60,47.50,190
2026-08-28 04:00,1884907314,24.30,69.70,46.67,200
2026-08-28 04:02,1885027314,24.30,69.60,46.67,200
2026-08-28 04:04,1885147314,24.30,69.70,47.50,198
2026-08-28 04:06,1885267314,24.30,69.60,46.67,188
2026-08-28 04:08,1885387314,24.30,69.70,46.67,209
2026-08-28 04:10,1885507314,24.30,69.80,46.67,219
2026-08-28 04:12,1885627314,24.30,69.70,47.50,223
2026-08-28 04:14,1885747314,24.20,69.90,46.67,208
2026-08-28 04:16,1885867314,24.20,69.80,46.67,206
2026-08-28 04:18,1885987314,24.20,69.60,46.67,200
2026-08-28 04:20,1886107314,24.20,70.00,46.67,190
2026-08-28 04:22,1886227314,24.10,69.90,46.67,225
2026-08-28 04:24,1886347314,24.10,70.10,47.50,247
2026-08-28 04:26,1886467314,24.20,70.00,47.50,214
2026-08-28 04:28,1886587314,24.20,70.10,46.67,160
2026-08-28 04:30,1886707314,24.30,70.30,46.67,221
2026-08-28 04:32,1886827314,24.20,70.10,46.67,248
2026-08-28 04:34,1886947314,24.10,70.20,47.50,225
2026-08-28 04:36,1887067314,24.10,70.20,47.50,205
2026-08-28 04:38,1887187314,24.10,70.30,47.50,217
2026-08-28 04:40,1887307314,24.10,70.40,46.67,220
2026-08-28 04:42,1887427314,24.10,70.60,47.50,200
2026-08-28 04:44,1887547314,24.10,70.50,46.67,199
2026-08-28 04:46,1887667314,24.10,70.40,46.67,245
2026-08-28 04:48,1887787314,24.00,70.50,46.67,192
2026-08-28 04:50,1887907314,24.00,70.60,46.67,207
2026-08-28 04:52,1888027314,24.10,70.50,46.67,196
2026-08-28 04:54,1888147314,24.00,70.50,46.67,163
2026-08-28 04:56,1888267314,24.00,70.70,46.67,213
2026-08-28 04:58,1888387314,24.00,70.70,46.67,234
2026-08-28 05:00,1888507314,24.00,70.80,47.50,191
2026-08-28 05:02,1888627314,24.10,70.70,47.50,185
2026-08-28 05:04,1888747314,24.00,70.80,47.50,200
2026-08-28 05:06,1888867314,24.10,70.70,46.67,206
2026-08-28 05:08,1888987314,24.10,70.70,46.67,206
2026-08-28 05:10,1889107314,24.00,70.90,47.50,267
2026-08-28 05:12,1889227314,23.90,70.90,47.50,221
2026-08-28 05:14,1889347314,23.90,70.90,46.67,283
2026-08-28 05:16,1889467314,24.00,70.90,46.67,214
2026-08-28 05:18,1889587314,23.90,70.90,47.50,186
2026-08-28 05:20,1889707314,23.90,71.00,46.67,212
2026-08-28 05:22,1889827314,24.00,71.00,47.50,212
2026-08-28 05:24,1889947314,23.90,71.00,47.50,173
2026-08-28 05:26,1890067314,23.90,71.20,46.67,211
2026-08-28 05:28,1890187314,23.90,71.00,47.50,208
2026-08-28 05:30,1890307314,23.90,71.20,47.50,220
2026-08-28 05:32,1890427314,23.90,71.10,47.50,204
2026-08-28 05:34,1890547314,23.90,71.10,47.50,196
2026-08-28 05:36,1890667314,23.80,71.10,46.67,217
2026-08-28 05:38,1890787314,23.80,71.20,47.50,226
2026-08-28 05:40,1890907314,23.80,71.30,46.67,216
2026-08-28 05:42,1891027314,23.80,71.50,46.67,200
2026-08-28 05:44,1891147314,23.70,71.60,46.67,231
2026-08-28 05:46,1891267314,23.80,71.20,46.67,221
2026-08-28 05:48,1891387314,23.80,71.40,46.67,217
2026-08-28 05:50,1891507314,23.70,71.50,46.67,242
2026-08-28 05:52,1891627314,23.90,71.40,47.50,254
2026-08-28 05:54,1891747314,23.90,71.30,46.67,220
2026-08-28 05:56,1891867314,23.80,71.60,46.67,235
2026-08-28 05:58,1891987314,23.80,71.40,47.50,215
2026-08-28 06:00,1892107314,23.80,71.40,46.67,214
2026-08-28 06:02,1892227314,23.80,71.60,47.50,212
2026-08-28 06:04,1892347314,23.90,71.60,46.67,212
2026-08-28 06:06,1892467314,23.90,71.70,47.50,232
2026-08-28 06:08,1892587314,23.80,71.20,46.67,206
2026-08-28 06:10,1892707314,23.90,71.60,47.50,220
2026-08-28 06:12,1892827314,23.90,71.60,46.67,207
2026-08-28 06:14,1892947314,23.90,71.40,47.50,190
2026-08-28 06:16,1893067314,23.90,71.50,47.50,190
2026-08-28 06:18,1893187314,23.90,71.60,47.50,214
2026-08-28 06:20,1893307314,23.90,71.50,46.67,186
2026-08-28 06:22,1893427314,23.90,71.50,46.67,230
2026-08-28 06:24,1893547314,23.90,71.50,46.67,207
2026-08-28 06:26,1893667314,23.90,71.30,46.67,202
2026-08-28 06:28,1893787314,23.90,71.70,46.67,199
2026-08-28 06:30,1893907314,23.90,71.60,46.67,206
2026-08-28 06:32,1894027314,23.90,71.60,46.67,232
2026-08-28 06:34,1894147314,23.90,71.60,46.67,218
2026-08-28 06:36,1894267314,23.90,71.70,46.67,205
2026-08-28 06:38,1894387314,23.90,71.90,46.67,219
2026-08-28 06:40,1894507314,23.90,71.80,47.50,232
2026-08-28 06:42,1894627314,23.80,71.40,47.50,197
2026-08-28 06:44,1894747314,23.90,71.90,46.67,215
2026-08-28 06:46,1894867314,23.90,71.90,47.50,209
2026-08-28 06:48,1894987314,23.90,71.90,46.67,209
2026-08-28 06:50,1895107314,23.90,71.60,47.50,205
2026-08-28 06:52,1895227314,23.90,71.80,47.50,209
2026-08-28 06:54,1895347314,23.80,71.90,47.50,211
2026-08-28 06:56,1895467314,23.80,71.70,47.50,206
2026-08-28 06:58,1895587314,23.90,72.00,48.33,213
2026-08-28 07:00,1895707314,23.80,71.80,48.33,204
2026-08-28 07:02,1895827314,23.80,71.80,48.33,173
2026-08-28 07:04,1895947314,23.80,71.80,49.17,216
2026-08-28 07:06,1896067314,23.80,71.90,49.17,230
2026-08-28 07:08,1896187314,23.90,71.90,50.00,236
2026-08-28 07:10,1896307314,23.70,72.00,50.83,227
2026-08-28 07:12,1896427314,23.80,72.30,50.83,212
2026-08-28 07:14,1896547314,23.80,72.30,51.67,237
2026-08-28 07:16,1896667314,23.90,72.60,52.50,223
2026-08-28 07:18,1896787314,23.90,72.40,80.00,201
2026-08-28 07:20,1896907314,23.80,72.30,80.00,200
2026-08-28 07:22,1897027314,23.80,72.40,79.17,192
2026-08-28 07:24,1897147314,23.90,72.20,79.17,186
2026-08-28 07:26,1897267314,23.80,72.40,80.00,215
2026-08-28 07:28,1897387314,23.90,72.40,80.83,231
2026-08-28 07:30,1897507314,23.90,72.30,59.17,216
2026-08-28 07:32,1897627314,23.90,72.30,60.00,218
2026-08-28 07:34,1897747314,23.90,72.40,60.83,216
2026-08-28 07:36,1897867314,24.00,72.40,61.67,207
2026-08-28 07:38,1897987314,24.00,72.40,62.50,237
2026-08-28 07:40,1898107314,24.00,72.60,64.17,219
2026-08-28 07:42,1898227314,24.00,72.50,65.83,200
2026-08-28 07:44,1898347314,24.00,72.10,67.50,213
2026-08-28 07:46,1898467314,24.00,72.40,67.50,188
2026-08-28 07:48,1898587314,24.10,72.30,68.33,184
2026-08-28 07:50,1898707314,24.10,72.30,70.83,224
2026-08-28 07:52,1898827314,24.20,72.40,71.67,193
2026-08-28 07:54,1898947314,24.20,71.90,70.83,214
2026-08-28 07:56,1899067314,24.20,72.00,70.00,209
2026-08-28 07:58,1899187314,24.20,72.00,72.50,202
2026-08-28 08:00,1899307314,24.30,72.10,72.50,206
2026-08-28 08:02,1899427314,24.20,72.30,30.00,204
2026-08-28 08:04,1899547314,24.30,72.40,33.33,227
2026-08-28 08:06,1899667314,24.30,72.10,36.67,235
2026-08-28 08:08,1899787314,24.40,72.30,41.67,223
2026-08-28 08:10,1899907314,24.30,72.40,42.50,219
2026-08-28 08:12,1900027314,24.40,72.20,41.67,243
2026-08-28 08:14,1900147314,24.50,72.10,43.33,228
2026-08-28 08:16,1900267314,24.60,72.30,43.33,194
2026-08-28 08:18,1900387314,24.60,72.10,38.33,207
2026-08-28 08:20,1900507314,24.70,72.10,37.50,237
2026-08-28 08:22,1900627314,24.70,72.20,39.17,228
2026-08-28 08:24,1900747314,24.70,72.30,42.50,192
2026-08-28 08:26,1900867314,24.70,72.00,47.50,216
2026-08-28 08:28,1900987314,24.80,72.00,53.33,201
2026-08-28 08:30,1901107314,24.80,71.90,55.00,203
2026-08-28 08:32,1901227314,24.80,71.80,56.67,239
2026-08-28 08:34,1901347314,24.90,71.80,60.83,233
2026-08-28 08:36,1901467314,24.90,72.00,62.50,212
2026-08-28 08:38,1901587314,25.00,71.90,60.83,225
2026-08-28 08:40,1901707314,25.10,71.70,99.17,201
2026-08-28 08:42,1901827314,25.20,71.40,106.67,251
2026-08-28 08:44,1901947314,25.20,71.30,121.67,224
2026-08-28 08:46,1902067314,25.30,71.40,120.00,216
2026-08-28 08:48,1902187314,25.40,71.20,120.00,228
2026-08-28 08:50,1902307314,25.50,70.70,117.50,235
2026-08-28 08:52,1902427314,25.50,70.60,113.33,207
2026-08-28 08:54,1902547314,25.60,70.10,107.50,195
2026-08-28 08:56,1902667314,25.70,69.70,107.50,226
2026-08-28 08:58,1902787314,25.80,70.00,105.83,227
2026-08-28 09:00,1902907314,25.80,69.60,105.83,213
2026-08-28 09:02,1903027314,25.90,68.90,102.50,228
2026-08-28 09:04,1903147314,25.90,68.60,101.67,223
2026-08-28 09:06,1903267314,26.00,68.80,100.83,233
2026-08-28 09:08,1903387314,26.00,69.30,99.17,222
2026-08-28 09:10,1903507314,26.10,69.10,100.00,254
2026-08-28 09:12,1903627314,26.10,68.70,101.67,226
2026-08-28 09:14,1903747317,26.10,68.80,103.33,251
2026-08-28 09:16,1903867317,26.10,68.70,107.50,175
2026-08-28 09:18,1903987317,26.20,68.50,111.67,216
2026-08-28 09:20,1904107317,26.30,68.10,115.83,231
2026-08-28 09:22,1904227317,26.30,68.40,125.83,225
2026-08-28 09:24,1904347317,26.40,68.80,140.00,243
2026-08-28 09:26,1904467317,26.40,68.60,163.33,190
2026-08-28 09:28,1904587317,26.50,68.50,169.17,225
2026-08-28 09:30,1904707317,26.60,68.20,168.33,248
2026-08-28 09:32,1904827317,26.60,67.90,166.67,218
2026-08-28 09:34,1904947317,26.80,68.00,163.33,238
2026-08-28 09:36,1905067317,27.00,67.60,162.50,218
2026-08-28 09:38,1905187317,27.10,66.90,184.17,224
2026-08-28 09:40,1905307317,27.10,66.70,189.17,210
2026-08-28 09:42,1905427317,27.30,66.60,192.50,249
2026-08-28 09:44,1905547317,27.40,66.50,180.83,220
2026-08-28 09:46,1905667317,27.40,65.90,213.33,236
2026-08-28 09:48,1905787317,27.50,66.20,226.67,230
2026-08-28 09:50,1905907317,27.60,65.50,230.83,219
2026-08-28 09:52,1906027317,27.70,65.10,222.50,224
2026-08-28 09:54,1906147322,27.90,65.60,217.50,223
2026-08-28 09:56,1906267322,28.00,64.70,221.67,235
2026-08-28 09:58,1906387322,28.00,64.70,194.17,241
2026-08-28 10:00,1906507322,28.10,64.00,197.50,235
2026-08-28 10:02,1906627322,28.20,63.70,215.00,244
2026-08-28 10:04,1906747322,28.10,63.50,194.17,208
2026-08-28 10:06,1906867322,28.20,63.20,228.33,194
2026-08-28 10:08,1906987322,28.30,63.60,229.17,236
2026-08-28 10:10,1907107322,28.50,63.70,236.67,226
2026-08-28 10:12,1907227322,28.50,63.60,210.83,232
2026-08-28 10:14,1907347322,28.60,63.10,220.83,195
2026-08-28 10:16,1907467322,28.70,62.20,267.50,211
2026-08-28 10:18,1907587322,28.70,62.60,205.00,202
2026-08-28 10:20,1907707322,28.80,62.10,287.50,235
2026-08-28 10:22,1907827322,28.90,61.90,282.50,210
2026-08-28 10:24,1907947322,28.90,62.10,296.67,239
2026-08-28 10:26,1908067322,29.10,63.10,266.67,221
2026-08-28 10:28,1908187322,29.20,62.90,252.50,260
2026-08-28 10:30,1908307322,29.40,62.30,288.33,215
2026-08-28 10:32,1908427322,29.50,61.20,228.33,236
2026-08-28 10:34,1908547322,29.50,61.30,315.83,267
2026-08-28 10:36,1908667322,29.60,61.40,293.33,222
2026-08-28 10:38,1908787322,29.70,61.20,317.50,278
2026-08-28 10:40,1908907322,29.80,60.10,335.00,216
2026-08-28 10:42,1909027322,30.00,60.40,307.50,226
2026-08-28 10:44,1909147322,30.10,59.60,267.50,205
2026-08-28 10:46,1909267322,30.10,60.40,296.67,211
2026-08-28 10:48,1909387322,30.20,60.00,316.67,237
2026-08-28 10:50,1909507322,30.40,59.90,331.67,192
2026-08-28 10:52,1909627322,30.50,59.30,327.50,233
2026-08-28 10:54,1909747322,30.60,59.70,325.00,230
2026-08-28 10:56,1909867322,30.70,59.10,303.33,224
2026-08-28 10:58,1909987322,30.70,57.70,334.17,228
2026-08-28 11:00,1910107322,30.80,58.60,293.33,219
2026-08-28 11:02,1910227322,30.80,58.60,253.33,208
2026-08-28 11:04,1910347322,30.90,59.10,341.67,209
2026-08-28 11:06,1910467322,31.00,56.90,346.67,213
2026-08-28 11:08,1910587322,31.20,57.80,340.83,186
2026-08-28 11:10,1910707322,31.20,58.50,340.83,218
2026-08-28 11:12,1910827322,31.40,56.80,347.50,250
2026-08-28 11:14,1910947322,31.30,56.80,344.17,244
2026-08-28 11:16,1911067322,31.50,57.10,348.33,243
2026-08-28 11:18,1911187322,31.40,57.00,350.00,225
2026-08-28 11:20,1911307322,31.60,57.80,340.00,215
2026-08-28 11:22,1911427322,31.70,56.70,337.50,219
2026-08-28 11:24,1911547322,31.70,57.10,341.67,265
2026-08-28 11:26,1911667322,31.80,57.00,335.00,228
2026-08-28 11:28,1911787322,31.90,56.50,341.67,219
2026-08-28 11:30,1911907322,31.90,56.00,329.17,230
2026-08-28 11:32,1912027322,32.00,55.60,338.33,248
2026-08-28 11:34,1912147322,32.00,56.70,323.33,208
2026-08-28 11:36,1912267322,32.10,56.50,320.00,232
2026-08-28 11:38,1912387322,32.10,54.40,327.50,283
2026-08-28 11:40,1912507322,32.20,54.20,337.50,252
2026-08-28 11:42,1912627322,32.20,56.50,330.00,210
2026-08-28 11:44,1912747322,32.30,54.50,334.17,226
2026-08-28 11:46,1912867322,32.30,54.00,332.50,225
2026-08-28 11:48,1912987324,32.30,54.50,341.67,217
2026-08-28 11:50,1913107324,32.40,55.20,364.17,234
2026-08-28 11:52,1913227324,32.50,54.60,358.33,210
2026-08-28 11:54,1913347324,32.60,55.10,345.00,211
2026-08-28 11:56,1913467324,32.60,54.60,335.83,227
2026-08-28 11:58,1913587324,32.60,54.60,342.50,227
2026-08-28 12:00,1913707324,32.70,54.00,339.17,226
2026-08-28 12:02,1913827324,32.60,53.90,349.17,249
2026-08-28 12:04,1913947324,32.60,54.10,317.50,243
2026-08-28 12:06,1914067324,32.60,54.10,291.67,229
2026-08-28 12:08,1914187324,32.60,53.60,299.17,251
2026-08-28 12:10,1914307324,32.50,54.00,303.33,220
2026-08-28 12:12,1914427324,32.50,53.20,299.17,226
2026-08-28 12:14,1914547324,32.60,54.00,316.67,253
2026-08-28 12:16,1914667324,32.50,54.80,325.00,232
2026-08-28 12:18,1914787324,32.50,53.60,310.00,222
2026-08-28 12:20,1914907324,32.50,53.70,305.83,203
2026-08-28 12:22,1915027324,32.50,54.60,328.33,233
2026-08-28 12:24,1915147324,32.70,55.00,305.83,229
2026-08-28 12:26,1915267324,32.70,54.40,199.17,223
2026-08-28 12:28,1915387324,32.70,54.10,351.67,193
2026-08-28 12:30,1915507324,32.70,53.10,336.67,235
2026-08-28 12:32,1915627324,32.70,54.00,202.50,221
2026-08-28 12:34,1915747324,32.50,53.00,210.00,235
2026-08-28 12:36,1915867324,32.60,53.80,237.50,225
2026-08-28 12:38,1915987324,32.60,54.30,170.83,226
2026-08-28 12:40,1916107324,32.50,55.60,175.83,216
2026-08-28 12:42,1916227324,32.50,55.20,155.83,232
2026-08-28 12:44,1916347324,32.50,53.90,165.00,251
2026-08-28 12:46,1916467324,32.40,54.90,154.17,240
2026-08-28 12:48,1916587324,32.30,54.30,183.33,207
2026-08-28 12:50,1916707324,32.20,54.50,205.83,222
2026-08-28 12:52,1916827324,32.20,53.70,205.00,288
2026-08-28 12:54,1916947324,32.30,55.80,258.33,237
2026-08-28 12:56,1917067324,32.40,54.90,156.67,203
2026-08-28 12:58,1917187324,32.40,54.40,152.50,210
2026-08-28 13:00,1917307324,32.40,54.10,165.83,229
2026-08-28 13:02,1917427324,32.30,55.00,185.00,263
2026-08-28 13:04,1917547324,32.30,54.30,380.83,231
2026-08-28 13:06,1917667324,32.40,55.30,144.17,205
2026-08-28 13:08,1917787324,32.30,53.90,131.67,232
2026-08-28 13:10,1917907324,32.30,54.80,112.50,186
2026-08-28 13:12,1918027324,32.30,55.20,120.00,216
2026-08-28 13:14,1918147324,32.20,54.30,155.83,199
2026-08-28 13:16,1918267324,32.20,55.30,160.00,223
2026-08-28 13:18,1918387324,32.20,55.50,136.67,251
2026-08-28 13:20,1918507324,32.10,55.20,124.17,253
2026-08-28 13:22,1918627324,32.20,54.90,116.67,222
2026-08-28 13:24,1918747324,32.10,56.10,135.83,192
2026-08-28 13:26,1918867324,32.10,56.30,160.83,211
2026-08-28 13:28,1918987324,32.00,56.50,179.17,241
2026-08-28 13:30,1919107324,32.10,56.10,215.00,221
2026-08-28 13:32,1919227324,32.10,56.30,234.17,229
2026-08-28 13:34,1919347324,32.20,56.50,115.83,241
2026-08-28 13:36,1919467324,32.20,55.70,236.67,221
2026-08-28 13:38,1919587324,32.20,55.40,146.67,249
2026-08-28 13:40,1919707324,32.10,56.20,135.00,248
2026-08-28 13:42,1919827324,32.20,56.60,143.33,211
2026-08-28 13:44,1919947324,32.10,56.50,138.33,287
2026-08-28 13:46,1920067324,32.20,56.60,138.33,264
2026-08-28 13:48,1920187324,32.40,57.40,241.67,234
2026-08-28 13:50,1920307324,32.40,57.60,372.50,217
2026-08-28 13:52,1920427324,32.40,57.70,138.33,205
2026-08-28 13:54,1920547324,32.60,57.30,338.33,226
2026-08-28 13:56,1920667324,32.60,55.90,255.83,218
2026-08-28 13:58,1920787324,32.70,56.50,359.17,228
2026-08-28 14:00,1920907324,32.90,55.90,156.67,204
2026-08-28 14:02,1921027324,33.00,55.70,330.00,193
2026-08-28 14:04,1921147324,33.00,56.40,380.83,247
2026-08-28 14:06,1921267324,33.10,55.00,384.17,289
2026-08-28 14:08,1921387324,33.30,54.60,167.50,219
2026-08-28 14:10,1921507324,33.30,52.40,155.00,225
2026-08-28 14:12,1921627324,33.20,53.40,197.50,209
2026-08-28 14:14,1921747324,33.10,54.20,357.50,227
2026-08-28 14:16,1921867324,33.10,53.90,188.33,229
2026-08-28 14:18,1921987324,33.00,53.30,159.17,249
2026-08-28 14:20,1922107324,32.90,54.10,151.67,239
2026-08-28 14:22,1922227324,33.00,53.00,148.33,247
2026-08-28 14:24,1922347324,32.90,54.00,148.33,230
2026-08-28 14:26,1922467324,32.70,54.50,160.00,206
2026-08-28 14:28,1922587324,32.90,55.10,165.83,222
2026-08-28 14:30,1922707324,32.80,55.00,320.83,243
2026-08-28 14:32,1922827324,32.90,54.60,184.17,244
2026-08-28 14:34,1922947324,33.00,54.80,355.00,194
2026-08-28 14:36,1923067324,33.10,55.20,356.67,224
2026-08-28 14:38,1923187324,33.20,53.70,345.83,237
2026-08-28 14:40,1923307324,33.20,54.30,184.17,230
2026-08-28 14:42,1923427324,33.30,53.60,160.83,225
2026-08-28 14:44,1923547324,33.40,53.30,166.67,221
2026-08-28 14:46,1923667324,33.30,53.80,309.17,239
2026-08-28 14:48,1923787324,33.30,53.90,189.17,233
2026-08-28 14:50,1923907324,33.30,54.00,343.33,233
2026-08-28 14:52,1924027324,33.40,54.40,285.00,199
2026-08-28 14:54,1924147324,33.40,54.50,286.67,213
2026-08-28 14:56,1924267324,33.40,55.20,200.00,224
2026-08-28 14:58,1924387324,33.50,55.70,162.50,266
2026-08-28 15:00,1924507324,33.60,55.30,273.33,223
2026-08-28 15:02,1924627324,33.80,54.90,150.00,208
2026-08-28 15:04,1924747324,33.90,54.80,326.67,211
2026-08-28 15:06,1924867324,33.90,54.50,320.00,228
2026-08-28 15:08,1924987324,33.90,54.10,250.83,222
2026-08-28 15:10,1925107324,34.00,54.10,137.50,218
2026-08-28 15:12,1925227324,33.90,54.00,234.17,200
2026-08-28 15:14,1925347324,34.00,54.00,317.50,236
2026-08-28 15:16,1925467324,33.80,53.90,270.83,273
2026-08-28 15:18,1925587324,33.80,52.50,102.50,219
2026-08-28 15:20,1925707324,33.80,53.00,105.00,227
2026-08-28 15:22,1925827324,33.70,54.00,108.33,220
2026-08-28 15:24,1925947324,33.60,54.10,109.17,229
2026-08-28 15:26,1926067324,33.50,54.30,102.50,200
2026-08-28 15:28,1926187324,33.40,54.80,118.33,182
2026-08-28 15:30,1926307324,33.30,54.60,102.50,243
2026-08-28 15:32,1926427324,33.20,55.50,190.83,217
2026-08-28 15:34,1926547324,33.10,55.20,286.67,232
2026-08-28 15:36,1926667324,33.20,56.50,294.17,238
2026-08-28 15:38,1926787324,33.10,55.90,113.33,216
2026-08-28 15:40,1926907324,33.20,56.30,126.67,232
2026-08-28 15:42,1927027324,33.30,56.10,165.83,210
2026-08-28 15:44,1927147324,33.30,55.50,278.33,226
2026-08-28 15:46,1927267324,33.30,56.00,276.67,226
2026-08-28 15:48,1927387324,33.40,55.90,259.17,214
2026-08-28 15:50,1927507324,33.30,55.50,137.50,240
2026-08-28 15:52,1927627324,33.40,55.20,219.17,225
2026-08-28 15:54,1927747324,33.40,56.30,165.83,205
2026-08-28 15:56,1927867324,33.40,55.60,122.50,206
2026-08-28 15:58,1927987324,33.30,55.40,224.17,211
2026-08-28 16:00,1928107324,33.40,56.10,149.17,202
2026-08-28 16:02,1928227324,33.30,55.20,118.33,296
2026-08-28 16:04,1928347324,33.10,55.10,115.00,197
2026-08-28 16:06,1928467324,33.00,56.10,144.17,217
2026-08-28 16:08,1928587324,33.00,56.50,239.17,225
2026-08-28 16:10,1928707330,32.90,57.20,249.17,217
2026-08-28 16:12,1928827330,33.10,57.60,236.67,245
2026-08-28 16:14,1928947330,33.10,56.90,222.50,231
2026-08-28 16:16,1929067330,33.30,56.40,218.33,250
2026-08-28 16:18,1929187330,33.20,56.20,209.17,213
2026-08-28 16:20,1929307330,33.30,57.00,217.50,254
2026-08-28 16:22,1929427330,33.30,56.80,214.17,248
2026-08-28 16:24,1929547330,33.40,56.90,212.50,214
2026-08-28 16:26,1929667330,33.50,56.60,210.83,229
2026-08-28 16:28,1929787330,33.50,56.00,225.00,206
2026-08-28 16:30,1929907330,33.60,56.00,215.00,214
2026-08-28 16:32,1930027330,33.40,55.80,200.00,235
2026-08-28 16:34,1930147330,33.50,55.60,213.33,239
2026-08-28 16:36,1930267330,33.50,56.20,187.50,219
2026-08-28 16:38,1930387330,33.50,55.40,178.33,207
2026-08-28 16:40,1930507330,33.50,55.80,195.83,209
2026-08-28 16:42,1930627330,33.40,55.40,177.50,259
2026-08-28 16:44,1930747330,33.30,55.90,180.83,230
2026-08-28 16:46,1930867330,33.40,56.30,185.83,226
2026-08-28 16:48,1930987330,33.30,55.50,182.50,223
2026-08-28 16:50,1931107330,33.10,56.10,175.00,263
2026-08-28 16:52,1931227330,33.20,56.50,173.33,273
2026-08-28 16:54,1931347330,33.10,57.00,164.17,248
2026-08-28 16:56,1931467330,33.00,56.40,155.83,209
2026-08-28 16:58,1931587330,33.00,56.70,137.50,253
2026-08-28 17:00,1931707330,33.00,56.80,138.33,213
2026-08-28 17:02,1931827330,32.90,56.50,145.00,228
2026-08-28 17:04,1931947330,32.90,56.40,125.83,247
2026-08-28 17:06,1932067330,32.90,57.30,136.67,201
2026-08-28 17:08,1932187330,32.90,56.90,94.17,218
2026-08-28 17:10,1932307330,32.90,57.60,121.67,226
2026-08-28 17:12,1932427330,32.80,58.10,80.00,246
2026-08-28 17:14,1932547330,32.70,57.60,70.00,202
2026-08-28 17:16,1932667330,32.60,57.60,60.00,251
2026-08-28 17:18,1932787330,32.60,58.30,55.83,217
2026-08-28 17:20,1932907330,32.60,57.80,54.17,215
2026-08-28 17:22,1933027330,32.50,58.20,55.83,239
2026-08-28 17:24,1933147330,32.30,58.60,53.33,243
2026-08-28 17:26,1933267330,32.30,59.10,50.83,220
2026-08-28 17:28,1933387330,32.20,58.70,48.33,238
2026-08-28 17:30,1933507330,32.10,58.70,45.83,247
2026-08-28 17:32,1933627330,31.90,59.00,43.33,250
2026-08-28 17:34,1933747330,31.80,59.20,40.83,240
2026-08-28 17:36,1933867330,31.80,59.60,39.17,227
2026-08-28 17:38,1933987330,31.80,59.50,38.33,205
2026-08-28 17:40,1934107330,31.70,59.70,40.00,235
2026-08-28 17:42,1934227330,31.50,59.90,41.67,258
2026-08-28 17:44,1934347330,31.40,60.50,45.00,258
2026-08-28 17:46,1934467330,31.30,60.80,45.83,213
2026-08-28 17:48,1934587330,30.90,61.20,44.17,235
2026-08-28 17:50,1934707330,30.70,62.10,42.50,252
2026-08-28 17:52,1934827330,30.50,62.70,45.00,245
2026-08-28 17:54,1934947330,30.40,62.80,47.50,199
2026-08-28 17:56,1935067330,30.20,63.20,45.83,213
2026-08-28 17:58,1935187330,30.00,63.40,41.67,228
2026-08-28 18:00,1935307330,29.90,63.90,38.33,222
2026-08-28 18:02,1935427330,29.70,64.10,35.83,245
2026-08-28 18:04,1935547330,29.60,64.40,34.17,229
2026-08-28 18:06,1935667330,29.40,64.60,34.17,216
2026-08-28 18:08,1935787330,29.20,65.30,32.50,225
2026-08-28 18:10,1935907330,29.20,65.50,31.67,228
2026-08-28 18:12,1936027330,29.00,65.20,30.83,245
2026-08-28 18:14,1936147330,29.00,65.80,30.00,220
2026-08-28 18:16,1936267330,28.90,65.80,29.17,224
2026-08-28 18:18,1936387330,28.60,66.10,28.33,183
2026-08-28 18:20,1936507330,28.60,66.30,27.50,203
2026-08-28 18:22,1936627330,28.40,66.40,26.67,219
2026-08-28 18:24,1936747330,28.30,66.90,26.67,250
2026-08-28 18:26,1936867330,28.30,67.00,26.67,271
2026-08-28 18:28,1936987330,28.10,67.10,25.83,254
2026-08-28 18:30,1937107336,27.90,67.50,76.67,235
2026-08-28 18:32,1937227336,27.70,67.70,75.83,200
2026-08-28 18:34,1937347336,27.70,67.70,74.17,170
2026-08-28 18:36,1937467336,27.50,68.20,74.17,228
2026-08-28 18:38,1937587336,27.40,68.30,73.33,215
2026-08-28 18:40,1937707336,27.30,68.50,73.33,228
2026-08-28 18:42,1937827336,27.10,68.30,72.50,259
2026-08-28 18:44,1937947336,27.00,68.60,72.50,202
2026-08-28 18:46,1938067336,26.90,69.10,71.67,224
2026-08-28 18:48,1938187336,26.80,69.00,71.67,226
2026-08-28 18:50,1938307336,26.60,69.10,71.67,218
2026-08-28 18:52,1938427336,26.60,69.50,72.50,209
2026-08-28 18:54,1938547336,26.50,69.60,71.67,217
2026-08-28 18:56,1938667336,26.40,69.90,70.83,205
2026-08-28 18:58,1938787336,26.40,70.00,70.83,254
2026-08-28 19:00,1938907336,26.30,69.60,71.67,207
2026-08-28 19:02,1939027336,26.20,69.80,71.67,238
2026-08-28 19:04,1939147336,26.20,69.90,70.83,290
2026-08-28 19:06,1939267336,26.10,70.00,70.83,216
2026-08-28 19:08,1939387336,26.10,70.10,70.83,224
2026-08-28 19:10,1939507336,26.00,70.20,71.67,219
2026-08-28 19:12,1939627336,25.90,70.30,71.67,222
2026-08-28 19:14,1939747336,25.90,70.50,70.83,210
2026-08-28 19:16,1939867336,25.90,70.60,70.83,229
2026-08-28 19:18,1939987336,25.80,71.00,70.83,207
2026-08-28 19:20,1940107336,25.80,70.90,71.67,203
2026-08-28 19:22,1940227336,25.70,71.30,70.83,189
2026-08-28 19:24,1940347336,25.70,71.10,70.83,248
2026-08-28 19:26,1940467336,25.50,71.10,71.67,214
2026-08-28 19:28,1940587336,25.50,71.40,70.83,221
2026-08-28 19:30,1940707336,25.50,71.80,70.83,229
2026-08-28 19:32,1940827336,25.50,71.50,70.00,218
2026-08-28 19:34,1940947336,25.60,71.70,70.00,228
2026-08-28 19:36,1941067336,25.50,71.60,70.00,239
2026-08-28 19:38,1941187336,25.40,71.50,70.00,214
2026-08-28 19:40,1941307336,25.40,71.60,70.00,223
2026-08-28 19:42,1941427336,25.40,71.60,70.83,246
2026-08-28 19:44,1941547336,25.40,72.10,70.83,241
2026-08-28 19:46,1941667336,25.30,72.30,70.83,232
2026-08-28 19:48,1941787336,25.30,72.20,70.00,250
2026-08-28 19:50,1941907336,25.30,72.20,70.00,233
2026-08-28 19:52,1942027336,25.30,72.10,70.00,241
2026-08-28 19:54,1942147336,25.30,72.00,70.00,230
2026-08-28 19:56,1942267336,25.30,72.50,70.83,239
2026-08-28 19:58,1942387336,25.30,72.70,70.00,221
2026-08-28 20:00,1942507336,25.20,72.90,70.00,223
2026-08-28 20:02,1942627336,25.10,72.80,70.83,216
2026-08-28 20:04,1942747336,25.10,72.70,70.83,253
2026-08-28 20:06,1942867336,25.10,73.10,70.00,216
2026-08-28 20:08,1942987336,25.10,73.10,70.83,220
2026-08-28 20:10,1943107336,25.00,72.90,70.83,215
2026-08-28 20:12,1943227336,25.10,73.40,70.83,218
2026-08-28 20:14,1943347336,24.90,73.10,70.83,218
2026-08-28 20:16,1943467336,24.90,73.30,70.83,229
2026-08-28 20:18,1943587336,24.90,73.40,70.00,231
2026-08-28 20:20,1943707336,24.90,73.60,70.83,218
2026-08-28 20:22,1943827336,24.80,73.70,70.83,216
2026-08-28 20:24,1943947336,24.70,73.70,70.83,229
2026-08-28 20:26,1944067336,24.80,74.30,70.00,235
2026-08-28 20:28,1944187336,24.80,74.00,70.83,222
2026-08-28 20:30,1944307336,24.70,73.90,70.00,211
2026-08-28 20:32,1944427336,24.60,73.80,70.83,209
2026-08-28 20:34,1944547336,24.70,73.90,70.83,178
2026-08-28 20:36,1944667336,24.60,73.50,70.00,246
2026-08-28 20:38,1944787336,24.60,73.50,70.00,222
2026-08-28 20:40,1944907336,24.60,73.30,70.00,249
2026-08-28 20:42,1945027336,24.70,73.30,70.00,237
2026-08-28 20:44,1945147336,24.60,73.50,70.00,175
2026-08-28 20:46,1945267336,24.50,73.10,69.17,207
2026-08-28 20:48,1945387336,24.50,73.10,70.00,195
2026-08-28 20:50,1945507336,24.50,73.30,70.00,223
2026-08-28 20:52,1945627336,24.50,73.90,70.83,201
2026-08-28 20:54,1945747336,24.40,73.50,70.00,217
2026-08-28 20:56,1945867336,24.40,73.60,70.00,213
2026-08-28 20:58,1945987336,24.30,73.80,70.83,239
2026-08-28 21:00,1946107336,24.20,73.60,70.83,252
2026-08-28 21:02,1946227336,24.10,73.30,70.83,230
2026-08-28 21:04,1946347336,24.10,73.20,70.83,219
2026-08-28 21:06,1946467336,24.00,73.50,70.83,235
2026-08-28 21:08,1946587336,23.90,72.90,70.83,217
2026-08-28 21:10,1946707336,23.70,72.70,71.67,209
2026-08-28 21:12,1946827336,23.70,72.90,70.83,245
2026-08-28 21:14,1946947336,23.60,72.70,70.83,212
2026-08-28 21:16,1947067336,23.60,72.70,70.83,217
2026-08-28 21:18,1947187336,23.50,72.80,70.83,239
2026-08-28 21:20,1947307336,23.30,72.70,70.83,214
2026-08-28 21:22,1947427336,23.30,73.20,70.83,241
2026-08-28 21:24,1947547336,23.30,73.00,70.83,244
2026-08-28 21:26,1947667336,23.30,73.10,70.83,226
2026-08-28 21:28,1947787336,23.30,73.40,70.83,241
2026-08-28 21:30,1947907336,23.20,73.50,70.83,227
2026-08-28 21:32,1948027336,23.10,73.40,70.83,243
2026-08-28 21:34,1948147336,23.00,72.70,71.67,216
2026-08-28 21:36,1948267336,23.00,73.00,70.83,235
2026-08-28 21:38,1948387336,23.00,72.80,71.67,279
2026-08-28 21:40,1948507336,22.90,72.70,71.67,225
2026-08-28 21:42,1948627336,22.70,73.20,71.67,212
2026-08-28 21:44,1948747336,22.70,73.60,71.67,229
2026-08-28 21:46,1948867336,22.60,73.40,71.67,235
2026-08-28 21:48,1948987336,22.60,73.60,70.83,216
2026-08-28 21:50,1949107336,22.50,73.90,71.67,223
2026-08-28 21:52,1949227336,22.50,74.10,71.67,246
2026-08-28 21:54,1949347336,22.50,73.90,71.67,227
2026-08-28 21:56,1949467336,22.40,74.30,70.83,220
2026-08-28 21:58,1949587336,22.40,74.30,71.67,267
2026-08-28 22:00,1949707336,22.30,74.60,71.67,220
2026-08-28 22:02,1949827336,22.30,74.50,71.67,237
2026-08-28 22:04,1949947336,22.20,74.40,71.67,225
2026-08-28 22:06,1950067336,22.20,74.60,71.67,205
2026-08-28 22:08,1950187336,22.10,74.50,70.83,243
2026-08-28 22:10,1950307336,22.10,74.70,70.83,283
2026-08-28 22:12,1950427336,22.10,74.80,70.83,210
2026-08-28 22:14,1950547336,22.10,74.60,70.83,216
2026-08-28 22:16,1950667336,22.00,74.50,70.83,214
2026-08-28 22:18,1950787336,22.00,74.50,70.83,283
2026-08-28 22:20,1950907336,22.00,74.40,70.83,228
2026-08-28 22:22,1951027336,21.90,74.50,71.67,219
2026-08-28 22:24,1951147336,21.90,74.60,70.83,228
2026-08-28 22:26,1951267336,21.90,74.60,70.83,203
2026-08-28 22:28,1951387336,21.80,74.70,70.83,225
2026-08-28 22:30,1951507336,21.70,74.60,71.67,255
2026-08-28 22:32,1951627336,21.80,74.80,71.67,237
2026-08-28 22:34,1951747336,21.70,74.50,71.67,196
2026-08-28 22:36,1951867336,21.70,74.90,70.83,249
2026-08-28 22:38,1951987336,21.60,74.90,70.83,236
2026-08-28 22:40,1952107336,21.60,75.40,71.67,238
2026-08-28 22:42,1952227336,21.60,75.00,71.67,185
2026-08-28 22:44,1952347336,21.50,74.80,71.67,240
2026-08-28 22:46,1952467336,21.50,75.40,70.83,233
2026-08-28 22:48,1952587336,21.50,75.30,71.67,215
2026-08-28 22:50,1952707336,21.50,75.30,70.83,200
2026-08-28 22:52,1952827336,21.40,75.20,70.83,231
2026-08-28 22:54,1952947336,21.40,75.60,70.83,269
2026-08-28 22:56,1953067336,21.40,75.20,70.83,222
2026-08-28 22:58,1953187336,21.30,75.30,71.67,197
2026-08-28 23:00,1953307336,21.40,75.10,71.67,202
2026-08-28 23:02,1953427336,21.40,75.30,70.83,216
2026-08-28 23:04,1953547336,21.40,75.30,71.67,217
2026-08-28 23:06,1953667336,21.30,75.50,70.83,246
2026-08-28 23:08,1953787336,21.30,75.50,70.83,222
2026-08-28 23:10,1953907336,21.30,75.50,70.83,269
2026-08-28 23:12,1954027336,21.30,75.40,70.83,199
2026-08-28 23:14,1954147336,21.20,75.70,70.83,248
2026-08-28 23:16,1954267336,21.30,75.60,70.83,220
2026-08-28 23:18,1954387336,21.20,75.50,70.83,216
2026-08-28 23:20,1954507336,21.20,76.00,70.83,217
2026-08-28 23:22,1954627336,21.20,76.00,70.83,207
2026-08-28 23:24,1954747336,21.20,76.10,70.83,206
2026-08-28 23:26,1954867336,21.20,75.90,70.83,212
2026-08-28 23:28,1954987336,21.20,75.80,70.83,191
2026-08-28 23:30,1955107336,21.30,75.80,70.83,185
2026-08-28 23:32,1955227336,21.20,76.10,70.00,198
2026-08-28 23:34,1955347336,21.10,76.20,70.83,228
2026-08-28 23:36,1955467336,21.20,76.00,70.00,235
2026-08-28 23:38,1955587336,21.20,76.20,70.00,255
2026-08-28 23:40,1955707336,21.20,75.80,70.00,217
2026-08-28 23:42,1955827336,21.20,76.00,70.83,218
2026-08-28 23:44,1955947336,21.20,76.00,70.00,174
2026-08-28 23:46,1956067336,21.30,76.30,70.83,212
2026-08-28 23:48,1956187336,21.20,76.20,70.83,218
2026-08-28 23:50,1956307336,21.20,75.80,70.83,200
2026-08-28 23:52,1956427336,21.10,76.10,70.83,212
2026-08-28 23:54,1956547337,21.10,76.10,70.83,227
2026-08-28 23:56,1956667337,21.10,76.30,70.83,225
2026-08-28 23:58,1956787337,21.00,76.10,70.83,205
2026-08-29 00:00,1956907337,21.00,76.30,70.83,225
2026-08-29 00:02,1957027337,20.90,76.40,70.83,252
2026-08-29 00:04,1957147337,21.00,76.40,70.83,235
2026-08-29 00:06,1957267337,20.90,76.30,71.67,207
2026-08-29 00:08,1957387337,20.80,76.50,71.67,271
2026-08-29 00:10,1957507337,20.80,76.50,71.67,210
2026-08-29 00:12,1957627344,20.70,76.50,70.83,205
2026-08-29 00:14,1957747344,20.70,76.90,24.17,181
2026-08-29 00:16,1957867344,20.70,76.90,24.17,188
2026-08-29 00:18,1957987344,20.60,76.90,24.17,237
2026-08-29 00:20,1958107344,20.60,77.10,24.17,178
2026-08-29 00:22,1958227344,20.60,76.90,25.00,224
2026-08-29 00:24,1958347344,20.60,77.10,25.00,262
2026-08-29 00:26,1958467344,20.50,77.10,24.17,290
2026-08-29 00:28,1958587344,20.60,77.10,24.17,215
2026-08-29 00:30,1958707344,20.50,77.30,24.17,204
2026-08-29 00:32,1958827344,20.50,77.50,24.17,210
2026-08-29 00:34,1958947344,20.50,77.40,24.17,223
2026-08-29 00:36,1959067344,20.40,77.40,24.17,246
2026-08-29 00:38,1959187344,20.40,77.20,24.17,233
2026-08-29 00:40,1959307344,20.40,77.20,24.17,229
2026-08-29 00:42,1959427344,20.40,77.20,24.17,236
2026-08-29 00:44,1959547344,20.50,77.30,24.17,240
2026-08-29 00:46,1959667344,20.40,77.40,24.17,201
2026-08-29 00:48,1959787344,20.40,77.40,24.17,215
2026-08-29 00:50,1959907344,20.50,77.10,23.33,222
2026-08-29 00:52,1960027344,20.50,77.40,23.33,195
2026-08-29 00:54,1960147344,20.40,77.20,24.17,200
2026-08-29 00:56,1960267344,20.40,77.50,23.33,213
2026-08-29 00:58,1960387344,20.40,77.40,24.17,280
2026-08-29 01:00,1960507344,20.50,77.70,24.17,209
2026-08-29 01:02,1960627344,20.30,77.40,24.17,244
2026-08-29 01:04,1960747344,20.30,77.40,24.17,206
2026-08-29 01:06,1960867344,20.30,77.50,24.17,224
2026-08-29 01:08,1960987344,20.40,77.50,23.33,219
2026-08-29 01:10,1961107344,20.40,77.90,24.17,228
2026-08-29 01:12,1961227344,20.40,77.70,24.17,208
2026-08-29 01:14,1961347344,20.30,77.90,24.17,220
2026-08-29 01:16,1961467344,20.30,77.60,24.17,284
2026-08-29 01:18,1961587344,20.40,77.50,24.17,193
2026-08-29 01:20,1961707344,20.30,77.50,23.33,202
2026-08-29 01:22,1961827344,20.30,77.90,24.17,210
2026-08-29 01:24,1961947344,20.30,77.70,24.17,208
2026-08-29 01:26,1962067344,20.30,77.60,24.17,212
2026-08-29 01:28,1962187344,20.30,77.70,24.17,252
2026-08-29 01:30,1962307344,20.20,77.50,24.17,213
2026-08-29 01:32,1962427344,20.30,77.60,23.33,245
2026-08-29 01:34,1962547344,20.30,77.90,24.17,251
2026-08-29 01:36,1962667344,20.30,77.60,24.17,250
2026-08-29 01:38,1962787344,20.30,77.90,24.17,222
2026-08-29 01:40,1962907344,20.30,78.00,23.33,202
2026-08-29 01:42,1963027344,20.40,78.00,23.33,218
2026-08-29 01:44,1963147344,20.30,77.90,24.17,218
2026-08-29 01:46,1963267344,20.40,78.10,24.17,231
2026-08-29 01:48,1963387344,20.30,78.10,24.17,194
2026-08-29 01:50,1963507344,20.40,78.00,24.17,224
2026-08-29 01:52,1963627344,20.40,78.00,24.17,199
2026-08-29 01:54,1963747344,20.30,78.00,24.17,303
2026-08-29 01:56,1963867344,20.30,78.10,24.17,207
2026-08-29 01:58,1963987344,20.20,77.90,24.17,222
2026-08-29 02:00,1964107344,20.30,78.20,24.17,190
2026-08-29 02:02,1964227344,20.20,78.20,24.17,209
2026-08-29 02:04,1964347344,20.20,78.20,24.17,211
2026-08-29 02:06,1964467344,20.20,77.90,24.17,237
2026-08-29 02:08,1964587344,20.20,78.10,24.17,201
2026-08-29 02:10,1964707344,20.20,78.00,24.17,208
2026-08-29 02:12,1964827344,20.20,78.10,24.17,184
2026-08-29 02:14,1964947344,20.10,78.00,23.33,219
2026-08-29 02:16,1965067344,20.20,78.10,24.17,185
2026-08-29 02:18,1965187344,20.20,78.00,24.17,232
2026-08-29 02:20,1965307344,20.20,78.50,24.17,220
2026-08-29 02:22,1965427344,20.10,78.20,24.17,225
2026-08-29 02:24,1965547344,20.10,78.20,24.17,210
2026-08-29 02:26,1965667344,20.10,78.10,24.17,210
2026-08-29 02:28,1965787344,20.00,78.10,24.17,227
2026-08-29 02:30,1965907344,20.10,78.50,24.17,213
2026-08-29 02:32,1966027344,20.10,78.30,24.17,185
2026-08-29 02:34,1966147344,20.10,78.20,24.17,233
2026-08-29 02:36,1966267344,20.10,78.10,24.17,225
2026-08-29 02:38,1966387344,20.10,78.40,24.17,220
2026-08-29 02:40,1966507344,20.00,78.40,24.17,271
2026-08-29 02:42,1966627344,20.00,78.30,24.17,193
2026-08-29 02:44,1966747344,20.00,78.60,24.17,235
2026-08-29 02:46,1966867344,19.90,78.30,24.17,158
2026-08-29 02:48,1966987344,19.90,78.60,24.17,207
2026-08-29 02:50,1967107344,19.90,78.50,24.17,205
2026-08-29 02:52,1967227344,19.90,78.60,24.17,219
2026-08-29 02:54,1967347344,19.80,78.60,24.17,226
2026-08-29 02:56,1967467344,19.90,78.70,24.17,218
2026-08-29 02:58,1967587344,19.80,78.50,23.33,207
2026-08-29 03:00,1967707348,19.90,79.00,23.33,208
2026-08-29 03:02,1967827348,19.90,78.80,24.17,209
2026-08-29 03:04,1967947348,19.90,78.70,24.17,207
2026-08-29 03:06,1968067348,19.80,78.60,24.17,211
2026-08-29 03:08,1968187348,19.70,78.80,24.17,221
2026-08-29 03:10,1968307348,19.80,78.90,24.17,215
2026-08-29 03:12,1968427348,19.70,79.10,25.00,221
2026-08-29 03:14,1968547348,19.60,79.30,25.00,209
2026-08-29 03:16,1968667348,19.60,79.30,25.00,218
2026-08-29 03:18,1968787348,19.50,79.20,25.00,214
2026-08-29 03:20,1968907348,19.40,79.20,25.00,218
2026-08-29 03:22,1969027348,19.40,79.30,25.00,167
2026-08-29 03:24,1969147348,19.40,79.60,25.00,215
2026-08-29 03:26,1969267356,19.40,79.70,25.00,225
2026-08-29 03:28,1969387356,19.30,79.80,25.00,201
2026-08-29 03:30,1969507356,19.30,79.90,25.00,227
2026-08-29 03:32,1969627356,19.40,79.80,25.00,208
2026-08-29 03:34,1969747356,19.20,80.00,75.00,223
2026-08-29 03:36,1969867356,19.30,79.90,74.17,228
2026-08-29 03:38,1969987356,19.50,79.90,73.33,209
2026-08-29 03:40,1970107356,19.50,79.90,73.33,217
2026-08-29 03:42,1970227356,19.50,79.90,72.50,209
2026-08-29 03:44,1970347356,19.60,79.40,72.50,198
2026-08-29 03:46,1970467356,19.50,79.40,71.67,223
2026-08-29 03:48,1970587356,19.60,79.30,71.67,208
2026-08-29 03:50,1970707356,19.60,79.40,71.67,198
2026-08-29 03:52,1970827356,19.60,79.60,71.67,241
2026-08-29 03:54,1970947356,19.60,79.50,71.67,204
2026-08-29 03:56,1971067356,19.60,79.60,71.67,204
2026-08-29 03:58,1971187356,19.60,79.60,71.67,313
2026-08-29 04:00,1971307356,19.50,79.70,70.83,196
2026-08-29 04:02,1971427356,19.50,79.20,70.83,227
2026-08-29 04:04,1971547356,19.40,79.60,71.67,243
2026-08-29 04:06,1971667356,19.50,79.40,71.67,213
2026-08-29 04:08,1971787356,19.40,79.40,70.83,196
2026-08-29 04:10,1971907356,19.50,79.60,70.83,229
2026-08-29 04:12,1972027356,19.40,79.50,70.83,221
2026-08-29 04:14,1972147356,19.40,79.60,70.83,248
2026-08-29 04:16,1972267356,19.50,79.70,70.00,212
2026-08-29 04:18,1972387356,19.50,79.60,70.83,197
2026-08-29 04:20,1972507356,19.40,79.80,70.83,223
2026-08-29 04:22,1972627356,19.50,79.90,70.83,215
2026-08-29 04:24,1972747356,19.50,80.00,70.83,169
2026-08-29 04:26,1972867356,19.40,79.60,70.83,235
2026-08-29 04:28,1972987356,19.40,79.70,70.83,201
2026-08-29 04:30,1973107356,19.40,79.80,70.83,212
2026-08-29 04:32,1973227356,19.50,79.70,70.83,178
2026-08-29 04:34,1973347356,19.30,79.70,70.83,207
2026-08-29 04:36,1973467356,19.40,79.70,70.83,220
2026-08-29 04:38,1973587356,19.30,79.70,70.83,232
2026-08-29 04:40,1973707356,19.30,79.60,71.67,252
2026-08-29 04:42,1973827356,19.20,79.80,70.83,222
2026-08-29 04:44,1973947356,19.20,79.90,70.83,200
2026-08-29 04:46,1974067356,19.20,80.10,70.83,167
2026-08-29 04:48,1974187356,19.10,80.30,71.67,221
2026-08-29 04:50,1974307356,19.20,80.10,70.83,214
2026-08-29 04:52,1974427364,19.10,80.20,70.83,220
2026-08-29 04:54,1974547364,19.10,80.20,70.83,204
2026-08-29 04:56,1974667364,19.20,80.20,71.67,231
2026-08-29 04:58,1974787364,19.20,80.30,71.67,217
2026-08-29 05:00,1974907364,19.00,80.20,71.67,245
2026-08-29 05:02,1975027364,19.10,80.30,70.83,206
2026-08-29 05:04,1975147364,19.00,80.30,70.83,224
2026-08-29 05:06,1975267364,19.10,80.30,71.67,187
2026-08-29 05:08,1975387364,19.10,80.40,70.83,217
2026-08-29 05:10,1975507364,19.00,80.40,71.67,219
2026-08-29 05:12,1975627364,19.00,80.70,70.83,186
2026-08-29 05:14,1975747364,19.10,80.40,70.83,175
2026-08-29 05:16,1975867364,19.10,80.20,70.83,230
2026-08-29 05:18,1975987364,19.00,80.60,70.83,255
2026-08-29 05:20,1976107366,19.10,80.30,70.83,206
2026-08-29 05:22,1976227366,19.10,80.50,70.83,215
2026-08-29 05:24,1976347366,19.00,80.60,71.67,208
2026-08-29 05:26,1976467366,19.00,80.70,71.67,182
2026-08-29 05:28,1976587366,19.00,80.70,70.83,250
2026-08-29 05:30,1976707366,19.00,80.60,70.83,217
2026-08-29 05:32,1976827366,19.00,80.70,70.83,197
2026-08-29 05:34,1976947366,19.10,80.70,70.83,205
2026-08-29 05:36,1977067366,19.00,80.80,71.67,214
2026-08-29 05:38,1977187366,19.00,80.90,70.83,193
2026-08-29 05:40,1977307366,19.00,81.00,71.67,222
2026-08-29 05:42,1977427366,19.00,81.00,70.83,210
2026-08-29 05:44,1977547366,19.00,80.90,71.67,202
2026-08-29 05:46,1977667366,19.00,81.10,70.83,225
2026-08-29 05:48,1977787366,19.00,81.10,71.67,233
2026-08-29 05:50,1977907366,19.00,81.30,71.67,235
2026-08-29 05:52,1978027366,19.00,81.50,71.67,206
2026-08-29 05:54,1978147366,18.90,81.50,70.83,260
2026-08-29 05:56,1978267366,18.80,81.60,71.67,248
2026-08-29 05:58,1978387366,18.90,81.80,70.83,212
2026-08-29 06:00,1978507366,18.90,81.70,71.67,249
2026-08-29 06:02,1978627370,18.80,81.90,72.50,190
2026-08-29 06:04,1978747370,18.80,81.90,71.67,210
2026-08-29 06:06,1978867370,18.70,82.10,72.50,205
2026-08-29 06:08,1978987370,18.70,82.00,71.67,249
2026-08-29 06:10,1979107370,18.70,82.00,70.83,197
2026-08-29 06:12,1979227370,18.80,82.30,70.83,257
2026-08-29 06:14,1979347370,18.80,81.70,70.83,209
2026-08-29 06:16,1979467370,19.00,81.80,70.83,184
2026-08-29 06:18,1979587370,19.00,82.00,71.67,202
2026-08-29 06:20,1979707370,18.80,82.00,70.83,218
2026-08-29 06:22,1979827370,18.80,82.00,71.67,218
2026-08-29 06:24,1979947370,18.70,82.00,71.67,289
2026-08-29 06:26,1980067370,18.70,82.20,71.67,212
2026-08-29 06:28,1980187370,18.70,82.20,71.67,201
2026-08-29 06:30,1980307370,18.70,82.20,71.67,212
2026-08-29 06:32,1980427370,18.70,82.20,71.67,212
2026-08-29 06:34,1980547370,18.70,82.10,71.67,270
2026-08-29 06:36,1980667370,18.70,82.00,72.50,207
2026-08-29 06:38,1980787370,18.70,82.10,71.67,214
2026-08-29 06:40,1980907370,18.70,82.30,71.67,209
2026-08-29 06:42,1981027370,18.80,82.20,70.83,192
2026-08-29 06:44,1981147370,18.80,82.20,71.67,239
2026-08-29 06:46,1981267370,18.70,82.10,71.67,216
2026-08-29 06:48,1981387370,18.70,82.30,72.50,236
2026-08-29 06:50,1981507370,18.70,82.30,71.67,227
2026-08-29 06:52,1981627370,18.60,82.40,72.50,205
2026-08-29 06:54,1981747370,18.60,82.50,71.67,271
2026-08-29 06:56,1981867370,18.60,82.50,72.50,220
2026-08-29 06:58,1981987370,18.60,82.40,71.67,214
2026-08-29 07:00,1982107370,18.70,82.40,71.67,239
2026-08-29 07:02,1982227370,18.70,82.40,71.67,185
2026-08-29 07:04,1982347370,18.80,82.70,71.67,189
2026-08-29 07:06,1982467370,18.70,82.50,71.67,203
2026-08-29 07:08,1982587370,18.80,82.40,72.50,218
2026-08-29 07:10,1982707370,18.70,82.50,71.67,224
2026-08-29 07:12,1982827370,18.60,82.40,71.67,206
2026-08-29 07:14,1982947370,18.70,82.40,72.50,218
2026-08-29 07:16,1983067370,18.70,82.50,72.50,235
2026-08-29 07:18,1983187370,18.70,82.50,72.50,184
2026-08-29 07:20,1983307370,18.70,82.50,74.17,234
2026-08-29 07:22,1983427370,18.80,82.50,73.33,185
2026-08-29 07:24,1983547370,18.70,82.70,74.17,215
2026-08-29 07:26,1983667370,18.70,82.60,74.17,239
2026-08-29 07:28,1983787370,18.70,82.70,73.33,220
2026-08-29 07:30,1983907370,18.70,83.00,74.17,260
2026-08-29 07:32,1984027370,18.70,82.80,74.17,263
2026-08-29 07:34,1984147370,18.70,82.80,75.00,214
2026-08-29 07:36,1984267370,18.70,82.90,75.83,225
2026-08-29 07:38,1984387370,18.70,82.80,75.83,236
2026-08-29 07:40,1984507370,18.70,82.80,75.83,240
2026-08-29 07:42,1984627370,18.70,82.80,75.83,245
2026-08-29 07:44,1984747370,18.80,83.00,75.00,229
2026-08-29 07:46,1984867370,18.70,82.80,77.50,177
2026-08-29 07:48,1984987370,18.80,82.80,79.17,190
2026-08-29 07:50,1985107375,18.70,83.00,81.67,236
2026-08-29 07:52,1985227375,18.70,82.90,78.33,216
2026-08-29 07:54,1985347375,18.70,83.00,76.67,258
2026-08-29 07:56,1985467375,18.60,83.10,75.83,216
2026-08-29 07:58,1985587375,18.80,83.10,75.83,193
2026-08-29 08:00,1985707375,18.70,83.10,75.83,217
2026-08-29 08:02,1985827375,18.90,83.00,27.50,232
2026-08-29 08:04,1985947375,18.90,82.80,28.33,252
2026-08-29 08:06,1986067375,18.90,82.80,28.33,251
2026-08-29 08:08,1986187375,19.00,82.90,28.33,223
2026-08-29 08:10,1986307375,19.00,82.70,27.50,228
2026-08-29 08:12,1986427375,19.00,82.80,28.33,222
2026-08-29 08:14,1986547375,19.00,82.90,30.00,274
2026-08-29 08:16,1986667375,19.10,82.50,30.00,260
2026-08-29 08:18,1986787375,19.10,82.50,30.83,217
2026-08-29 08:20,1986907375,19.10,82.60,32.50,227
2026-08-29 08:22,1987027375,19.00,82.60,33.33,222
2026-08-29 08:24,1987147375,19.10,82.60,31.67,176
2026-08-29 08:26,1987267375,19.10,82.80,30.83,236
2026-08-29 08:28,1987387375,19.10,82.70,30.00,267
2026-08-29 08:30,1987507375,19.10,82.70,30.00,215
2026-08-29 08:32,1987627375,19.10,82.40,29.17,231
2026-08-29 08:34,1987747375,19.10,82.50,29.17,257
2026-08-29 08:36,1987867375,19.10,82.70,28.33,214
2026-08-29 08:38,1987987375,19.10,82.70,28.33,206
2026-08-29 08:40,1988107375,19.00,82.80,30.83,200
2026-08-29 08:42,1988227375,19.10,82.60,34.17,205
2026-08-29 08:44,1988347375,19.10,82.40,35.00,201
2026-08-29 08:46,1988467375,19.20,82.60,35.00,199
2026-08-29 08:48,1988587375,19.20,82.80,32.50,247
2026-08-29 08:50,1988707375,19.20,82.60,30.00,259
2026-08-29 08:52,1988827375,19.10,82.70,29.17,214
2026-08-29 08:54,1988947375,19.20,82.70,30.00,213
2026-08-29 08:56,1989067375,19.10,82.90,31.67,227
2026-08-29 08:58,1989187375,19.10,82.60,30.00,253
2026-08-29 09:00,1989307375,19.10,82.70,30.83,216
2026-08-29 09:02,1989427375,19.10,82.50,34.17,215
2026-08-29 09:04,1989547375,19.10,82.70,34.17,261
2026-08-29 09:06,1989667375,19.10,82.80,36.67,219
2026-08-29 09:08,1989787375,19.20,83.00,37.50,264
2026-08-29 09:10,1989907375,19.00,82.60,36.67,210
2026-08-29 09:12,1990027375,19.20,82.40,39.17,218
2026-08-29 09:14,1990147375,19.20,82.70,44.17,196
2026-08-29 09:16,1990267375,19.30,82.60,45.83,248
2026-08-29 09:18,1990387375,19.20,82.70,49.17,235
2026-08-29 09:20,1990507375,19.30,82.80,50.83,239
2026-08-29 09:22,1990627375,19.30,82.70,53.33,229
2026-08-29 09:24,1990747375,19.30,82.70,53.33,191
2026-08-29 09:26,1990867375,19.40,82.70,53.33,232
2026-08-29 09:28,1990987375,19.50,82.70,50.00,236
2026-08-29 09:30,1991107375,19.50,82.50,44.17,228
2026-08-29 09:32,1991227375,19.60,82.20,38.33,257
2026-08-29 09:34,1991347375,19.60,82.10,38.33,250
2026-08-29 09:36,1991467375,19.70,82.10,41.67,239
2026-08-29 09:38,1991587375,19.70,82.20,45.00,217
2026-08-29 09:40,1991707375,19.60,81.90,47.50,268
2026-08-29 09:42,1991827375,19.70,82.00,48.33,235
2026-08-29 09:44,1991947375,19.60,81.90,53.33,234
2026-08-29 09:46,1992067380,19.70,81.90,55.83,227
2026-08-29 09:48,1992187380,19.70,81.90,57.50,219
2026-08-29 09:50,1992307380,19.80,82.00,53.33,220
2026-08-29 09:52,1992427380,19.80,81.90,52.50,219
2026-08-29 09:54,1992547380,19.80,81.90,56.67,237
2026-08-29 09:56,1992667380,19.90,82.00,63.33,232
2026-08-29 09:58,1992787380,19.90,82.10,70.00,218
2026-08-29 10:00,1992907380,19.90,82.00,68.33,219
2026-08-29 10:02,1993027380,20.00,81.90,61.67,203
2026-08-29 10:04,1993147380,20.00,82.10,57.50,228
2026-08-29 10:06,1993267380,20.00,82.20,55.00,207
2026-08-29 10:08,1993387380,20.00,82.30,53.33,202
2026-08-29 10:10,1993507380,20.00,82.30,52.50,239
2026-08-29 10:12,1993627380,20.10,82.10,53.33,212
2026-08-29 10:14,1993747380,20.10,82.20,53.33,246
2026-08-29 10:16,1993867380,20.10,81.80,51.67,232
2026-08-29 10:18,1993987380,20.10,81.90,47.50,220
2026-08-29 10:20,1994107380,20.20,81.80,44.17,241
2026-08-29 10:22,1994227380,20.30,81.60,44.17,213
2026-08-29 10:24,1994347380,20.20,81.40,42.50,224
2026-08-29 10:26,1994467380,20.30,81.40,43.33,202
2026-08-29 10:28,1994587380,20.20,81.30,44.17,206
2026-08-29 10:30,1994707380,20.30,81.60,46.67,229
2026-08-29 10:32,1994827380,20.30,81.40,48.33,235
2026-08-29 10:34,1994947380,20.30,81.10,41.67,236
2026-08-29 10:36,1995067380,20.30,81.00,41.67,214
2026-08-29 10:38,1995187380,20.40,81.00,45.83,250
2026-08-29 10:40,1995307380,20.30,80.90,45.00,234
2026-08-29 10:42,1995427380,20.30,81.00,45.00,219
2026-08-29 10:44,1995547380,20.40,81.20,41.67,215
2026-08-29 10:46,1995667381,20.30,81.10,45.00,209
2026-08-29 10:48,1995787381,20.30,80.90,60.83,237
2026-08-29 10:50,1995907381,20.20,80.80,95.00,217
2026-08-29 10:52,1996027381,20.30,81.10,71.67,216
2026-08-29 10:54,1996147381,20.40,81.50,54.17,233
2026-08-29 10:56,1996267381,20.30,81.40,46.67,230
2026-08-29 10:58,1996387381,20.30,81.40,47.50,203
2026-08-29 11:00,1996507381,20.30,81.30,60.00,184
2026-08-29 11:02,1996627387,20.30,81.30,58.33,281
2026-08-29 11:04,1996747387,20.40,81.30,53.33,322
2026-08-29 11:06,1996867387,20.40,81.40,50.00,232
2026-08-29 11:08,1996987387,20.30,81.40,51.67,207
2026-08-29 11:10,1997107387,20.30,81.40,55.00,213
2026-08-29 11:12,1997227387,20.30,81.20,50.00,237
2026-08-29 11:14,1997347387,20.30,81.50,45.83,236
2026-08-29 11:16,1997467387,20.40,81.70,50.00,248
2026-08-29 11:18,1997587387,20.40,81.40,53.33,197
2026-08-29 11:20,1997707387,20.40,81.40,50.00,253
2026-08-29 11:22,1997827387,20.40,81.00,53.33,208
2026-08-29 11:24,1997947387,20.50,81.10,63.33,216
2026-08-29 11:26,1998067387,20.50,81.10,61.67,271
2026-08-29 11:28,1998187387,20.50,81.70,57.50,220
2026-08-29 11:30,1998307387,20.50,81.50,55.00,246
2026-08-29 11:32,1998427387,20.50,81.20,60.00,204
2026-08-29 11:34,1998547387,20.50,81.30,76.67,245
2026-08-29 11:36,1998667387,20.60,81.30,86.67,238
2026-08-29 11:38,1998787387,20.50,81.70,83.33,186
2026-08-29 11:40,1998907387,20.60,81.40,68.33,215
2026-08-29 11:42,1999027387,20.60,81.40,71.67,201
2026-08-29 11:44,1999147387,20.60,81.10,90.00,239
2026-08-29 11:46,1999267387,20.70,81.40,114.17,237
2026-08-29 11:48,1999387387,20.70,81.60,114.17,249
2026-08-29 11:50,1999507387,20.70,81.40,83.33,229
2026-08-29 11:52,1999627387,20.80,81.40,76.67,220
2026-08-29 11:54,1999747387,20.90,81.60,73.33,254
2026-08-29 11:56,1999867387,20.90,81.50,66.67,217
2026-08-29 11:58,1999987387,21.00,81.30,68.33,232
2026-08-29 12:00,2000107387,21.00,81.30,80.00,213
2026-08-29 12:02,2000227387,21.00,81.30,90.83,234
2026-08-29 12:04,2000347387,21.00,81.30,86.67,238
2026-08-29 12:06,2000467387,21.10,81.20,82.50,232
2026-08-29 12:08,2000587387,21.10,81.00,84.17,202
2026-08-29 12:10,2000707387,21.10,80.80,86.67,234
2026-08-29 12:12,2000827387,21.10,80.90,93.33,216
2026-08-29 12:14,2000947387,21.10,80.80,76.67,230
2026-08-29 12:16,2001067387,21.00,80.80,67.50,219
2026-08-29 12:18,2001187387,21.00,80.80,68.33,209
2026-08-29 12:20,2001307387,21.10,80.90,73.33,266
2026-08-29 12:22,2001427387,21.10,80.70,74.17,241
2026-08-29 12:24,2001547387,21.10,80.90,53.33,221
2026-08-29 12:26,2001667387,21.10,80.70,55.00,232
2026-08-29 12:28,2001787387,21.20,80.60,53.33,204
2026-08-29 12:30,2001907387,21.20,80.40,57.50,217
2026-08-29 12:32,2002027387,21.00,80.30,60.00,234
2026-08-29 12:34,2002147387,21.00,80.50,60.00,212
2026-08-29 12:36,2002267387,21.00,80.30,62.50,256
2026-08-29 12:38,2002387387,21.00,80.30,69.17,227
2026-08-29 12:40,2002507387,21.00,80.30,99.17,229
2026-08-29 12:42,2002627387,21.10,80.10,77.50,214
2026-08-29 12:44,2002747387,21.00,80.30,76.67,227
2026-08-29 12:46,2002867387,21.00,80.30,72.50,229
2026-08-29 12:48,2002987387,21.00,80.20,72.50,243
2026-08-29 12:50,2003107387,21.00,80.20,84.17,222
2026-08-29 12:52,2003227387,21.00,80.30,102.50,205
2026-08-29 12:54,2003347387,21.00,80.40,136.67,207
2026-08-29 12:56,2003467387,21.10,80.60,117.50,238
2026-08-29 12:58,2003587387,21.20,80.60,87.50,230
2026-08-29 13:00,2003707387,21.10,80.60,115.00,218
2026-08-29 13:02,2003827387,21.20,80.50,105.00,227
2026-08-29 13:04,2003947387,21.30,80.30,102.50,217
2026-08-29 13:06,2004067387,21.30,79.90,84.17,231
2026-08-29 13:08,2004187387,21.30,79.70,72.50,268
2026-08-29 13:10,2004307387,21.40,79.30,68.33,210
2026-08-29 13:12,2004427387,21.30,79.10,69.17,209
2026-08-29 13:14,2004547387,21.40,79.40,76.67,246
2026-08-29 13:16,2004667387,21.30,78.90,77.50,246
2026-08-29 13:18,2004787387,21.30,78.90,86.67,206
2026-08-29 13:20,2004907387,21.20,79.30,103.33,232
2026-08-29 13:22,2005027387,21.20,79.50,98.33,225
2026-08-29 13:24,2005147387,21.20,79.40,89.17,226
2026-08-29 13:26,2005267387,21.30,79.50,87.50,238
2026-08-29 13:28,2005387387,21.30,79.40,76.67,230
2026-08-29 13:30,2005507387,21.30,79.40,64.17,196
2026-08-29 13:32,2005627387,21.30,79.20,58.33,239
2026-08-29 13:34,2005747387,21.30,79.50,57.50,271
2026-08-29 13:36,2005867387,21.20,79.20,61.67,222
2026-08-29 13:38,2005987387,21.20,79.60,62.50,198
2026-08-29 13:40,2006107387,21.20,79.00,65.00,216
2026-08-29 13:42,2006227387,21.20,79.20,70.00,235
2026-08-29 13:44,2006347387,21.20,79.10,64.17,224
2026-08-29 13:46,2006467387,21.20,79.00,77.50,230
2026-08-29 13:48,2006587387,21.10,79.30,92.50,247
2026-08-29 13:50,2006707387,21.20,79.40,95.00,233
2026-08-29 13:52,2006827387,21.20,79.70,87.50,217
2026-08-29 13:54,2006947387,21.30,79.50,85.00,220
2026-08-29 13:56,2007067387,21.20,79.80,72.50,217
2026-08-29 13:58,2007187387,21.30,79.70,65.00,264
2026-08-29 14:00,2007307387,21.30,79.70,59.17,213
2026-08-29 14:02,2007427387,21.40,79.50,57.50,196
2026-08-29 14:04,2007547387,21.40,79.30,55.83,221
2026-08-29 14:06,2007667387,21.40,79.10,59.17,209
2026-08-29 14:08,2007787387,21.30,79.30,56.67,217
2026-08-29 14:10,2007907387,21.30,79.10,52.50,218
2026-08-29 14:12,2008027387,21.40,79.20,50.83,205
2026-08-29 14:14,2008147387,21.40,79.30,53.33,199
2026-08-29 14:16,2008267387,21.30,79.40,48.33,248
2026-08-29 14:18,2008387387,21.30,78.80,42.50,230
2026-08-29 14:20,2008507387,21.30,79.10,40.83,217
2026-08-29 14:22,2008627387,21.30,78.80,41.67,202
2026-08-29 14:24,2008747387,21.30,78.80,45.00,225
2026-08-29 14:26,2008867387,21.30,79.10,47.50,256
2026-08-29 14:28,2008987387,21.20,79.20,45.83,231
2026-08-29 14:30,2009107387,21.20,79.10,48.33,206
2026-08-29 14:32,2009227387,21.10,79.10,48.33,234
2026-08-29 14:34,2009347387,21.20,79.20,47.50,201
2026-08-29 14:36,2009467387,21.20,78.90,43.33,205
2026-08-29 14:38,2009587387,21.20,79.10,48.33,231
2026-08-29 14:40,2009707387,21.00,79.00,60.00,215
2026-08-29 14:42,2009827387,21.10,79.10,66.67,244
2026-08-29 14:44,2009947387,21.00,79.20,70.83,203
2026-08-29 14:46,2010067387,21.00,79.40,72.50,222
2026-08-29 14:48,2010187387,21.10,79.30,70.83,220
2026-08-29 14:50,2010307387,21.10,79.30,63.33,196
2026-08-29 14:52,2010427387,21.10,79.00,75.00,199
2026-08-29 14:54,2010547387,21.10,79.00,77.50,203
2026-08-29 14:56,2010667387,21.10,78.90,68.33,222
2026-08-29 14:58,2010787387,21.00,78.70,54.17,214
2026-08-29 15:00,2010907387,21.10,78.90,48.33,183
2026-08-29 15:02,2011027387,21.10,78.30,45.83,243
2026-08-29 15:04,2011147387,20.90,78.40,43.33,214
2026-08-29 15:06,2011267387,21.00,78.70,41.67,228
2026-08-29 15:08,2011387387,21.00,78.30,42.50,236
2026-08-29 15:10,2011507387,21.00,78.50,41.67,227
2026-08-29 15:12,2011627387,21.00,78.50,39.17,230
2026-08-29 15:14,2011747387,20.90,78.40,40.00,228
2026-08-29 15:16,2011867387,20.80,78.50,47.50,223
2026-08-29 15:18,2011987387,20.90,78.50,52.50,195
2026-08-29 15:20,2012107387,20.90,78.40,56.67,281
2026-08-29 15:22,2012227387,20.80,78.60,53.33,210
2026-08-29 15:24,2012347387,20.80,78.60,49.17,225
2026-08-29 15:26,2012467394,20.70,78.80,44.17,249
2026-08-29 15:28,2012587394,20.70,79.00,40.00,239
2026-08-29 15:30,2012707394,20.80,78.70,41.67,225
2026-08-29 15:32,2012827394,20.70,78.70,45.83,214
2026-08-29 15:34,2012947394,20.80,78.40,42.50,266
2026-08-29 15:36,2013067394,20.70,78.40,45.00,257
2026-08-29 15:38,2013187394,20.70,78.50,50.00,183
2026-08-29 15:40,2013307394,20.60,78.80,50.83,255
2026-08-29 15:42,2013427394,20.50,78.90,54.17,214
2026-08-29 15:44,2013547394,20.60,78.70,51.67,231
2026-08-29 15:46,2013667394,20.60,79.10,47.50,214
2026-08-29 15:48,2013787394,20.60,78.70,50.83,259
2026-08-29 15:50,2013907394,20.60,78.70,56.67,211
2026-08-29 15:52,2014027394,20.60,78.80,53.33,177
2026-08-29 15:54,2014147394,20.60,78.60,53.33,219
2026-08-29 15:56,2014267394,20.60,78.60,57.50,236
2026-08-29 15:58,2014387394,20.60,78.60,47.50,214
2026-08-29 16:00,2014507394,20.60,78.30,43.33,222
2026-08-29 16:02,2014627394,20.50,78.40,46.67,218
2026-08-29 16:04,2014747397,20.40,78.40,50.00,217
2026-08-29 16:06,2014867397,20.50,78.40,53.33,202
2026-08-29 16:08,2014987397,20.50,78.80,63.33,235
2026-08-29 16:10,2015107397,20.40,78.70,73.33,184
2026-08-29 16:12,2015227397,20.60,79.00,67.50,218
2026-08-29 16:14,2015347397,20.50,78.80,67.50,218
2026-08-29 16:16,2015467397,20.50,79.10,76.67,246
2026-08-29 16:18,2015587397,20.50,78.60,65.83,233
2026-08-29 16:20,2015707397,20.60,79.00,56.67,205
2026-08-29 16:22,2015827397,20.60,78.90,45.83,239
2026-08-29 16:24,2015947397,20.70,78.80,39.17,202
2026-08-29 16:26,2016067397,20.60,78.70,37.50,227
2026-08-29 16:28,2016187397,20.60,78.50,38.33,190
2026-08-29 16:30,2016307397,20.60,78.70,44.17,198
2026-08-29 16:32,2016427397,20.60,78.70,41.67,226
2026-08-29 16:34,2016547397,20.50,78.80,12.50,209
2026-08-29 16:36,2016667397,20.50,79.00,10.00,203
2026-08-29 16:38,2016787397,20.40,79.00,7.50,214
2026-08-29 16:40,2016907397,20.40,78.90,7.50,217
2026-08-29 16:42,2017027397,20.30,78.80,7.50,197
2026-08-29 16:44,2017147397,20.40,78.70,10.00,250
2026-08-29 16:46,2017267397,20.40,78.80,10.00,233
2026-08-29 16:48,2017387397,20.40,78.50,9.17,220
2026-08-29 16:50,2017507397,20.30,78.60,8.33,220
2026-08-29 16:52,2017627397,20.40,78.60,5.00,200
2026-08-29 16:54,2017747397,20.30,78.60,3.33,282
2026-08-29 16:56,2017867397,20.40,78.60,5.00,191
2026-08-29 16:58,2017987397,20.40,78.60,5.83,231
2026-08-29 17:00,2018107397,20.30,78.90,3.33,198
2026-08-29 17:02,2018227397,20.30,78.60,2.50,215
2026-08-29 17:04,2018347397,20.20,78.80,2.50,233
2026-08-29 17:06,2018467397,20.30,78.90,3.33,217
2026-08-29 17:08,2018587397,20.20,78.80,3.33,211
2026-08-29 17:10,2018707397,20.20,78.90,4.17,240
2026-08-29 17:12,2018827397,20.20,78.70,4.17,230
2026-08-29 17:14,2018947397,20.20,78.90,5.00,236
2026-08-29 17:16,2019067397,20.10,78.80,5.83,220
2026-08-29 17:18,2019187397,20.20,78.80,6.67,209
2026-08-29 17:20,2019307397,20.10,79.50,8.33,215
2026-08-29 17:22,2019427397,20.20,79.30,7.50,187
2026-08-29 17:24,2019547397,20.10,79.20,6.67,209
2026-08-29 17:26,2019667397,20.10,79.60,5.83,236
2026-08-29 17:28,2019787397,20.10,79.10,5.00,208
2026-08-29 17:30,2019907397,20.10,79.10,5.00,203
2026-08-29 17:32,2020027404,20.10,79.30,5.00,233
2026-08-29 17:34,2020147404,20.10,78.90,5.83,235
2026-08-29 17:36,2020267404,20.10,79.20,5.83,224
2026-08-29 17:38,2020387404,20.00,79.60,4.17,205
2026-08-29 17:40,2020507404,20.00,79.30,4.17,245
2026-08-29 17:42,2020627404,20.00,79.50,4.17,242
2026-08-29 17:44,2020747404,20.00,79.60,3.33,200
2026-08-29 17:46,2020867404,20.10,79.60,3.33,192
2026-08-29 17:48,2020987404,19.90,79.50,4.17,175
2026-08-29 17:50,2021107404,19.90,79.50,4.17,251
2026-08-29 17:52,2021227404,19.90,79.70,4.17,207
2026-08-29 17:54,2021347404,19.90,79.50,4.17,225
2026-08-29 17:56,2021467404,19.90,79.70,4.17,195
2026-08-29 17:58,2021587404,19.90,79.70,3.33,242
2026-08-29 18:00,2021707404,19.90,79.50,3.33,193
2026-08-29 18:02,2021827404,19.90,79.70,2.50,214
2026-08-29 18:04,2021947404,19.80,79.60,1.67,216
2026-08-29 18:06,2022067404,19.90,80.20,0.83,264
2026-08-29 18:08,2022187404,19.80,80.20,0.83,176
2026-08-29 18:10,2022307404,19.80,80.00,0.83,180
2026-08-29 18:12,2022427404,19.80,80.00,0.83,201
2026-08-29 18:14,2022547404,19.80,79.70,0.83,206
2026-08-29 18:16,2022667404,19.80,79.70,0.83,208
2026-08-29 18:18,2022787404,19.80,79.60,0.00,258
2026-08-29 18:20,2022907404,19.70,79.80,0.00,187
2026-08-29 18:22,2023027404,19.70,79.90,0.00,173
2026-08-29 18:24,2023147404,19.70,79.70,0.00,189
2026-08-29 18:26,2023267404,19.70,80.20,0.00,198
2026-08-29 18:28,2023387404,19.70,79.80,0.00,229
2026-08-29 18:30,2023507404,19.70,79.70,51.67,211
2026-08-29 18:32,2023627404,19.70,79.80,50.83,186
2026-08-29 18:34,2023747404,19.70,79.70,50.00,257
2026-08-29 18:36,2023867404,19.60,79.80,49.17,221
2026-08-29 18:38,2023987411,19.70,79.70,49.17,253
2026-08-29 18:40,2024107411,19.60,79.70,48.33,227
2026-08-29 18:42,2024227411,19.60,79.70,48.33,225
2026-08-29 18:44,2024347411,19.60,79.90,48.33,244
2026-08-29 18:46,2024467411,19.60,79.90,47.50,237
2026-08-29 18:48,2024587411,19.60,79.90,47.50,213
2026-08-29 18:50,2024707411,19.50,80.10,47.50,205
2026-08-29 18:52,2024827411,19.50,80.20,47.50,197
2026-08-29 18:54,2024947411,19.50,80.00,47.50,220
2026-08-29 18:56,2025067411,19.40,80.00,47.50,206
2026-08-29 18:58,2025187411,19.50,80.20,47.50,214
2026-08-29 19:00,2025307411,19.40,80.20,47.50,227
2026-08-29 19:02,2025427411,19.50,80.10,47.50,196
2026-08-29 19:04,2025547411,19.40,80.10,47.50,197
2026-08-29 19:06,2025667411,19.40,80.00,46.67,215
2026-08-29 19:08,2025787411,19.50,80.20,46.67,204
2026-08-29 19:10,2025907411,19.30,79.90,47.50,181
2026-08-29 19:12,2026027411,19.40,80.00,46.67,191
2026-08-29 19:14,2026147411,19.30,80.10,46.67,205
2026-08-29 19:16,2026267411,19.40,80.30,47.50,206
2026-08-29 19:18,2026387411,19.30,80.30,46.67,190
2026-08-29 19:20,2026507411,19.30,80.20,46.67,241
2026-08-29 19:22,2026627411,19.30,80.30,47.50,219
2026-08-29 19:24,2026747411,19.30,80.20,46.67,222
2026-08-29 19:26,2026867411,19.30,80.20,46.67,221
2026-08-29 19:28,2026987411,19.30,80.50,46.67,198
2026-08-29 19:30,2027107411,19.30,80.40,47.50,212
2026-08-29 19:32,2027227411,19.40,80.20,46.67,217
2026-08-29 19:34,2027347411,19.40,80.30,46.67,219
2026-08-29 19:36,2027467411,19.20,80.20,46.67,225
2026-08-29 19:38,2027587411,19.30,80.40,46.67,228
2026-08-29 19:40,2027707411,19.30,80.50,46.67,194
2026-08-29 19:42,2027827411,19.30,80.30,46.67,210
2026-08-29 19:44,2027947411,19.20,80.30,46.67,225
2026-08-29 19:46,2028067411,19.30,80.30,47.50,210
2026-08-29 19:48,2028187411,19.30,80.00,47.50,204
2026-08-29 19:50,2028307411,19.20,79.90,46.67,269
2026-08-29 19:52,2028427411,19.30,80.20,47.50,215
2026-08-29 19:54,2028547411,19.30,79.60,47.50,229
2026-08-29 19:56,2028667411,19.30,79.90,47.50,221
2026-08-29 19:58,2028787411,19.20,80.20,47.50,231
2026-08-29 20:00,2028907411,19.20,80.50,46.67,217
2026-08-29 20:02,2029027411,19.20,80.40,46.67,207
2026-08-29 20:04,2029147411,19.20,80.40,46.67,197
2026-08-29 20:06,2029267411,19.20,80.20,46.67,257
2026-08-29 20:08,2029387411,19.20,80.30,46.67,213
2026-08-29 20:10,2029507411,19.20,80.20,46.67,217
2026-08-29 20:12,2029627411,19.20,80.20,47.50,196
2026-08-29 20:14,2029747411,19.10,80.20,46.67,244
2026-08-29 20:16,2029867411,19.10,80.40,46.67,220
2026-08-29 20:18,2029987411,19.10,80.50,47.50,203
2026-08-29 20:20,2030107411,19.10,80.40,47.50,235
2026-08-29 20:22,2030227415,19.20,80.70,47.50,219
2026-08-29 20:24,2030347415,19.10,80.50,46.67,210
2026-08-29 20:26,2030467415,19.20,80.40,47.50,211
2026-08-29 20:28,2030587415,19.20,80.30,46.67,215
2026-08-29 20:30,2030707415,19.20,80.50,47.50,234
2026-08-29 20:32,2030827418,19.20,80.20,47.50,232
2026-08-29 20:34,2030947418,19.20,80.40,46.67,175
2026-08-29 20:36,2031067418,19.30,80.20,46.67,198
2026-08-29 20:38,2031187418,19.20,80.10,47.50,160
2026-08-29 20:40,2031307418,19.20,80.10,47.50,229
2026-08-29 20:42,2031427418,19.20,80.30,46.67,197
2026-08-29 20:44,2031547418,19.20,80.30,46.67,205
2026-08-29 20:46,2031667418,19.20,80.40,46.67,181
2026-08-29 20:48,2031787418,19.20,80.20,46.67,204
2026-08-29 20:50,2031907418,19.20,79.90,46.67,215
2026-08-29 20:52,2032027418,19.10,79.80,47.50,269
2026-08-29 20:54,2032147418,19.20,79.80,46.67,200
2026-08-29 20:56,2032267418,19.10,80.00,47.50,198
2026-08-29 20:58,2032387418,19.00,80.20,46.67,229
2026-08-29 21:00,2032507418,19.10,79.90,46.67,227
2026-08-29 21:02,2032627418,19.10,80.10,46.67,244
2026-08-29 21:04,2032747418,19.10,80.20,46.67,187
2026-08-29 21:06,2032867418,19.20,79.80,46.67,224
2026-08-29 21:08,2032987418,19.00,80.10,46.67,195
2026-08-29 21:10,2033107418,19.10,80.20,46.67,205
2026-08-29 21:12,2033227418,19.10,80.00,46.67,235
2026-08-29 21:14,2033347418,19.10,79.70,46.67,193
2026-08-29 21:16,2033467418,19.10,79.70,46.67,247
2026-08-29 21:18,2033587418,19.00,79.80,46.67,219
2026-08-29 21:20,2033707418,19.00,80.10,47.50,208
2026-08-29 21:22,2033827418,19.00,80.10,46.67,199
2026-08-29 21:24,2033947418,19.00,79.80,47.50,200
2026-08-29 21:26,2034067418,19.10,79.30,47.50,208
2026-08-29 21:28,2034187418,19.00,79.50,47.50,210
2026-08-29 21:30,2034307418,19.00,79.50,47.50,224
2026-08-29 21:32,2034427418,19.00,79.40,47.50,168
2026-08-29 21:34,2034547418,18.90,79.90,47.50,210
2026-08-29 21:36,2034667418,18.90,80.00,46.67,198
2026-08-29 21:38,2034787424,19.00,80.00,47.50,225
2026-08-29 21:40,2034907424,18.90,80.10,47.50,203
2026-08-29 21:42,2035027424,19.00,80.20,47.50,222
2026-08-29 21:44,2035147424,19.00,80.20,47.50,188
2026-08-29 21:46,2035267424,19.00,79.90,47.50,190
2026-08-29 21:48,2035387424,19.00,80.00,46.67,221
2026-08-29 21:50,2035507424,19.00,79.70,46.67,171
2026-08-29 21:52,2035627424,19.00,79.50,47.50,213
2026-08-29 21:54,2035747424,19.00,79.50,47.50,198
2026-08-29 21:56,2035867424,19.00,80.00,46.67,205
2026-08-29 21:58,2035987424,19.00,79.10,47.50,218
2026-08-29 22:00,2036107424,19.10,79.40,47.50,223
2026-08-29 22:02,2036227424,19.10,79.50,47.50,215
2026-08-29 22:04,2036347424,19.10,79.40,47.50,215
2026-08-29 22:06,2036467424,19.00,79.20,47.50,187
2026-08-29 22:08,2036587424,19.00,79.50,47.50,213
2026-08-29 22:10,2036707424,19.00,79.30,46.67,215
2026-08-29 22:12,2036827424,19.00,79.30,46.67,226
2026-08-29 22:14,2036947424,18.90,79.30,46.67,227
2026-08-29 22:16,2037067424,18.90,79.00,46.67,191
2026-08-29 22:18,2037187424,18.90,79.40,47.50,246
2026-08-29 22:20,2037307424,18.90,79.40,47.50,209
2026-08-29 22:22,2037427424,18.80,79.10,46.67,204
2026-08-29 22:24,2037547424,18.90,79.50,47.50,177
2026-08-29 22:26,2037667424,18.90,79.60,46.67,201
2026-08-29 22:28,2037787424,18.80,79.70,46.67,207
2026-08-29 22:30,2037907424,18.90,79.80,46.67,212
2026-08-29 22:32,2038027424,18.80,79.60,47.50,173
2026-08-29 22:34,2038147424,18.90,79.60,46.67,229
2026-08-29 22:36,2038267424,18.80,79.50,46.67,224
2026-08-29 22:38,2038387424,18.80,79.40,46.67,220
2026-08-29 22:40,2038507424,18.80,79.70,46.67,196
2026-08-29 22:42,2038627424,18.80,79.50,46.67,182
2026-08-29 22:44,2038747424,18.80,79.60,46.67,194
2026-08-29 22:46,2038867424,18.70,79.90,46.67,218
2026-08-29 22:48,2038987424,18.70,79.60,47.50,207
2026-08-29 22:50,2039107424,18.90,79.30,47.50,211
2026-08-29 22:52,2039227424,18.70,79.50,46.67,220
2026-08-29 22:54,2039347424,18.70,79.90,47.50,240
2026-08-29 22:56,2039467424,18.80,79.60,47.50,212
2026-08-29 22:58,2039587424,18.70,79.40,46.67,198
2026-08-29 23:00,2039707432,18.70,79.50,47.50,223
2026-08-29 23:02,2039827432,18.70,79.50,46.67,183
2026-08-29 23:04,2039947432,18.70,79.70,47.50,191
2026-08-29 23:06,2040067432,18.60,79.70,46.67,182
2026-08-29 23:08,2040187432,18.60,79.80,46.67,219
2026-08-29 23:10,2040307432,18.50,79.90,46.67,242
2026-08-29 23:12,2040427432,18.60,79.90,47.50,202
2026-08-29 23:14,2040547432,18.60,80.10,47.50,197
2026-08-29 23:16,2040667432,18.50,80.10,47.50,168
2026-08-29 23:18,2040787432,18.60,80.20,46.67,218
2026-08-29 23:20,2040907432,18.60,80.30,46.67,220
2026-08-29 23:24,2041147432,18.70,80.00,46.67,193
2026-08-29 23:26,2041267432,18.60,79.90,46.67,223
2026-08-29 23:28,2041387432,18.60,79.90,47.50,190
2026-08-29 23:30,2041507432,18.50,80.10,47.50,205
2026-08-29 23:32,2041627432,18.50,80.00,47.50,216
2026-08-29 23:34,2041747432,18.50,80.10,47.50,208
2026-08-29 23:36,2041867432,18.60,80.10,47.50,203
2026-08-29 23:38,2041987432,18.60,80.30,46.67,210
2026-08-29 23:40,2042107432,18.60,80.10,46.67,208
2026-08-29 23:42,2042227432,18.60,80.00,47.50,184
2026-08-29 23:44,2042347432,18.60,80.30,46.67,208
2026-08-29 23:46,2042467432,18.60,80.50,46.67,172
2026-08-29 23:48,2042587432,18.50,80.50,46.67,205
2026-08-29 23:50,2042707432,18.60,80.20,46.67,219
2026-08-29 23:52,2042827432,18.60,80.70,46.67,201
2026-08-29 23:54,2042947432,18.50,80.40,46.67,161
2026-08-29 23:56,2043067432,18.50,80.40,47.50,187
2026-08-29 23:58,2043187432,18.60,80.60,46.67,237
2026-08-30 00:00,2043307432,18.70,80.60,47.50,209
2026-08-30 00:02,2043427432,18.60,80.50,46.67,279
2026-08-30 00:04,2043547432,18.60,80.70,46.67,203
2026-08-30 00:06,2043667432,18.70,80.40,47.50,206
2026-08-30 00:08,2043787432,18.60,80.60,46.67,181
2026-08-30 00:10,2043907432,18.70,80.50,46.67,196
2026-08-30 00:12,2044027432,18.70,80.30,46.67,202
2026-08-30 00:14,2044147432,18.70,80.40,46.67,197
2026-08-30 00:16,2044267432,18.70,80.50,0.00,176
2026-08-30 00:18,2044387432,18.70,80.40,0.00,189
2026-08-30 00:20,2044507432,18.70,80.50,0.00,206
2026-08-30 00:22,2044627432,18.70,80.30,0.00,199
2026-08-30 00:24,2044747432,18.70,80.40,0.00,230
2026-08-30 00:26,2044867432,18.60,80.30,0.00,179
2026-08-30 00:28,2044987432,18.70,80.50,0.00,232
2026-08-30 00:30,2045107432,18.70,80.40,0.00,183
2026-08-30 00:32,2045227432,18.60,80.30,0.00,236
2026-08-30 00:34,2045347432,18.70,80.30,0.00,223
2026-08-30 00:36,2045467432,18.60,80.30,0.00,274
2026-08-30 00:38,2045587432,18.70,80.40,0.00,195
2026-08-30 00:40,2045707432,18.60,80.50,0.00,202
2026-08-30 00:42,2045827432,18.70,80.30,0.00,236
2026-08-30 00:44,2045947432,18.70,80.20,0.00,228
2026-08-30 00:46,2046067432,18.60,80.40,0.00,202
2026-08-30 00:48,2046187432,18.60,80.40,0.00,193
2026-08-30 00:50,2046307432,18.60,80.20,0.00,217
2026-08-30 00:52,2046427432,18.60,80.00,0.00,198
2026-08-30 00:54,2046547432,18.50,80.10,0.00,227
2026-08-30 00:56,2046667432,18.60,80.20,0.00,207
2026-08-30 00:58,2046787432,18.60,80.10,0.00,214
2026-08-30 01:00,2046907432,18.60,80.10,0.00,181
2026-08-30 01:02,2047027432,18.50,80.30,0.00,201
2026-08-30 01:04,2047147432,18.60,80.30,0.00,189
2026-08-30 01:06,2047267432,18.60,80.10,0.00,246
2026-08-30 01:08,2047387432,18.60,80.00,0.00,219
2026-08-30 01:10,2047507432,18.50,80.20,0.00,228
2026-08-30 01:12,2047627432,18.50,80.60,0.00,166
2026-08-30 01:14,2047747432,18.50,80.50,0.00,207
2026-08-30 01:16,2047867432,18.50,80.30,0.00,191
2026-08-30 01:18,2047987432,18.50,80.50,0.00,176
2026-08-30 01:20,2048107432,18.60,80.60,0.00,200
2026-08-30 01:22,2048227432,18.50,80.50,0.00,236
2026-08-30 01:24,2048347432,18.60,80.50,0.00,222
2026-08-30 01:26,2048467432,18.60,80.40,0.00,242
2026-08-30 01:28,2048587432,18.50,80.40,0.00,244
2026-08-30 01:30,2048707432,18.50,80.40,0.00,197
2026-08-30 01:32,2048827432,18.40,80.30,0.00,157
2026-08-30 01:34,2048947432,18.50,80.20,0.00,211
2026-08-30 01:36,2049067432,18.50,80.20,0.00,246
2026-08-30 01:38,2049187432,18.40,80.10,0.00,210
2026-08-30 01:40,2049307432,18.30,80.40,0.00,210
2026-08-30 01:42,2049427432,18.40,80.20,0.00,219
2026-08-30 01:44,2049547432,18.40,80.20,0.00,218
2026-08-30 01:46,2049667432,18.40,80.20,0.00,249
2026-08-30 01:48,2049787432,18.40,80.20,0.00,203
2026-08-30 01:50,2049907432,18.40,80.20,0.00,209
2026-08-30 01:52,2050027432,18.40,80.30,0.00,203
2026-08-30 01:54,2050147432,18.40,80.00,0.00,210
2026-08-30 01:56,2050267432,18.40,80.20,0.00,213
2026-08-30 01:58,2050387440,18.30,80.20,0.00,207
2026-08-30 02:00,2050507440,18.40,80.20,0.00,214
2026-08-30 02:02,2050627440,18.40,80.40,0.00,186
2026-08-30 02:04,2050747440,18.40,80.30,0.00,237
2026-08-30 02:06,2050867440,18.40,81.20,0.00,211
2026-08-30 02:08,2050987440,18.40,81.00,0.00,210
2026-08-30 02:10,2051107440,18.40,80.70,0.00,230
2026-08-30 02:12,2051227440,18.40,80.60,0.00,206
2026-08-30 02:14,2051347440,18.40,80.50,0.00,209
2026-08-30 02:16,2051467440,18.40,80.70,0.00,197
2026-08-30 02:18,2051587440,18.40,81.10,0.00,223
2026-08-30 02:20,2051707440,18.40,80.60,0.00,236
2026-08-30 02:22,2051827440,18.40,80.60,0.00,270
2026-08-30 02:24,2051947440,18.40,80.60,0.00,189
2026-08-30 02:26,2052067440,18.40,80.40,0.00,186
2026-08-30 02:28,2052187440,18.40,80.60,0.00,192
2026-08-30 02:30,2052307440,18.40,80.30,0.00,210
2026-08-30 02:32,2052427440,18.30,80.30,0.00,179
2026-08-30 02:34,2052547440,18.30,80.30,0.00,219
2026-08-30 02:36,2052667440,18.30,80.10,0.00,271
2026-08-30 02:38,2052787440,18.30,80.40,0.00,207
2026-08-30 02:40,2052907440,18.20,80.20,0.00,180
2026-08-30 02:42,2053027440,18.30,80.40,0.00,187
2026-08-30 02:44,2053147440,18.30,80.50,0.00,196
2026-08-30 02:46,2053267440,18.30,80.90,0.00,184
2026-08-30 02:48,2053387440,18.20,80.60,0.00,215
2026-08-30 02:50,2053507440,18.30,80.70,0.00,204
2026-08-30 02:52,2053627440,18.30,80.50,0.00,200
2026-08-30 02:54,2053747440,18.20,80.60,0.00,276
2026-08-30 02:56,2053867440,18.20,80.80,0.00,212
2026-08-30 02:58,2053987440,18.20,81.00,0.00,232
2026-08-30 03:00,2054107440,18.20,80.90,0.00,192
2026-08-30 03:02,2054227440,18.20,80.90,0.00,202
2026-08-30 03:04,2054347440,18.20,81.20,0.00,194
2026-08-30 03:06,2054467440,18.20,80.90,0.00,203
2026-08-30 03:08,2054587440,18.20,80.80,0.00,189
2026-08-30 03:10,2054707440,18.30,81.00,0.00,215
2026-08-30 03:12,2054827440,18.20,81.00,0.00,175
2026-08-30 03:14,2054947440,18.20,80.80,0.00,205
2026-08-30 03:16,2055067440,18.20,81.10,0.00,196
2026-08-30 03:18,2055187440,18.30,81.40,0.00,196
2026-08-30 03:20,2055307443,18.20,81.30,0.00,193
2026-08-30 03:22,2055427443,18.30,80.90,0.00,186
2026-08-30 03:24,2055547443,18.10,80.90,0.00,193
2026-08-30 03:26,2055667443,18.20,80.60,0.00,204
2026-08-30 03:28,2055787443,18.20,80.60,0.00,196
2026-08-30 03:30,2055907443,18.10,80.80,0.00,199
2026-08-30 03:32,2056027443,18.10,80.60,0.00,197
2026-08-30 03:34,2056147443,18.10,80.80,50.83,186
2026-08-30 03:36,2056267443,18.10,80.40,50.83,198
2026-08-30 03:38,2056387443,18.10,80.30,49.17,192
2026-08-30 03:40,2056507443,18.20,80.40,49.17,238
2026-08-30 03:42,2056627443,18.10,80.30,48.33,214
2026-08-30 03:44,2056747443,18.10,80.30,49.17,201
2026-08-30 03:46,2056867443,18.10,80.20,47.50,209
2026-08-30 03:48,2056987443,18.00,80.20,48.33,264
2026-08-30 03:50,2057107443,18.00,80.30,48.33,202
2026-08-30 03:52,2057227443,18.00,80.40,47.50,200
2026-08-30 03:54,2057347443,18.00,80.40,47.50,175
2026-08-30 03:56,2057467443,18.00,80.40,47.50,200
2026-08-30 03:58,2057587443,18.00,80.20,47.50,234
2026-08-30 04:00,2057707443,17.90,80.50,47.50,177
2026-08-30 04:04,2057947443,18.00,80.40,47.50,204
2026-08-30 04:06,2058067443,18.00,80.40,46.67,233
2026-08-30 04:08,2058187443,18.00,80.40,46.67,201
2026-08-30 04:10,2058307443,17.90,80.40,47.50,185
2026-08-30 04:12,2058427443,18.00,80.10,47.50,197
2026-08-30 04:14,2058547443,17.90,80.30,46.67,210
2026-08-30 04:16,2058667443,17.90,81.00,47.50,183
2026-08-30 04:22,2059027443,17.90,80.50,46.67,249
2026-08-30 04:24,2059147443,17.80,80.70,47.50,181
2026-08-30 04:26,2059267443,17.90,80.20,46.67,209
2026-08-30 04:30,2059507443,17.90,80.50,46.67,197
2026-08-30 04:32,2059627443,17.70,80.30,46.67,190
2026-08-30 04:34,2059747443,17.80,80.30,46.67,167
2026-08-30 04:36,2059867443,17.90,80.30,46.67,211
2026-08-30 04:38,2059987443,17.70,80.10,47.50,224
2026-08-30 04:40,2060107443,17.70,80.50,47.50,204
2026-08-30 04:42,2060227443,17.70,80.50,47.50,203
2026-08-30 04:44,2060347443,17.80,80.60,46.67,170
2026-08-30 04:46,2060467443,17.70,80.40,46.67,226
2026-08-30 04:48,2060587443,17.70,80.30,46.67,197
2026-08-30 04:50,2060707443,17.70,80.40,46.67,207
2026-08-30 04:52,2060827443,17.70,80.20,46.67,214
2026-08-30 04:54,2060947443,17.70,80.20,46.67,199
2026-08-30 04:56,2061067443,17.70,80.20,46.67,234
2026-08-30 04:58,2061187443,17.70,80.20,47.50,195
2026-08-30 05:00,2061307443,17.60,80.50,46.67,193
2026-08-30 05:02,2061427443,17.50,80.30,47.50,208
2026-08-30 05:04,2061547443,17.60,80.40,46.67,192
2026-08-30 05:06,2061667443,17.60,80.30,46.67,217
2026-08-30 05:08,2061787443,17.60,80.30,47.50,236
2026-08-30 05:10,2061907443,17.60,80.60,47.50,187
2026-08-30 05:12,2062027443,17.50,80.40,46.67,209
2026-08-30 05:14,2062147443,17.60,80.50,47.50,210
2026-08-30 05:16,2062267443,17.50,80.50,47.50,196
2026-08-30 05:18,2062387443,17.50,80.60,46.67,200
2026-08-30 05:20,2062507443,17.50,80.40,47.50,218
2026-08-30 05:22,2062627443,17.50,80.30,47.50,214
2026-08-30 05:24,2062747443,17.60,80.40,46.67,279
2026-08-30 05:26,2062867443,17.50,80.30,46.67,201
2026-08-30 05:28,2062987443,17.40,80.60,46.67,185
2026-08-30 05:30,2063107443,17.40,80.50,46.67,191
2026-08-30 05:32,2063227443,17.40,80.30,47.50,206
2026-08-30 05:34,2063347443,17.40,80.50,46.67,227
2026-08-30 05:38,2063587443,17.40,80.40,47.50,176
2026-08-30 05:42,2063827443,17.40,80.40,46.67,200
2026-08-30 05:44,2063947443,17.40,80.40,46.67,211
2026-08-30 05:46,2064067443,17.30,80.30,47.50,228
2026-08-30 05:50,2064307443,17.40,80.20,46.67,245
2026-08-30 05:52,2064427443,17.30,80.20,47.50,211
2026-08-30 05:54,2064547443,17.20,80.30,46.67,212
2026-08-30 05:56,2064667443,17.20,80.30,46.67,204
2026-08-30 05:58,2064787443,17.20,80.40,47.50,262
2026-08-30 06:00,2064907443,17.40,80.30,46.67,240
2026-08-30 06:02,2065027443,17.20,80.40,46.67,174
2026-08-30 06:04,2065147443,17.30,80.30,46.67,195
2026-08-30 06:06,2065267443,17.30,80.50,46.67,220
2026-08-30 06:08,2065387443,17.10,80.40,46.67,219
2026-08-30 06:10,2065507443,17.10,80.40,47.50,200
2026-08-30 06:12,2065627443,17.10,80.60,47.50,220
2026-08-30 06:14,2065747443,17.10,80.40,46.67,173
2026-08-30 06:16,2065867443,17.00,80.70,46.67,222
2026-08-30 06:18,2065987443,17.00,80.90,46.67,206
2026-08-30 06:20,2066107443,17.00,80.60,47.50,193
2026-08-30 06:22,2066227443,17.10,80.80,47.50,169
